=== UTC-якорь (начало) ===
Sat Aug  8 07:31:01 UTC 2026
=== личность вызывающего (начало) ===
     Credentialed Accounts
ACTIVE  ACCOUNT
*       ilyasbazarov4@gmail.com

To set the active account, run:
    $ gcloud config set account `ACCOUNT`

целевых transaction_id: 11
объектов для скачивания: 387
Copying gs://msklad-raw-msklad-bi-prod/demand/incremental/run_1784678402.4233057.ndjson.gz to file://raw_archives/run_1784678402.4233057.ndjson.gz
Copying gs://msklad-raw-msklad-bi-prod/demand/incremental/run_1784682002.6788948.ndjson.gz to file://raw_archives/run_1784682002.6788948.ndjson.gz
  
..........Copying gs://msklad-raw-msklad-bi-prod/demand/incremental/run_1784685602.6556678.ndjson.gz to file://raw_archives/run_1784685602.6556678.ndjson.gz
..Copying gs://msklad-raw-msklad-bi-prod/demand/incremental/run_1784689202.4953086.ndjson.gz to file://raw_archives/run_1784689202.4953086.ndjson.gz
.........Copying gs://msklad-raw-msklad-bi-prod/demand/incremental/run_1784692802.7760227.ndjson.gz to file://raw_archives/run_1784692802.7760227.ndjson.gz
..Copying gs://msklad-raw-msklad-bi-prod/demand/incremental/run_1784696402.8321893.ndjson.gz to file://raw_archives/run_1784696402.8321893.ndjson.gz
.......Copying gs://msklad-raw-msklad-bi-prod/demand/incremental/run_1784700002.78969.ndjson.gz to file://raw_archives/run_1784700002.78969.ndjson.gz
...Copying gs://msklad-raw-msklad-bi-prod/demand/incremental/run_1784703602.8150074.ndjson.gz to file://raw_archives/run_1784703602.8150074.ndjson.gz
.......Copying gs://msklad-raw-msklad-bi-prod/demand/incremental/run_1784707202.4497173.ndjson.gz to file://raw_archives/run_1784707202.4497173.ndjson.gz
..Copying gs://msklad-raw-msklad-bi-prod/demand/incremental/run_1784710802.8057003.ndjson.gz to file://raw_archives/run_1784710802.8057003.ndjson.gz
......Copying gs://msklad-raw-msklad-bi-prod/demand/incremental/run_1784714402.6546822.ndjson.gz to file://raw_archives/run_1784714402.6546822.ndjson.gz
...Copying gs://msklad-raw-msklad-bi-prod/demand/incremental/run_1784718002.532628.ndjson.gz to file://raw_archives/run_1784718002.532628.ndjson.gz
......Copying gs://msklad-raw-msklad-bi-prod/demand/incremental/run_1784721602.3913343.ndjson.gz to file://raw_archives/run_1784721602.3913343.ndjson.gz
...Copying gs://msklad-raw-msklad-bi-prod/demand/incremental/run_1784725202.702467.ndjson.gz to file://raw_archives/run_1784725202.702467.ndjson.gz
......Copying gs://msklad-raw-msklad-bi-prod/demand/incremental/run_1784728802.5484586.ndjson.gz to file://raw_archives/run_1784728802.5484586.ndjson.gz
...Copying gs://msklad-raw-msklad-bi-prod/demand/incremental/run_1784732403.1971612.ndjson.gz to file://raw_archives/run_1784732403.1971612.ndjson.gz
......Copying gs://msklad-raw-msklad-bi-prod/demand/incremental/run_1784736002.7360098.ndjson.gz to file://raw_archives/run_1784736002.7360098.ndjson.gz
...Copying gs://msklad-raw-msklad-bi-prod/demand/incremental/run_1784739602.4641325.ndjson.gz to file://raw_archives/run_1784739602.4641325.ndjson.gz
......Copying gs://msklad-raw-msklad-bi-prod/demand/incremental/run_1784743202.7187614.ndjson.gz to file://raw_archives/run_1784743202.7187614.ndjson.gz
...Copying gs://msklad-raw-msklad-bi-prod/demand/incremental/run_1784746802.6174364.ndjson.gz to file://raw_archives/run_1784746802.6174364.ndjson.gz
......Copying gs://msklad-raw-msklad-bi-prod/demand/incremental/run_1784750402.7556715.ndjson.gz to file://raw_archives/run_1784750402.7556715.ndjson.gz
...Copying gs://msklad-raw-msklad-bi-prod/demand/incremental/run_1784754002.1760113.ndjson.gz to file://raw_archives/run_1784754002.1760113.ndjson.gz
...........Copying gs://msklad-raw-msklad-bi-prod/demand/incremental/run_1784757602.6418803.ndjson.gz to file://raw_archives/run_1784757602.6418803.ndjson.gz
...Copying gs://msklad-raw-msklad-bi-prod/demand/incremental/run_1784761202.4553015.ndjson.gz to file://raw_archives/run_1784761202.4553015.ndjson.gz
...Copying gs://msklad-raw-msklad-bi-prod/demand/incremental/run_1784764802.461499.ndjson.gz to file://raw_archives/run_1784764802.461499.ndjson.gz
....Copying gs://msklad-raw-msklad-bi-prod/demand/incremental/run_1784768402.3698454.ndjson.gz to file://raw_archives/run_1784768402.3698454.ndjson.gz
.....Copying gs://msklad-raw-msklad-bi-prod/demand/incremental/run_1784772002.3897614.ndjson.gz to file://raw_archives/run_1784772002.3897614.ndjson.gz
....Copying gs://msklad-raw-msklad-bi-prod/demand/incremental/run_1784775602.6512923.ndjson.gz to file://raw_archives/run_1784775602.6512923.ndjson.gz
......Copying gs://msklad-raw-msklad-bi-prod/demand/incremental/run_1784782803.018173.ndjson.gz to file://raw_archives/run_1784782803.018173.ndjson.gz
...Copying gs://msklad-raw-msklad-bi-prod/demand/incremental/run_1784786402.6493018.ndjson.gz to file://raw_archives/run_1784786402.6493018.ndjson.gz
............Copying gs://msklad-raw-msklad-bi-prod/demand/incremental/run_1784790002.6894896.ndjson.gz to file://raw_archives/run_1784790002.6894896.ndjson.gz
........Copying gs://msklad-raw-msklad-bi-prod/demand/incremental/run_1784793602.752039.ndjson.gz to file://raw_archives/run_1784793602.752039.ndjson.gz
..Copying gs://msklad-raw-msklad-bi-prod/demand/incremental/run_1784797202.749631.ndjson.gz to file://raw_archives/run_1784797202.749631.ndjson.gz
.......Copying gs://msklad-raw-msklad-bi-prod/demand/incremental/run_1784800802.4267986.ndjson.gz to file://raw_archives/run_1784800802.4267986.ndjson.gz
...Copying gs://msklad-raw-msklad-bi-prod/demand/incremental/run_1784804402.7573092.ndjson.gz to file://raw_archives/run_1784804402.7573092.ndjson.gz
......Copying gs://msklad-raw-msklad-bi-prod/demand/incremental/run_1784808002.4371042.ndjson.gz to file://raw_archives/run_1784808002.4371042.ndjson.gz
...Copying gs://msklad-raw-msklad-bi-prod/demand/incremental/run_1784811602.7059808.ndjson.gz to file://raw_archives/run_1784811602.7059808.ndjson.gz
.......Copying gs://msklad-raw-msklad-bi-prod/demand/incremental/run_1784815202.7901103.ndjson.gz to file://raw_archives/run_1784815202.7901103.ndjson.gz
..Copying gs://msklad-raw-msklad-bi-prod/demand/incremental/run_1784818802.6680522.ndjson.gz to file://raw_archives/run_1784818802.6680522.ndjson.gz
...Copying gs://msklad-raw-msklad-bi-prod/demand/incremental/run_1784822402.7369993.ndjson.gz to file://raw_archives/run_1784822402.7369993.ndjson.gz
......Copying gs://msklad-raw-msklad-bi-prod/demand/incremental/run_1784826002.3702893.ndjson.gz to file://raw_archives/run_1784826002.3702893.ndjson.gz
......Copying gs://msklad-raw-msklad-bi-prod/demand/incremental/run_1784829602.6639633.ndjson.gz to file://raw_archives/run_1784829602.6639633.ndjson.gz
......Copying gs://msklad-raw-msklad-bi-prod/demand/incremental/run_1784833202.6490302.ndjson.gz to file://raw_archives/run_1784833202.6490302.ndjson.gz
..Copying gs://msklad-raw-msklad-bi-prod/demand/incremental/run_1784836802.6597788.ndjson.gz to file://raw_archives/run_1784836802.6597788.ndjson.gz
....Copying gs://msklad-raw-msklad-bi-prod/demand/incremental/run_1784840402.770047.ndjson.gz to file://raw_archives/run_1784840402.770047.ndjson.gz
...Copying gs://msklad-raw-msklad-bi-prod/demand/incremental/run_1784844002.311636.ndjson.gz to file://raw_archives/run_1784844002.311636.ndjson.gz
......Copying gs://msklad-raw-msklad-bi-prod/demand/incremental/run_1784847602.6742287.ndjson.gz to file://raw_archives/run_1784847602.6742287.ndjson.gz
....Copying gs://msklad-raw-msklad-bi-prod/demand/incremental/run_1784851202.3072069.ndjson.gz to file://raw_archives/run_1784851202.3072069.ndjson.gz
...Copying gs://msklad-raw-msklad-bi-prod/demand/incremental/run_1784854802.4207685.ndjson.gz to file://raw_archives/run_1784854802.4207685.ndjson.gz
....Copying gs://msklad-raw-msklad-bi-prod/demand/incremental/run_1784858402.4562986.ndjson.gz to file://raw_archives/run_1784858402.4562986.ndjson.gz
..Copying gs://msklad-raw-msklad-bi-prod/demand/incremental/run_1784862002.7812538.ndjson.gz to file://raw_archives/run_1784862002.7812538.ndjson.gz
.....Copying gs://msklad-raw-msklad-bi-prod/demand/incremental/run_1784865602.6683435.ndjson.gz to file://raw_archives/run_1784865602.6683435.ndjson.gz
....Copying gs://msklad-raw-msklad-bi-prod/demand/incremental/run_1784869202.4725175.ndjson.gz to file://raw_archives/run_1784869202.4725175.ndjson.gz
.......Copying gs://msklad-raw-msklad-bi-prod/demand/incremental/run_1784872802.6957483.ndjson.gz to file://raw_archives/run_1784872802.6957483.ndjson.gz
.......Copying gs://msklad-raw-msklad-bi-prod/demand/incremental/run_1784876402.736737.ndjson.gz to file://raw_archives/run_1784876402.736737.ndjson.gz
.......Copying gs://msklad-raw-msklad-bi-prod/demand/incremental/run_1784880002.5187025.ndjson.gz to file://raw_archives/run_1784880002.5187025.ndjson.gz
....Copying gs://msklad-raw-msklad-bi-prod/demand/incremental/run_1784883602.7253802.ndjson.gz to file://raw_archives/run_1784883602.7253802.ndjson.gz
.......Copying gs://msklad-raw-msklad-bi-prod/demand/incremental/run_1784887202.7106955.ndjson.gz to file://raw_archives/run_1784887202.7106955.ndjson.gz
..Copying gs://msklad-raw-msklad-bi-prod/demand/incremental/run_1784890802.6804824.ndjson.gz to file://raw_archives/run_1784890802.6804824.ndjson.gz
.......Copying gs://msklad-raw-msklad-bi-prod/demand/incremental/run_1784894402.6951852.ndjson.gz to file://raw_archives/run_1784894402.6951852.ndjson.gz
..Copying gs://msklad-raw-msklad-bi-prod/demand/incremental/run_1784898002.3008873.ndjson.gz to file://raw_archives/run_1784898002.3008873.ndjson.gz
......Copying gs://msklad-raw-msklad-bi-prod/demand/incremental/run_1784901602.5211048.ndjson.gz to file://raw_archives/run_1784901602.5211048.ndjson.gz
...Copying gs://msklad-raw-msklad-bi-prod/demand/incremental/run_1784905202.7262578.ndjson.gz to file://raw_archives/run_1784905202.7262578.ndjson.gz
......Copying gs://msklad-raw-msklad-bi-prod/demand/incremental/run_1784908802.7751849.ndjson.gz to file://raw_archives/run_1784908802.7751849.ndjson.gz
...Copying gs://msklad-raw-msklad-bi-prod/demand/incremental/run_1784912402.3298066.ndjson.gz to file://raw_archives/run_1784912402.3298066.ndjson.gz
..Copying gs://msklad-raw-msklad-bi-prod/demand/incremental/run_1784916002.6635668.ndjson.gz to file://raw_archives/run_1784916002.6635668.ndjson.gz
.......Copying gs://msklad-raw-msklad-bi-prod/demand/incremental/run_1784919602.3913288.ndjson.gz to file://raw_archives/run_1784919602.3913288.ndjson.gz
.....Copying gs://msklad-raw-msklad-bi-prod/demand/incremental/run_1784923202.5729504.ndjson.gz to file://raw_archives/run_1784923202.5729504.ndjson.gz
.......Copying gs://msklad-raw-msklad-bi-prod/demand/incremental/run_1784926803.0340273.ndjson.gz to file://raw_archives/run_1784926803.0340273.ndjson.gz
..Copying gs://msklad-raw-msklad-bi-prod/demand/incremental/run_1784930402.3689156.ndjson.gz to file://raw_archives/run_1784930402.3689156.ndjson.gz
.........Copying gs://msklad-raw-msklad-bi-prod/demand/incremental/run_1784934002.4074433.ndjson.gz to file://raw_archives/run_1784934002.4074433.ndjson.gz
.......Copying gs://msklad-raw-msklad-bi-prod/demand/incremental/run_1784937602.6320481.ndjson.gz to file://raw_archives/run_1784937602.6320481.ndjson.gz
.......Copying gs://msklad-raw-msklad-bi-prod/demand/incremental/run_1784941202.6017954.ndjson.gz to file://raw_archives/run_1784941202.6017954.ndjson.gz
....Copying gs://msklad-raw-msklad-bi-prod/demand/incremental/run_1784944802.3961155.ndjson.gz to file://raw_archives/run_1784944802.3961155.ndjson.gz
.....Copying gs://msklad-raw-msklad-bi-prod/demand/incremental/run_1784948402.476824.ndjson.gz to file://raw_archives/run_1784948402.476824.ndjson.gz
....Copying gs://msklad-raw-msklad-bi-prod/demand/incremental/run_1784952002.6545582.ndjson.gz to file://raw_archives/run_1784952002.6545582.ndjson.gz
.....Copying gs://msklad-raw-msklad-bi-prod/demand/incremental/run_1784955602.4601438.ndjson.gz to file://raw_archives/run_1784955602.4601438.ndjson.gz
.......Copying gs://msklad-raw-msklad-bi-prod/demand/incremental/run_1784959202.7298548.ndjson.gz to file://raw_archives/run_1784959202.7298548.ndjson.gz
.......Copying gs://msklad-raw-msklad-bi-prod/demand/incremental/run_1784962802.9045558.ndjson.gz to file://raw_archives/run_1784962802.9045558.ndjson.gz
......Copying gs://msklad-raw-msklad-bi-prod/demand/incremental/run_1784966402.743505.ndjson.gz to file://raw_archives/run_1784966402.743505.ndjson.gz
...Copying gs://msklad-raw-msklad-bi-prod/demand/incremental/run_1784970002.7367587.ndjson.gz to file://raw_archives/run_1784970002.7367587.ndjson.gz
......Copying gs://msklad-raw-msklad-bi-prod/demand/incremental/run_1784973602.872262.ndjson.gz to file://raw_archives/run_1784973602.872262.ndjson.gz
...Copying gs://msklad-raw-msklad-bi-prod/demand/incremental/run_1784977202.446101.ndjson.gz to file://raw_archives/run_1784977202.446101.ndjson.gz
......Copying gs://msklad-raw-msklad-bi-prod/demand/incremental/run_1784980802.7357342.ndjson.gz to file://raw_archives/run_1784980802.7357342.ndjson.gz
...Copying gs://msklad-raw-msklad-bi-prod/demand/incremental/run_1784984402.356168.ndjson.gz to file://raw_archives/run_1784984402.356168.ndjson.gz
...Copying gs://msklad-raw-msklad-bi-prod/demand/incremental/run_1784988002.7876394.ndjson.gz to file://raw_archives/run_1784988002.7876394.ndjson.gz
...Copying gs://msklad-raw-msklad-bi-prod/demand/incremental/run_1784991602.7417006.ndjson.gz to file://raw_archives/run_1784991602.7417006.ndjson.gz
......Copying gs://msklad-raw-msklad-bi-prod/demand/incremental/run_1784995202.899672.ndjson.gz to file://raw_archives/run_1784995202.899672.ndjson.gz
..........Copying gs://msklad-raw-msklad-bi-prod/demand/incremental/run_1784998802.667997.ndjson.gz to file://raw_archives/run_1784998802.667997.ndjson.gz
.....Copying gs://msklad-raw-msklad-bi-prod/demand/incremental/run_1785002402.648608.ndjson.gz to file://raw_archives/run_1785002402.648608.ndjson.gz
..Copying gs://msklad-raw-msklad-bi-prod/demand/incremental/run_1785006003.1200163.ndjson.gz to file://raw_archives/run_1785006003.1200163.ndjson.gz
.......Copying gs://msklad-raw-msklad-bi-prod/demand/incremental/run_1785009602.7090433.ndjson.gz to file://raw_archives/run_1785009602.7090433.ndjson.gz
..Copying gs://msklad-raw-msklad-bi-prod/demand/incremental/run_1785013202.750936.ndjson.gz to file://raw_archives/run_1785013202.750936.ndjson.gz
...Copying gs://msklad-raw-msklad-bi-prod/demand/incremental/run_1785016802.4079313.ndjson.gz to file://raw_archives/run_1785016802.4079313.ndjson.gz
....Copying gs://msklad-raw-msklad-bi-prod/demand/incremental/run_1785020402.622859.ndjson.gz to file://raw_archives/run_1785020402.622859.ndjson.gz
..Copying gs://msklad-raw-msklad-bi-prod/demand/incremental/run_1785024002.46941.ndjson.gz to file://raw_archives/run_1785024002.46941.ndjson.gz
..Copying gs://msklad-raw-msklad-bi-prod/demand/incremental/run_1785027602.6972744.ndjson.gz to file://raw_archives/run_1785027602.6972744.ndjson.gz
.......Copying gs://msklad-raw-msklad-bi-prod/demand/incremental/run_1785031202.6392944.ndjson.gz to file://raw_archives/run_1785031202.6392944.ndjson.gz
..Copying gs://msklad-raw-msklad-bi-prod/demand/incremental/run_1785034802.755264.ndjson.gz to file://raw_archives/run_1785034802.755264.ndjson.gz
.......Copying gs://msklad-raw-msklad-bi-prod/demand/incremental/run_1785038402.7511878.ndjson.gz to file://raw_archives/run_1785038402.7511878.ndjson.gz
.....Copying gs://msklad-raw-msklad-bi-prod/demand/incremental/run_1785042002.6856954.ndjson.gz to file://raw_archives/run_1785042002.6856954.ndjson.gz
..Copying gs://msklad-raw-msklad-bi-prod/demand/incremental/run_1785045602.7615874.ndjson.gz to file://raw_archives/run_1785045602.7615874.ndjson.gz
..Copying gs://msklad-raw-msklad-bi-prod/demand/incremental/run_1785049202.6946888.ndjson.gz to file://raw_archives/run_1785049202.6946888.ndjson.gz
..Copying gs://msklad-raw-msklad-bi-prod/demand/incremental/run_1785052802.729139.ndjson.gz to file://raw_archives/run_1785052802.729139.ndjson.gz
..Copying gs://msklad-raw-msklad-bi-prod/demand/incremental/run_1785056402.4981651.ndjson.gz to file://raw_archives/run_1785056402.4981651.ndjson.gz
.......Copying gs://msklad-raw-msklad-bi-prod/demand/incremental/run_1785060002.4559941.ndjson.gz to file://raw_archives/run_1785060002.4559941.ndjson.gz
...Copying gs://msklad-raw-msklad-bi-prod/demand/incremental/run_1785063602.5197666.ndjson.gz to file://raw_archives/run_1785063602.5197666.ndjson.gz
........Copying gs://msklad-raw-msklad-bi-prod/demand/incremental/run_1785067202.4489102.ndjson.gz to file://raw_archives/run_1785067202.4489102.ndjson.gz
...Copying gs://msklad-raw-msklad-bi-prod/demand/incremental/run_1785070802.6901364.ndjson.gz to file://raw_archives/run_1785070802.6901364.ndjson.gz
...Copying gs://msklad-raw-msklad-bi-prod/demand/incremental/run_1785074402.420293.ndjson.gz to file://raw_archives/run_1785074402.420293.ndjson.gz
...Copying gs://msklad-raw-msklad-bi-prod/demand/incremental/run_1785078002.4720683.ndjson.gz to file://raw_archives/run_1785078002.4720683.ndjson.gz
......Copying gs://msklad-raw-msklad-bi-prod/demand/incremental/run_1785081602.7991025.ndjson.gz to file://raw_archives/run_1785081602.7991025.ndjson.gz
...Copying gs://msklad-raw-msklad-bi-prod/demand/incremental/run_1785085202.647563.ndjson.gz to file://raw_archives/run_1785085202.647563.ndjson.gz
......Copying gs://msklad-raw-msklad-bi-prod/demand/incremental/run_1785088802.6035614.ndjson.gz to file://raw_archives/run_1785088802.6035614.ndjson.gz
.........Copying gs://msklad-raw-msklad-bi-prod/demand/incremental/run_1785092402.688415.ndjson.gz to file://raw_archives/run_1785092402.688415.ndjson.gz
....Copying gs://msklad-raw-msklad-bi-prod/demand/incremental/run_1785096002.3819969.ndjson.gz to file://raw_archives/run_1785096002.3819969.ndjson.gz
...Copying gs://msklad-raw-msklad-bi-prod/demand/incremental/run_1785099602.3353543.ndjson.gz to file://raw_archives/run_1785099602.3353543.ndjson.gz
....Copying gs://msklad-raw-msklad-bi-prod/demand/incremental/run_1785103202.6248608.ndjson.gz to file://raw_archives/run_1785103202.6248608.ndjson.gz
.....Copying gs://msklad-raw-msklad-bi-prod/demand/incremental/run_1785106802.5940044.ndjson.gz to file://raw_archives/run_1785106802.5940044.ndjson.gz
....Copying gs://msklad-raw-msklad-bi-prod/demand/incremental/run_1785110402.692637.ndjson.gz to file://raw_archives/run_1785110402.692637.ndjson.gz
...Copying gs://msklad-raw-msklad-bi-prod/demand/incremental/run_1785114002.5814614.ndjson.gz to file://raw_archives/run_1785114002.5814614.ndjson.gz
..Copying gs://msklad-raw-msklad-bi-prod/demand/incremental/run_1785117602.4410229.ndjson.gz to file://raw_archives/run_1785117602.4410229.ndjson.gz
.......Copying gs://msklad-raw-msklad-bi-prod/demand/incremental/run_1785121202.6015756.ndjson.gz to file://raw_archives/run_1785121202.6015756.ndjson.gz
..Copying gs://msklad-raw-msklad-bi-prod/demand/incremental/run_1785124802.6042101.ndjson.gz to file://raw_archives/run_1785124802.6042101.ndjson.gz
.......Copying gs://msklad-raw-msklad-bi-prod/demand/incremental/run_1785128402.741787.ndjson.gz to file://raw_archives/run_1785128402.741787.ndjson.gz
..Copying gs://msklad-raw-msklad-bi-prod/demand/incremental/run_1785132002.6090984.ndjson.gz to file://raw_archives/run_1785132002.6090984.ndjson.gz
.......Copying gs://msklad-raw-msklad-bi-prod/demand/incremental/run_1785135602.6931133.ndjson.gz to file://raw_archives/run_1785135602.6931133.ndjson.gz
..Copying gs://msklad-raw-msklad-bi-prod/demand/incremental/run_1785139202.6372237.ndjson.gz to file://raw_archives/run_1785139202.6372237.ndjson.gz
.......Copying gs://msklad-raw-msklad-bi-prod/demand/incremental/run_1785142802.4635437.ndjson.gz to file://raw_archives/run_1785142802.4635437.ndjson.gz
..Copying gs://msklad-raw-msklad-bi-prod/demand/incremental/run_1785146402.736975.ndjson.gz to file://raw_archives/run_1785146402.736975.ndjson.gz
..Copying gs://msklad-raw-msklad-bi-prod/demand/incremental/run_1785150002.349993.ndjson.gz to file://raw_archives/run_1785150002.349993.ndjson.gz
..Copying gs://msklad-raw-msklad-bi-prod/demand/incremental/run_1785153602.7215674.ndjson.gz to file://raw_archives/run_1785153602.7215674.ndjson.gz
..Copying gs://msklad-raw-msklad-bi-prod/demand/incremental/run_1785157202.7134354.ndjson.gz to file://raw_archives/run_1785157202.7134354.ndjson.gz
..Copying gs://msklad-raw-msklad-bi-prod/demand/incremental/run_1785160802.5102866.ndjson.gz to file://raw_archives/run_1785160802.5102866.ndjson.gz
....Copying gs://msklad-raw-msklad-bi-prod/demand/incremental/run_1785164402.7843473.ndjson.gz to file://raw_archives/run_1785164402.7843473.ndjson.gz
.............Copying gs://msklad-raw-msklad-bi-prod/demand/incremental/run_1785168002.8019388.ndjson.gz to file://raw_archives/run_1785168002.8019388.ndjson.gz
...Copying gs://msklad-raw-msklad-bi-prod/demand/incremental/run_1785171602.8282838.ndjson.gz to file://raw_archives/run_1785171602.8282838.ndjson.gz
..Copying gs://msklad-raw-msklad-bi-prod/demand/incremental/run_1785175202.4081345.ndjson.gz to file://raw_archives/run_1785175202.4081345.ndjson.gz
..Copying gs://msklad-raw-msklad-bi-prod/demand/incremental/run_1785178802.3772383.ndjson.gz to file://raw_archives/run_1785178802.3772383.ndjson.gz
..Copying gs://msklad-raw-msklad-bi-prod/demand/incremental/run_1785182402.682088.ndjson.gz to file://raw_archives/run_1785182402.682088.ndjson.gz
..Copying gs://msklad-raw-msklad-bi-prod/demand/incremental/run_1785186002.7825766.ndjson.gz to file://raw_archives/run_1785186002.7825766.ndjson.gz
..Copying gs://msklad-raw-msklad-bi-prod/demand/incremental/run_1785189602.7008872.ndjson.gz to file://raw_archives/run_1785189602.7008872.ndjson.gz
...Copying gs://msklad-raw-msklad-bi-prod/demand/incremental/run_1785193202.6557395.ndjson.gz to file://raw_archives/run_1785193202.6557395.ndjson.gz
...Copying gs://msklad-raw-msklad-bi-prod/demand/incremental/run_1785196803.1375494.ndjson.gz to file://raw_archives/run_1785196803.1375494.ndjson.gz
..Copying gs://msklad-raw-msklad-bi-prod/demand/incremental/run_1785200402.3712761.ndjson.gz to file://raw_archives/run_1785200402.3712761.ndjson.gz
..Copying gs://msklad-raw-msklad-bi-prod/demand/incremental/run_1785204002.5972307.ndjson.gz to file://raw_archives/run_1785204002.5972307.ndjson.gz
.......Copying gs://msklad-raw-msklad-bi-prod/demand/incremental/run_1785207602.4230664.ndjson.gz to file://raw_archives/run_1785207602.4230664.ndjson.gz
..Copying gs://msklad-raw-msklad-bi-prod/demand/incremental/run_1785211202.6573584.ndjson.gz to file://raw_archives/run_1785211202.6573584.ndjson.gz
..Copying gs://msklad-raw-msklad-bi-prod/demand/incremental/run_1785214802.7227833.ndjson.gz to file://raw_archives/run_1785214802.7227833.ndjson.gz
..........Copying gs://msklad-raw-msklad-bi-prod/demand/incremental/run_1785218402.3808386.ndjson.gz to file://raw_archives/run_1785218402.3808386.ndjson.gz
.....Copying gs://msklad-raw-msklad-bi-prod/demand/incremental/run_1785222002.3699417.ndjson.gz to file://raw_archives/run_1785222002.3699417.ndjson.gz
..Copying gs://msklad-raw-msklad-bi-prod/demand/incremental/run_1785225602.4484818.ndjson.gz to file://raw_archives/run_1785225602.4484818.ndjson.gz
..Copying gs://msklad-raw-msklad-bi-prod/demand/incremental/run_1785229202.7943773.ndjson.gz to file://raw_archives/run_1785229202.7943773.ndjson.gz
..Copying gs://msklad-raw-msklad-bi-prod/demand/incremental/run_1785232802.6519248.ndjson.gz to file://raw_archives/run_1785232802.6519248.ndjson.gz
..Copying gs://msklad-raw-msklad-bi-prod/demand/incremental/run_1785236402.3868773.ndjson.gz to file://raw_archives/run_1785236402.3868773.ndjson.gz
...Copying gs://msklad-raw-msklad-bi-prod/demand/incremental/run_1785240002.692375.ndjson.gz to file://raw_archives/run_1785240002.692375.ndjson.gz
..Copying gs://msklad-raw-msklad-bi-prod/demand/incremental/run_1785243602.3948278.ndjson.gz to file://raw_archives/run_1785243602.3948278.ndjson.gz
..Copying gs://msklad-raw-msklad-bi-prod/demand/incremental/run_1785247202.6725779.ndjson.gz to file://raw_archives/run_1785247202.6725779.ndjson.gz
..Copying gs://msklad-raw-msklad-bi-prod/demand/incremental/run_1785250802.8335795.ndjson.gz to file://raw_archives/run_1785250802.8335795.ndjson.gz
...Copying gs://msklad-raw-msklad-bi-prod/demand/incremental/run_1785254402.6686227.ndjson.gz to file://raw_archives/run_1785254402.6686227.ndjson.gz
...Copying gs://msklad-raw-msklad-bi-prod/demand/incremental/run_1785258002.6752625.ndjson.gz to file://raw_archives/run_1785258002.6752625.ndjson.gz
..Copying gs://msklad-raw-msklad-bi-prod/demand/incremental/run_1785261602.703532.ndjson.gz to file://raw_archives/run_1785261602.703532.ndjson.gz
..Copying gs://msklad-raw-msklad-bi-prod/demand/incremental/run_1785265202.7278574.ndjson.gz to file://raw_archives/run_1785265202.7278574.ndjson.gz
..Copying gs://msklad-raw-msklad-bi-prod/demand/incremental/run_1785272402.6683345.ndjson.gz to file://raw_archives/run_1785272402.6683345.ndjson.gz
..Copying gs://msklad-raw-msklad-bi-prod/demand/incremental/run_1785276002.3779144.ndjson.gz to file://raw_archives/run_1785276002.3779144.ndjson.gz
...Copying gs://msklad-raw-msklad-bi-prod/demand/incremental/run_1785279602.44292.ndjson.gz to file://raw_archives/run_1785279602.44292.ndjson.gz
..........Copying gs://msklad-raw-msklad-bi-prod/demand/incremental/run_1785283202.641358.ndjson.gz to file://raw_archives/run_1785283202.641358.ndjson.gz
...Copying gs://msklad-raw-msklad-bi-prod/demand/incremental/run_1785286802.3942327.ndjson.gz to file://raw_archives/run_1785286802.3942327.ndjson.gz
...........Copying gs://msklad-raw-msklad-bi-prod/demand/incremental/run_1785290402.3082516.ndjson.gz to file://raw_archives/run_1785290402.3082516.ndjson.gz
..Copying gs://msklad-raw-msklad-bi-prod/demand/incremental/run_1785294002.441859.ndjson.gz to file://raw_archives/run_1785294002.441859.ndjson.gz
..Copying gs://msklad-raw-msklad-bi-prod/demand/incremental/run_1785297602.8378808.ndjson.gz to file://raw_archives/run_1785297602.8378808.ndjson.gz
..Copying gs://msklad-raw-msklad-bi-prod/demand/incremental/run_1785409200.7335894.ndjson.gz to file://raw_archives/run_1785409200.7335894.ndjson.gz
..Copying gs://msklad-raw-msklad-bi-prod/demand/incremental/run_1785412802.3836248.ndjson.gz to file://raw_archives/run_1785412802.3836248.ndjson.gz
..Copying gs://msklad-raw-msklad-bi-prod/demand/incremental/run_1785416402.716512.ndjson.gz to file://raw_archives/run_1785416402.716512.ndjson.gz
..Copying gs://msklad-raw-msklad-bi-prod/demand/incremental/run_1785420002.426745.ndjson.gz to file://raw_archives/run_1785420002.426745.ndjson.gz
..Copying gs://msklad-raw-msklad-bi-prod/demand/incremental/run_1785423602.429217.ndjson.gz to file://raw_archives/run_1785423602.429217.ndjson.gz
..Copying gs://msklad-raw-msklad-bi-prod/demand/incremental/run_1785427202.7511954.ndjson.gz to file://raw_archives/run_1785427202.7511954.ndjson.gz
...Copying gs://msklad-raw-msklad-bi-prod/demand/incremental/run_1785430802.7432852.ndjson.gz to file://raw_archives/run_1785430802.7432852.ndjson.gz
..Copying gs://msklad-raw-msklad-bi-prod/demand/incremental/run_1785434402.7480865.ndjson.gz to file://raw_archives/run_1785434402.7480865.ndjson.gz
.......Copying gs://msklad-raw-msklad-bi-prod/demand/incremental/run_1785438002.6583986.ndjson.gz to file://raw_archives/run_1785438002.6583986.ndjson.gz
.........Copying gs://msklad-raw-msklad-bi-prod/demand/incremental/run_1785441602.3744574.ndjson.gz to file://raw_archives/run_1785441602.3744574.ndjson.gz
........Copying gs://msklad-raw-msklad-bi-prod/demand/incremental/run_1785445202.6452823.ndjson.gz to file://raw_archives/run_1785445202.6452823.ndjson.gz
...Copying gs://msklad-raw-msklad-bi-prod/demand/incremental/run_1785448802.6633074.ndjson.gz to file://raw_archives/run_1785448802.6633074.ndjson.gz
...Copying gs://msklad-raw-msklad-bi-prod/demand/incremental/run_1785452402.7155247.ndjson.gz to file://raw_archives/run_1785452402.7155247.ndjson.gz
......Copying gs://msklad-raw-msklad-bi-prod/demand/incremental/run_1785456002.3784206.ndjson.gz to file://raw_archives/run_1785456002.3784206.ndjson.gz
......Copying gs://msklad-raw-msklad-bi-prod/demand/incremental/run_1785459602.3746657.ndjson.gz to file://raw_archives/run_1785459602.3746657.ndjson.gz
...Copying gs://msklad-raw-msklad-bi-prod/demand/incremental/run_1785463202.6414807.ndjson.gz to file://raw_archives/run_1785463202.6414807.ndjson.gz
......Copying gs://msklad-raw-msklad-bi-prod/demand/incremental/run_1785466802.6377778.ndjson.gz to file://raw_archives/run_1785466802.6377778.ndjson.gz
....Copying gs://msklad-raw-msklad-bi-prod/demand/incremental/run_1785470402.8625119.ndjson.gz to file://raw_archives/run_1785470402.8625119.ndjson.gz
.....Copying gs://msklad-raw-msklad-bi-prod/demand/incremental/run_1785474002.6453621.ndjson.gz to file://raw_archives/run_1785474002.6453621.ndjson.gz
....Copying gs://msklad-raw-msklad-bi-prod/demand/incremental/run_1785477602.7448037.ndjson.gz to file://raw_archives/run_1785477602.7448037.ndjson.gz
.....Copying gs://msklad-raw-msklad-bi-prod/demand/incremental/run_1785481202.384431.ndjson.gz to file://raw_archives/run_1785481202.384431.ndjson.gz
....Copying gs://msklad-raw-msklad-bi-prod/demand/incremental/run_1785484802.7275898.ndjson.gz to file://raw_archives/run_1785484802.7275898.ndjson.gz
.....Copying gs://msklad-raw-msklad-bi-prod/demand/incremental/run_1785488402.545512.ndjson.gz to file://raw_archives/run_1785488402.545512.ndjson.gz
.....Copying gs://msklad-raw-msklad-bi-prod/demand/incremental/run_1785492002.8186915.ndjson.gz to file://raw_archives/run_1785492002.8186915.ndjson.gz
......Copying gs://msklad-raw-msklad-bi-prod/demand/incremental/run_1785495602.7688107.ndjson.gz to file://raw_archives/run_1785495602.7688107.ndjson.gz
...Copying gs://msklad-raw-msklad-bi-prod/demand/incremental/run_1785499202.799563.ndjson.gz to file://raw_archives/run_1785499202.799563.ndjson.gz
...Copying gs://msklad-raw-msklad-bi-prod/demand/incremental/run_1785502802.7845662.ndjson.gz to file://raw_archives/run_1785502802.7845662.ndjson.gz
...Copying gs://msklad-raw-msklad-bi-prod/demand/incremental/run_1785506402.7495732.ndjson.gz to file://raw_archives/run_1785506402.7495732.ndjson.gz
..Copying gs://msklad-raw-msklad-bi-prod/demand/incremental/run_1785510002.4042401.ndjson.gz to file://raw_archives/run_1785510002.4042401.ndjson.gz
.......Copying gs://msklad-raw-msklad-bi-prod/demand/incremental/run_1785513602.3435938.ndjson.gz to file://raw_archives/run_1785513602.3435938.ndjson.gz
...Copying gs://msklad-raw-msklad-bi-prod/demand/incremental/run_1785517202.743991.ndjson.gz to file://raw_archives/run_1785517202.743991.ndjson.gz
......Copying gs://msklad-raw-msklad-bi-prod/demand/incremental/run_1785520802.6950645.ndjson.gz to file://raw_archives/run_1785520802.6950645.ndjson.gz
.........Copying gs://msklad-raw-msklad-bi-prod/demand/incremental/run_1785524402.5882726.ndjson.gz to file://raw_archives/run_1785524402.5882726.ndjson.gz
.......Copying gs://msklad-raw-msklad-bi-prod/demand/incremental/run_1785528002.6461554.ndjson.gz to file://raw_archives/run_1785528002.6461554.ndjson.gz
..Copying gs://msklad-raw-msklad-bi-prod/demand/incremental/run_1785531602.1082246.ndjson.gz to file://raw_archives/run_1785531602.1082246.ndjson.gz
.......Copying gs://msklad-raw-msklad-bi-prod/demand/incremental/run_1785535202.6596227.ndjson.gz to file://raw_archives/run_1785535202.6596227.ndjson.gz
..Copying gs://msklad-raw-msklad-bi-prod/demand/incremental/run_1785538802.6248791.ndjson.gz to file://raw_archives/run_1785538802.6248791.ndjson.gz
.......Copying gs://msklad-raw-msklad-bi-prod/demand/incremental/run_1785542402.8799338.ndjson.gz to file://raw_archives/run_1785542402.8799338.ndjson.gz
...Copying gs://msklad-raw-msklad-bi-prod/demand/incremental/run_1785546002.3755257.ndjson.gz to file://raw_archives/run_1785546002.3755257.ndjson.gz
.......Copying gs://msklad-raw-msklad-bi-prod/demand/incremental/run_1785549602.4608076.ndjson.gz to file://raw_archives/run_1785549602.4608076.ndjson.gz
..Copying gs://msklad-raw-msklad-bi-prod/demand/incremental/run_1785553202.7414558.ndjson.gz to file://raw_archives/run_1785553202.7414558.ndjson.gz
.......Copying gs://msklad-raw-msklad-bi-prod/demand/incremental/run_1785556802.767019.ndjson.gz to file://raw_archives/run_1785556802.767019.ndjson.gz
..Copying gs://msklad-raw-msklad-bi-prod/demand/incremental/run_1785560403.0292175.ndjson.gz to file://raw_archives/run_1785560403.0292175.ndjson.gz
.......Copying gs://msklad-raw-msklad-bi-prod/demand/incremental/run_1785564002.452597.ndjson.gz to file://raw_archives/run_1785564002.452597.ndjson.gz
..Copying gs://msklad-raw-msklad-bi-prod/demand/incremental/run_1785567602.7884176.ndjson.gz to file://raw_archives/run_1785567602.7884176.ndjson.gz
.......Copying gs://msklad-raw-msklad-bi-prod/demand/incremental/run_1785571202.449191.ndjson.gz to file://raw_archives/run_1785571202.449191.ndjson.gz
..Copying gs://msklad-raw-msklad-bi-prod/demand/incremental/run_1785574803.5138285.ndjson.gz to file://raw_archives/run_1785574803.5138285.ndjson.gz
.......Copying gs://msklad-raw-msklad-bi-prod/demand/incremental/run_1785578402.7792783.ndjson.gz to file://raw_archives/run_1785578402.7792783.ndjson.gz
...Copying gs://msklad-raw-msklad-bi-prod/demand/incremental/run_1785582003.511804.ndjson.gz to file://raw_archives/run_1785582003.511804.ndjson.gz
.....Copying gs://msklad-raw-msklad-bi-prod/demand/incremental/run_1785585602.4972513.ndjson.gz to file://raw_archives/run_1785585602.4972513.ndjson.gz
....Copying gs://msklad-raw-msklad-bi-prod/demand/incremental/run_1785589202.3975084.ndjson.gz to file://raw_archives/run_1785589202.3975084.ndjson.gz
.....Copying gs://msklad-raw-msklad-bi-prod/demand/incremental/run_1785592803.2798095.ndjson.gz to file://raw_archives/run_1785592803.2798095.ndjson.gz
....Copying gs://msklad-raw-msklad-bi-prod/demand/incremental/run_1785596402.7035832.ndjson.gz to file://raw_archives/run_1785596402.7035832.ndjson.gz
..Copying gs://msklad-raw-msklad-bi-prod/demand/incremental/run_1785600002.8107257.ndjson.gz to file://raw_archives/run_1785600002.8107257.ndjson.gz
..Copying gs://msklad-raw-msklad-bi-prod/demand/incremental/run_1785603602.328669.ndjson.gz to file://raw_archives/run_1785603602.328669.ndjson.gz
..Copying gs://msklad-raw-msklad-bi-prod/demand/incremental/run_1785607202.673309.ndjson.gz to file://raw_archives/run_1785607202.673309.ndjson.gz
...Copying gs://msklad-raw-msklad-bi-prod/demand/incremental/run_1785610802.5804825.ndjson.gz to file://raw_archives/run_1785610802.5804825.ndjson.gz
..Copying gs://msklad-raw-msklad-bi-prod/demand/incremental/run_1785614402.8242154.ndjson.gz to file://raw_archives/run_1785614402.8242154.ndjson.gz
..Copying gs://msklad-raw-msklad-bi-prod/demand/incremental/run_1785618002.877793.ndjson.gz to file://raw_archives/run_1785618002.877793.ndjson.gz
..Copying gs://msklad-raw-msklad-bi-prod/demand/incremental/run_1785621602.6550093.ndjson.gz to file://raw_archives/run_1785621602.6550093.ndjson.gz
..Copying gs://msklad-raw-msklad-bi-prod/demand/incremental/run_1785625202.6293364.ndjson.gz to file://raw_archives/run_1785625202.6293364.ndjson.gz
..Copying gs://msklad-raw-msklad-bi-prod/demand/incremental/run_1785628802.7327018.ndjson.gz to file://raw_archives/run_1785628802.7327018.ndjson.gz
...Copying gs://msklad-raw-msklad-bi-prod/demand/incremental/run_1785632402.4072099.ndjson.gz to file://raw_archives/run_1785632402.4072099.ndjson.gz
..Copying gs://msklad-raw-msklad-bi-prod/demand/incremental/run_1785636002.3358884.ndjson.gz to file://raw_archives/run_1785636002.3358884.ndjson.gz
..Copying gs://msklad-raw-msklad-bi-prod/demand/incremental/run_1785639603.489794.ndjson.gz to file://raw_archives/run_1785639603.489794.ndjson.gz
..Copying gs://msklad-raw-msklad-bi-prod/demand/incremental/run_1785643202.6414933.ndjson.gz to file://raw_archives/run_1785643202.6414933.ndjson.gz
..Copying gs://msklad-raw-msklad-bi-prod/demand/incremental/run_1785646802.3901112.ndjson.gz to file://raw_archives/run_1785646802.3901112.ndjson.gz
..Copying gs://msklad-raw-msklad-bi-prod/demand/incremental/run_1785650402.7131386.ndjson.gz to file://raw_archives/run_1785650402.7131386.ndjson.gz
..Copying gs://msklad-raw-msklad-bi-prod/demand/incremental/run_1785654002.7475376.ndjson.gz to file://raw_archives/run_1785654002.7475376.ndjson.gz
..Copying gs://msklad-raw-msklad-bi-prod/demand/incremental/run_1785657602.4886553.ndjson.gz to file://raw_archives/run_1785657602.4886553.ndjson.gz
..Copying gs://msklad-raw-msklad-bi-prod/demand/incremental/run_1785661202.696733.ndjson.gz to file://raw_archives/run_1785661202.696733.ndjson.gz
..Copying gs://msklad-raw-msklad-bi-prod/demand/incremental/run_1785664802.762554.ndjson.gz to file://raw_archives/run_1785664802.762554.ndjson.gz
...Copying gs://msklad-raw-msklad-bi-prod/demand/incremental/run_1785668402.395162.ndjson.gz to file://raw_archives/run_1785668402.395162.ndjson.gz
..Copying gs://msklad-raw-msklad-bi-prod/demand/incremental/run_1785672002.6987154.ndjson.gz to file://raw_archives/run_1785672002.6987154.ndjson.gz
..Copying gs://msklad-raw-msklad-bi-prod/demand/incremental/run_1785675602.6965718.ndjson.gz to file://raw_archives/run_1785675602.6965718.ndjson.gz
..Copying gs://msklad-raw-msklad-bi-prod/demand/incremental/run_1785679202.7753236.ndjson.gz to file://raw_archives/run_1785679202.7753236.ndjson.gz
..Copying gs://msklad-raw-msklad-bi-prod/demand/incremental/run_1785682802.6958594.ndjson.gz to file://raw_archives/run_1785682802.6958594.ndjson.gz
..Copying gs://msklad-raw-msklad-bi-prod/demand/incremental/run_1785686404.0268512.ndjson.gz to file://raw_archives/run_1785686404.0268512.ndjson.gz
..Copying gs://msklad-raw-msklad-bi-prod/demand/incremental/run_1785690003.2598941.ndjson.gz to file://raw_archives/run_1785690003.2598941.ndjson.gz
...Copying gs://msklad-raw-msklad-bi-prod/demand/incremental/run_1785693602.870655.ndjson.gz to file://raw_archives/run_1785693602.870655.ndjson.gz
..Copying gs://msklad-raw-msklad-bi-prod/demand/incremental/run_1785697202.4988062.ndjson.gz to file://raw_archives/run_1785697202.4988062.ndjson.gz
..Copying gs://msklad-raw-msklad-bi-prod/demand/incremental/run_1785700803.2691295.ndjson.gz to file://raw_archives/run_1785700803.2691295.ndjson.gz
..Copying gs://msklad-raw-msklad-bi-prod/demand/incremental/run_1785704402.6772683.ndjson.gz to file://raw_archives/run_1785704402.6772683.ndjson.gz
..Copying gs://msklad-raw-msklad-bi-prod/demand/incremental/run_1785708002.7651021.ndjson.gz to file://raw_archives/run_1785708002.7651021.ndjson.gz
..Copying gs://msklad-raw-msklad-bi-prod/demand/incremental/run_1785711602.6856632.ndjson.gz to file://raw_archives/run_1785711602.6856632.ndjson.gz
..Copying gs://msklad-raw-msklad-bi-prod/demand/incremental/run_1785715202.5949843.ndjson.gz to file://raw_archives/run_1785715202.5949843.ndjson.gz
...Copying gs://msklad-raw-msklad-bi-prod/demand/incremental/run_1785718802.3596096.ndjson.gz to file://raw_archives/run_1785718802.3596096.ndjson.gz
..Copying gs://msklad-raw-msklad-bi-prod/demand/incremental/run_1785722402.7884002.ndjson.gz to file://raw_archives/run_1785722402.7884002.ndjson.gz
..Copying gs://msklad-raw-msklad-bi-prod/demand/incremental/run_1785726002.3499205.ndjson.gz to file://raw_archives/run_1785726002.3499205.ndjson.gz
..Copying gs://msklad-raw-msklad-bi-prod/demand/incremental/run_1785729602.6888826.ndjson.gz to file://raw_archives/run_1785729602.6888826.ndjson.gz
..Copying gs://msklad-raw-msklad-bi-prod/demand/incremental/run_1785733202.617646.ndjson.gz to file://raw_archives/run_1785733202.617646.ndjson.gz
..Copying gs://msklad-raw-msklad-bi-prod/demand/incremental/run_1785736802.39506.ndjson.gz to file://raw_archives/run_1785736802.39506.ndjson.gz
..Copying gs://msklad-raw-msklad-bi-prod/demand/incremental/run_1785740402.7321935.ndjson.gz to file://raw_archives/run_1785740402.7321935.ndjson.gz
..Copying gs://msklad-raw-msklad-bi-prod/demand/incremental/run_1785744002.6091156.ndjson.gz to file://raw_archives/run_1785744002.6091156.ndjson.gz
...Copying gs://msklad-raw-msklad-bi-prod/demand/incremental/run_1785747602.791349.ndjson.gz to file://raw_archives/run_1785747602.791349.ndjson.gz
..Copying gs://msklad-raw-msklad-bi-prod/demand/incremental/run_1785751202.9817152.ndjson.gz to file://raw_archives/run_1785751202.9817152.ndjson.gz
..Copying gs://msklad-raw-msklad-bi-prod/demand/incremental/run_1785754802.4033442.ndjson.gz to file://raw_archives/run_1785754802.4033442.ndjson.gz
..Copying gs://msklad-raw-msklad-bi-prod/demand/incremental/run_1785758402.7416053.ndjson.gz to file://raw_archives/run_1785758402.7416053.ndjson.gz
..Copying gs://msklad-raw-msklad-bi-prod/demand/incremental/run_1785762002.8896735.ndjson.gz to file://raw_archives/run_1785762002.8896735.ndjson.gz
..Copying gs://msklad-raw-msklad-bi-prod/demand/incremental/run_1785765603.9366794.ndjson.gz to file://raw_archives/run_1785765603.9366794.ndjson.gz
..Copying gs://msklad-raw-msklad-bi-prod/demand/incremental/run_1785769202.712613.ndjson.gz to file://raw_archives/run_1785769202.712613.ndjson.gz
...Copying gs://msklad-raw-msklad-bi-prod/demand/incremental/run_1785772802.981247.ndjson.gz to file://raw_archives/run_1785772802.981247.ndjson.gz
..Copying gs://msklad-raw-msklad-bi-prod/demand/incremental/run_1785776402.4924536.ndjson.gz to file://raw_archives/run_1785776402.4924536.ndjson.gz
..Copying gs://msklad-raw-msklad-bi-prod/demand/incremental/run_1785780003.0450466.ndjson.gz to file://raw_archives/run_1785780003.0450466.ndjson.gz
...Copying gs://msklad-raw-msklad-bi-prod/demand/incremental/run_1785783602.3570569.ndjson.gz to file://raw_archives/run_1785783602.3570569.ndjson.gz
..Copying gs://msklad-raw-msklad-bi-prod/demand/incremental/run_1785787202.4698086.ndjson.gz to file://raw_archives/run_1785787202.4698086.ndjson.gz
..Copying gs://msklad-raw-msklad-bi-prod/demand/incremental/run_1785790802.6115015.ndjson.gz to file://raw_archives/run_1785790802.6115015.ndjson.gz
..Copying gs://msklad-raw-msklad-bi-prod/demand/incremental/run_1785794402.5670245.ndjson.gz to file://raw_archives/run_1785794402.5670245.ndjson.gz
...Copying gs://msklad-raw-msklad-bi-prod/demand/incremental/run_1785798002.6276243.ndjson.gz to file://raw_archives/run_1785798002.6276243.ndjson.gz
..Copying gs://msklad-raw-msklad-bi-prod/demand/incremental/run_1785801602.7154934.ndjson.gz to file://raw_archives/run_1785801602.7154934.ndjson.gz
..Copying gs://msklad-raw-msklad-bi-prod/demand/incremental/run_1785805202.9341505.ndjson.gz to file://raw_archives/run_1785805202.9341505.ndjson.gz
..Copying gs://msklad-raw-msklad-bi-prod/demand/incremental/run_1785808802.6414003.ndjson.gz to file://raw_archives/run_1785808802.6414003.ndjson.gz
.......Copying gs://msklad-raw-msklad-bi-prod/demand/incremental/run_1785812402.782646.ndjson.gz to file://raw_archives/run_1785812402.782646.ndjson.gz
..Copying gs://msklad-raw-msklad-bi-prod/demand/incremental/run_1785816002.6586618.ndjson.gz to file://raw_archives/run_1785816002.6586618.ndjson.gz
..Copying gs://msklad-raw-msklad-bi-prod/demand/incremental/run_1785819602.6475034.ndjson.gz to file://raw_archives/run_1785819602.6475034.ndjson.gz
..Copying gs://msklad-raw-msklad-bi-prod/demand/incremental/run_1785823202.756033.ndjson.gz to file://raw_archives/run_1785823202.756033.ndjson.gz
..Copying gs://msklad-raw-msklad-bi-prod/demand/incremental/run_1785826802.678559.ndjson.gz to file://raw_archives/run_1785826802.678559.ndjson.gz
..Copying gs://msklad-raw-msklad-bi-prod/demand/incremental/run_1785830402.5832717.ndjson.gz to file://raw_archives/run_1785830402.5832717.ndjson.gz
...Copying gs://msklad-raw-msklad-bi-prod/demand/incremental/run_1785834002.516528.ndjson.gz to file://raw_archives/run_1785834002.516528.ndjson.gz
..Copying gs://msklad-raw-msklad-bi-prod/demand/incremental/run_1785837602.4634724.ndjson.gz to file://raw_archives/run_1785837602.4634724.ndjson.gz
..Copying gs://msklad-raw-msklad-bi-prod/demand/incremental/run_1785844802.7816193.ndjson.gz to file://raw_archives/run_1785844802.7816193.ndjson.gz
..Copying gs://msklad-raw-msklad-bi-prod/demand/incremental/run_1785848402.4348629.ndjson.gz to file://raw_archives/run_1785848402.4348629.ndjson.gz
..Copying gs://msklad-raw-msklad-bi-prod/demand/incremental/run_1785852002.809951.ndjson.gz to file://raw_archives/run_1785852002.809951.ndjson.gz
..Copying gs://msklad-raw-msklad-bi-prod/demand/incremental/run_1785855603.380316.ndjson.gz to file://raw_archives/run_1785855603.380316.ndjson.gz
...Copying gs://msklad-raw-msklad-bi-prod/demand/incremental/run_1785859202.5626173.ndjson.gz to file://raw_archives/run_1785859202.5626173.ndjson.gz
..Copying gs://msklad-raw-msklad-bi-prod/demand/incremental/run_1785862802.4032416.ndjson.gz to file://raw_archives/run_1785862802.4032416.ndjson.gz
..Copying gs://msklad-raw-msklad-bi-prod/demand/incremental/run_1785866402.7841399.ndjson.gz to file://raw_archives/run_1785866402.7841399.ndjson.gz
..Copying gs://msklad-raw-msklad-bi-prod/demand/incremental/run_1785870002.3842716.ndjson.gz to file://raw_archives/run_1785870002.3842716.ndjson.gz
...Copying gs://msklad-raw-msklad-bi-prod/demand/incremental/run_1785873602.6964922.ndjson.gz to file://raw_archives/run_1785873602.6964922.ndjson.gz
..Copying gs://msklad-raw-msklad-bi-prod/demand/incremental/run_1785877202.6875706.ndjson.gz to file://raw_archives/run_1785877202.6875706.ndjson.gz
..Copying gs://msklad-raw-msklad-bi-prod/demand/incremental/run_1785880802.68925.ndjson.gz to file://raw_archives/run_1785880802.68925.ndjson.gz
..Copying gs://msklad-raw-msklad-bi-prod/demand/incremental/run_1785884403.248465.ndjson.gz to file://raw_archives/run_1785884403.248465.ndjson.gz
..Copying gs://msklad-raw-msklad-bi-prod/demand/incremental/run_1785888002.594775.ndjson.gz to file://raw_archives/run_1785888002.594775.ndjson.gz
...Copying gs://msklad-raw-msklad-bi-prod/demand/incremental/run_1785891602.6497319.ndjson.gz to file://raw_archives/run_1785891602.6497319.ndjson.gz
..Copying gs://msklad-raw-msklad-bi-prod/demand/incremental/run_1785895202.6964488.ndjson.gz to file://raw_archives/run_1785895202.6964488.ndjson.gz
..Copying gs://msklad-raw-msklad-bi-prod/demand/incremental/run_1785898802.4184642.ndjson.gz to file://raw_archives/run_1785898802.4184642.ndjson.gz
...Copying gs://msklad-raw-msklad-bi-prod/demand/incremental/run_1785902402.5739956.ndjson.gz to file://raw_archives/run_1785902402.5739956.ndjson.gz
..Copying gs://msklad-raw-msklad-bi-prod/demand/incremental/run_1785906002.7931464.ndjson.gz to file://raw_archives/run_1785906002.7931464.ndjson.gz
.....Copying gs://msklad-raw-msklad-bi-prod/demand/incremental/run_1785909602.4547296.ndjson.gz to file://raw_archives/run_1785909602.4547296.ndjson.gz
..Copying gs://msklad-raw-msklad-bi-prod/demand/incremental/run_1785913203.2495654.ndjson.gz to file://raw_archives/run_1785913203.2495654.ndjson.gz
..Copying gs://msklad-raw-msklad-bi-prod/demand/incremental/run_1785916803.379453.ndjson.gz to file://raw_archives/run_1785916803.379453.ndjson.gz
..Copying gs://msklad-raw-msklad-bi-prod/demand/incremental/run_1785920402.7007732.ndjson.gz to file://raw_archives/run_1785920402.7007732.ndjson.gz
..Copying gs://msklad-raw-msklad-bi-prod/demand/incremental/run_1785924002.6726959.ndjson.gz to file://raw_archives/run_1785924002.6726959.ndjson.gz
...Copying gs://msklad-raw-msklad-bi-prod/demand/incremental/run_1785927602.5055156.ndjson.gz to file://raw_archives/run_1785927602.5055156.ndjson.gz
...Copying gs://msklad-raw-msklad-bi-prod/demand/incremental/run_1785931202.7674108.ndjson.gz to file://raw_archives/run_1785931202.7674108.ndjson.gz
..Copying gs://msklad-raw-msklad-bi-prod/demand/incremental/run_1785934802.7485654.ndjson.gz to file://raw_archives/run_1785934802.7485654.ndjson.gz
..Copying gs://msklad-raw-msklad-bi-prod/demand/incremental/run_1785938402.5778613.ndjson.gz to file://raw_archives/run_1785938402.5778613.ndjson.gz
..Copying gs://msklad-raw-msklad-bi-prod/demand/incremental/run_1785942002.5039985.ndjson.gz to file://raw_archives/run_1785942002.5039985.ndjson.gz
..Copying gs://msklad-raw-msklad-bi-prod/demand/incremental/run_1785945602.7407427.ndjson.gz to file://raw_archives/run_1785945602.7407427.ndjson.gz
..Copying gs://msklad-raw-msklad-bi-prod/demand/incremental/run_1785949203.0540495.ndjson.gz to file://raw_archives/run_1785949203.0540495.ndjson.gz
...Copying gs://msklad-raw-msklad-bi-prod/demand/incremental/run_1785952803.1763763.ndjson.gz to file://raw_archives/run_1785952803.1763763.ndjson.gz
...Copying gs://msklad-raw-msklad-bi-prod/demand/incremental/run_1785956402.4939709.ndjson.gz to file://raw_archives/run_1785956402.4939709.ndjson.gz
..Copying gs://msklad-raw-msklad-bi-prod/demand/incremental/run_1785960002.8501182.ndjson.gz to file://raw_archives/run_1785960002.8501182.ndjson.gz
....Copying gs://msklad-raw-msklad-bi-prod/demand/incremental/run_1785963602.7767074.ndjson.gz to file://raw_archives/run_1785963602.7767074.ndjson.gz
..Copying gs://msklad-raw-msklad-bi-prod/demand/incremental/run_1785967202.498696.ndjson.gz to file://raw_archives/run_1785967202.498696.ndjson.gz
...Copying gs://msklad-raw-msklad-bi-prod/demand/incremental/run_1785970802.6690826.ndjson.gz to file://raw_archives/run_1785970802.6690826.ndjson.gz
..Copying gs://msklad-raw-msklad-bi-prod/demand/incremental/run_1785974402.7194645.ndjson.gz to file://raw_archives/run_1785974402.7194645.ndjson.gz
....Copying gs://msklad-raw-msklad-bi-prod/demand/incremental/run_1785978002.6782684.ndjson.gz to file://raw_archives/run_1785978002.6782684.ndjson.gz
...Copying gs://msklad-raw-msklad-bi-prod/demand/incremental/run_1785981602.4972212.ndjson.gz to file://raw_archives/run_1785981602.4972212.ndjson.gz
..Copying gs://msklad-raw-msklad-bi-prod/demand/incremental/run_1785985202.3920977.ndjson.gz to file://raw_archives/run_1785985202.3920977.ndjson.gz
..Copying gs://msklad-raw-msklad-bi-prod/demand/incremental/run_1785988802.7190967.ndjson.gz to file://raw_archives/run_1785988802.7190967.ndjson.gz
..Copying gs://msklad-raw-msklad-bi-prod/demand/incremental/run_1785992402.4569366.ndjson.gz to file://raw_archives/run_1785992402.4569366.ndjson.gz
..Copying gs://msklad-raw-msklad-bi-prod/demand/incremental/run_1785996002.7689388.ndjson.gz to file://raw_archives/run_1785996002.7689388.ndjson.gz
..Copying gs://msklad-raw-msklad-bi-prod/demand/incremental/run_1785999602.7789898.ndjson.gz to file://raw_archives/run_1785999602.7789898.ndjson.gz
...Copying gs://msklad-raw-msklad-bi-prod/demand/incremental/run_1786003202.8016527.ndjson.gz to file://raw_archives/run_1786003202.8016527.ndjson.gz
..Copying gs://msklad-raw-msklad-bi-prod/demand/incremental/run_1786006803.1897929.ndjson.gz to file://raw_archives/run_1786006803.1897929.ndjson.gz
..Copying gs://msklad-raw-msklad-bi-prod/demand/incremental/run_1786010402.7103586.ndjson.gz to file://raw_archives/run_1786010402.7103586.ndjson.gz
..Copying gs://msklad-raw-msklad-bi-prod/demand/incremental/run_1786014002.7316427.ndjson.gz to file://raw_archives/run_1786014002.7316427.ndjson.gz
..Copying gs://msklad-raw-msklad-bi-prod/demand/incremental/run_1786017602.7916217.ndjson.gz to file://raw_archives/run_1786017602.7916217.ndjson.gz
..Copying gs://msklad-raw-msklad-bi-prod/demand/incremental/run_1786021202.4428384.ndjson.gz to file://raw_archives/run_1786021202.4428384.ndjson.gz
..Copying gs://msklad-raw-msklad-bi-prod/demand/incremental/run_1786024802.4633377.ndjson.gz to file://raw_archives/run_1786024802.4633377.ndjson.gz
..Copying gs://msklad-raw-msklad-bi-prod/demand/incremental/run_1786028402.8285356.ndjson.gz to file://raw_archives/run_1786028402.8285356.ndjson.gz
..Copying gs://msklad-raw-msklad-bi-prod/demand/incremental/run_1786032002.6906538.ndjson.gz to file://raw_archives/run_1786032002.6906538.ndjson.gz
..Copying gs://msklad-raw-msklad-bi-prod/demand/incremental/run_1786035602.5617573.ndjson.gz to file://raw_archives/run_1786035602.5617573.ndjson.gz
..Copying gs://msklad-raw-msklad-bi-prod/demand/incremental/run_1786039202.7066212.ndjson.gz to file://raw_archives/run_1786039202.7066212.ndjson.gz
....Copying gs://msklad-raw-msklad-bi-prod/demand/incremental/run_1786042802.5986245.ndjson.gz to file://raw_archives/run_1786042802.5986245.ndjson.gz
..Copying gs://msklad-raw-msklad-bi-prod/demand/incremental/run_1786046402.676901.ndjson.gz to file://raw_archives/run_1786046402.676901.ndjson.gz
..Copying gs://msklad-raw-msklad-bi-prod/demand/incremental/run_1786050002.7408717.ndjson.gz to file://raw_archives/run_1786050002.7408717.ndjson.gz
..Copying gs://msklad-raw-msklad-bi-prod/demand/incremental/run_1786053602.299998.ndjson.gz to file://raw_archives/run_1786053602.299998.ndjson.gz
..Copying gs://msklad-raw-msklad-bi-prod/demand/incremental/run_1786057202.734285.ndjson.gz to file://raw_archives/run_1786057202.734285.ndjson.gz
..Copying gs://msklad-raw-msklad-bi-prod/demand/incremental/run_1786060802.667513.ndjson.gz to file://raw_archives/run_1786060802.667513.ndjson.gz
..Copying gs://msklad-raw-msklad-bi-prod/demand/incremental/run_1786064402.7845783.ndjson.gz to file://raw_archives/run_1786064402.7845783.ndjson.gz
...Copying gs://msklad-raw-msklad-bi-prod/demand/incremental/run_1786068002.7508698.ndjson.gz to file://raw_archives/run_1786068002.7508698.ndjson.gz
..Copying gs://msklad-raw-msklad-bi-prod/demand/incremental/run_1786071602.3301847.ndjson.gz to file://raw_archives/run_1786071602.3301847.ndjson.gz
..Copying gs://msklad-raw-msklad-bi-prod/demand/incremental/run_1786075202.4827466.ndjson.gz to file://raw_archives/run_1786075202.4827466.ndjson.gz
..Copying gs://msklad-raw-msklad-bi-prod/demand/incremental/run_1786078802.7179973.ndjson.gz to file://raw_archives/run_1786078802.7179973.ndjson.gz
....Copying gs://msklad-raw-msklad-bi-prod/demand/incremental/run_1786082402.3644044.ndjson.gz to file://raw_archives/run_1786082402.3644044.ndjson.gz
..Copying gs://msklad-raw-msklad-bi-prod/demand/incremental/run_1786086003.172406.ndjson.gz to file://raw_archives/run_1786086003.172406.ndjson.gz
..Copying gs://msklad-raw-msklad-bi-prod/demand/incremental/run_1786089602.6626954.ndjson.gz to file://raw_archives/run_1786089602.6626954.ndjson.gz
..Copying gs://msklad-raw-msklad-bi-prod/demand/incremental/run_1786093202.4856548.ndjson.gz to file://raw_archives/run_1786093202.4856548.ndjson.gz
...Copying gs://msklad-raw-msklad-bi-prod/demand/incremental/run_1786096803.017769.ndjson.gz to file://raw_archives/run_1786096803.017769.ndjson.gz
..Copying gs://msklad-raw-msklad-bi-prod/demand/incremental/run_1786100402.7851574.ndjson.gz to file://raw_archives/run_1786100402.7851574.ndjson.gz
..Copying gs://msklad-raw-msklad-bi-prod/demand/incremental/run_1786104002.5544627.ndjson.gz to file://raw_archives/run_1786104002.5544627.ndjson.gz
..Copying gs://msklad-raw-msklad-bi-prod/demand/incremental/run_1786107602.6107724.ndjson.gz to file://raw_archives/run_1786107602.6107724.ndjson.gz
...Copying gs://msklad-raw-msklad-bi-prod/demand/incremental/run_1786111202.7589524.ndjson.gz to file://raw_archives/run_1786111202.7589524.ndjson.gz
..Copying gs://msklad-raw-msklad-bi-prod/demand/incremental/run_1786114802.9211051.ndjson.gz to file://raw_archives/run_1786114802.9211051.ndjson.gz
..Copying gs://msklad-raw-msklad-bi-prod/demand/incremental/run_1786118402.703116.ndjson.gz to file://raw_archives/run_1786118402.703116.ndjson.gz
..Copying gs://msklad-raw-msklad-bi-prod/demand/incremental/run_1786122002.588528.ndjson.gz to file://raw_archives/run_1786122002.588528.ndjson.gz
..Copying gs://msklad-raw-msklad-bi-prod/demand/incremental/run_1786125602.8026562.ndjson.gz to file://raw_archives/run_1786125602.8026562.ndjson.gz
..Copying gs://msklad-raw-msklad-bi-prod/demand/incremental/run_1786129202.67238.ndjson.gz to file://raw_archives/run_1786129202.67238.ndjson.gz
..Copying gs://msklad-raw-msklad-bi-prod/demand/incremental/run_1786132802.6587486.ndjson.gz to file://raw_archives/run_1786132802.6587486.ndjson.gz
..Copying gs://msklad-raw-msklad-bi-prod/demand/incremental/run_1786136402.6972585.ndjson.gz to file://raw_archives/run_1786136402.6972585.ndjson.gz
...Copying gs://msklad-raw-msklad-bi-prod/demand/incremental/run_1786140002.7527542.ndjson.gz to file://raw_archives/run_1786140002.7527542.ndjson.gz
..Copying gs://msklad-raw-msklad-bi-prod/demand/incremental/run_1786143602.6662776.ndjson.gz to file://raw_archives/run_1786143602.6662776.ndjson.gz
..Copying gs://msklad-raw-msklad-bi-prod/demand/incremental/run_1786147202.8231971.ndjson.gz to file://raw_archives/run_1786147202.8231971.ndjson.gz
..Copying gs://msklad-raw-msklad-bi-prod/demand/incremental/run_1786150802.3321695.ndjson.gz to file://raw_archives/run_1786150802.3321695.ndjson.gz
..Copying gs://msklad-raw-msklad-bi-prod/demand/incremental/run_1786154402.974487.ndjson.gz to file://raw_archives/run_1786154402.974487.ndjson.gz
..Copying gs://msklad-raw-msklad-bi-prod/demand/incremental/run_1786158003.0922842.ndjson.gz to file://raw_archives/run_1786158003.0922842.ndjson.gz
..Copying gs://msklad-raw-msklad-bi-prod/demand/incremental/run_1786161603.8006737.ndjson.gz to file://raw_archives/run_1786161603.8006737.ndjson.gz
..Copying gs://msklad-raw-msklad-bi-prod/demand/incremental/run_1786165202.7078955.ndjson.gz to file://raw_archives/run_1786165202.7078955.ndjson.gz
..Copying gs://msklad-raw-msklad-bi-prod/demand/incremental/run_1786168802.7629924.ndjson.gz to file://raw_archives/run_1786168802.7629924.ndjson.gz
..Copying gs://msklad-raw-msklad-bi-prod/demand/incremental/run_1786172402.4479852.ndjson.gz to file://raw_archives/run_1786172402.4479852.ndjson.gz
..Copying gs://msklad-raw-msklad-bi-prod/demand/incremental/run_verify_deploy_2026-08-07_channel_hourly.ndjson.gz to file://raw_archives/run_verify_deploy_2026-08-07_channel_hourly.ndjson.gz
...Copying gs://msklad-raw-msklad-bi-prod/demand/incremental/run_verify_deploy_2026-08-07_hourly.ndjson.gz to file://raw_archives/run_verify_deploy_2026-08-07_hourly.ndjson.gz
..Copying gs://msklad-raw-msklad-bi-prod/demand/incremental/weekly_run_1785027601.0694113.ndjson.gz to file://raw_archives/weekly_run_1785027601.0694113.ndjson.gz
..Copying gs://msklad-raw-msklad-bi-prod/demand/incremental/weekly_run_1785632400.9535375.ndjson.gz to file://raw_archives/weekly_run_1785632400.9535375.ndjson.gz
............

Average throughput: 38.0kiB/s
файлов обработано: 387
записей обработано: 282351
=== СВОДКА ПО КАЖДОМУ transaction_id ===
0b47b431aaef54236c0c24882a47e9e9 (transaction_date=2026-07-21, revenue_kgs=3250.0): найден в 5 более поздних архивах
    {'source_object': 'gs://msklad-raw-msklad-bi-prod/demand/incremental/run_1784678402.4233057.ndjson.gz', 'demand_id': '55d8aa83-84d2-11f1-0a80-1c8f002fd999', 'position_id': '55d8bb90-84d2-11f1-0a80-1c8f002fd9a2', 'transaction_date_raw': '2026-07-21 10:03:00.000', 'run_id': 1784678402.4233057, '_loaded_at': '2026-07-22T00:01:39.185336+00:00'}
    {'source_object': 'gs://msklad-raw-msklad-bi-prod/demand/incremental/run_1784682002.6788948.ndjson.gz', 'demand_id': '55d8aa83-84d2-11f1-0a80-1c8f002fd999', 'position_id': '55d8bb90-84d2-11f1-0a80-1c8f002fd9a2', 'transaction_date_raw': '2026-07-21 10:03:00.000', 'run_id': 1784682002.6788948, '_loaded_at': '2026-07-22T01:01:10.823660+00:00'}
    {'source_object': 'gs://msklad-raw-msklad-bi-prod/demand/incremental/run_1784685602.6556678.ndjson.gz', 'demand_id': '55d8aa83-84d2-11f1-0a80-1c8f002fd999', 'position_id': '55d8bb90-84d2-11f1-0a80-1c8f002fd9a2', 'transaction_date_raw': '2026-07-21 10:03:00.000', 'run_id': 1784685602.6556678, '_loaded_at': '2026-07-22T02:01:08.005853+00:00'}
    {'source_object': 'gs://msklad-raw-msklad-bi-prod/demand/incremental/run_1784689202.4953086.ndjson.gz', 'demand_id': '55d8aa83-84d2-11f1-0a80-1c8f002fd999', 'position_id': '55d8bb90-84d2-11f1-0a80-1c8f002fd9a2', 'transaction_date_raw': '2026-07-21 10:03:00.000', 'run_id': 1784689202.4953086, '_loaded_at': '2026-07-22T03:01:09.189460+00:00'}
    {'source_object': 'gs://msklad-raw-msklad-bi-prod/demand/incremental/run_1784692802.7760227.ndjson.gz', 'demand_id': '55d8aa83-84d2-11f1-0a80-1c8f002fd999', 'position_id': '55d8bb90-84d2-11f1-0a80-1c8f002fd9a2', 'transaction_date_raw': '2026-07-21 10:03:00.000', 'run_id': 1784692802.7760227, '_loaded_at': '2026-07-22T04:01:09.239045+00:00'}
20d93da5fba41b9110bfecce95608aaf (transaction_date=2026-07-21, revenue_kgs=3480.0): найден в 5 более поздних архивах
    {'source_object': 'gs://msklad-raw-msklad-bi-prod/demand/incremental/run_1784678402.4233057.ndjson.gz', 'demand_id': '55d8aa83-84d2-11f1-0a80-1c8f002fd999', 'position_id': '55d8b9c5-84d2-11f1-0a80-1c8f002fd9a0', 'transaction_date_raw': '2026-07-21 10:03:00.000', 'run_id': 1784678402.4233057, '_loaded_at': '2026-07-22T00:01:39.185336+00:00'}
    {'source_object': 'gs://msklad-raw-msklad-bi-prod/demand/incremental/run_1784682002.6788948.ndjson.gz', 'demand_id': '55d8aa83-84d2-11f1-0a80-1c8f002fd999', 'position_id': '55d8b9c5-84d2-11f1-0a80-1c8f002fd9a0', 'transaction_date_raw': '2026-07-21 10:03:00.000', 'run_id': 1784682002.6788948, '_loaded_at': '2026-07-22T01:01:10.823660+00:00'}
    {'source_object': 'gs://msklad-raw-msklad-bi-prod/demand/incremental/run_1784685602.6556678.ndjson.gz', 'demand_id': '55d8aa83-84d2-11f1-0a80-1c8f002fd999', 'position_id': '55d8b9c5-84d2-11f1-0a80-1c8f002fd9a0', 'transaction_date_raw': '2026-07-21 10:03:00.000', 'run_id': 1784685602.6556678, '_loaded_at': '2026-07-22T02:01:08.005853+00:00'}
    {'source_object': 'gs://msklad-raw-msklad-bi-prod/demand/incremental/run_1784689202.4953086.ndjson.gz', 'demand_id': '55d8aa83-84d2-11f1-0a80-1c8f002fd999', 'position_id': '55d8b9c5-84d2-11f1-0a80-1c8f002fd9a0', 'transaction_date_raw': '2026-07-21 10:03:00.000', 'run_id': 1784689202.4953086, '_loaded_at': '2026-07-22T03:01:09.189460+00:00'}
    {'source_object': 'gs://msklad-raw-msklad-bi-prod/demand/incremental/run_1784692802.7760227.ndjson.gz', 'demand_id': '55d8aa83-84d2-11f1-0a80-1c8f002fd999', 'position_id': '55d8b9c5-84d2-11f1-0a80-1c8f002fd9a0', 'transaction_date_raw': '2026-07-21 10:03:00.000', 'run_id': 1784692802.7760227, '_loaded_at': '2026-07-22T04:01:09.239045+00:00'}
65d08e698b0541471dc772f3d6e91e33 (transaction_date=2026-07-21, revenue_kgs=2610.0): найден в 5 более поздних архивах
    {'source_object': 'gs://msklad-raw-msklad-bi-prod/demand/incremental/run_1784678402.4233057.ndjson.gz', 'demand_id': '55d8aa83-84d2-11f1-0a80-1c8f002fd999', 'position_id': '55d8bc55-84d2-11f1-0a80-1c8f002fd9a3', 'transaction_date_raw': '2026-07-21 10:03:00.000', 'run_id': 1784678402.4233057, '_loaded_at': '2026-07-22T00:01:39.185336+00:00'}
    {'source_object': 'gs://msklad-raw-msklad-bi-prod/demand/incremental/run_1784682002.6788948.ndjson.gz', 'demand_id': '55d8aa83-84d2-11f1-0a80-1c8f002fd999', 'position_id': '55d8bc55-84d2-11f1-0a80-1c8f002fd9a3', 'transaction_date_raw': '2026-07-21 10:03:00.000', 'run_id': 1784682002.6788948, '_loaded_at': '2026-07-22T01:01:10.823660+00:00'}
    {'source_object': 'gs://msklad-raw-msklad-bi-prod/demand/incremental/run_1784685602.6556678.ndjson.gz', 'demand_id': '55d8aa83-84d2-11f1-0a80-1c8f002fd999', 'position_id': '55d8bc55-84d2-11f1-0a80-1c8f002fd9a3', 'transaction_date_raw': '2026-07-21 10:03:00.000', 'run_id': 1784685602.6556678, '_loaded_at': '2026-07-22T02:01:08.005853+00:00'}
    {'source_object': 'gs://msklad-raw-msklad-bi-prod/demand/incremental/run_1784689202.4953086.ndjson.gz', 'demand_id': '55d8aa83-84d2-11f1-0a80-1c8f002fd999', 'position_id': '55d8bc55-84d2-11f1-0a80-1c8f002fd9a3', 'transaction_date_raw': '2026-07-21 10:03:00.000', 'run_id': 1784689202.4953086, '_loaded_at': '2026-07-22T03:01:09.189460+00:00'}
    {'source_object': 'gs://msklad-raw-msklad-bi-prod/demand/incremental/run_1784692802.7760227.ndjson.gz', 'demand_id': '55d8aa83-84d2-11f1-0a80-1c8f002fd999', 'position_id': '55d8bc55-84d2-11f1-0a80-1c8f002fd9a3', 'transaction_date_raw': '2026-07-21 10:03:00.000', 'run_id': 1784692802.7760227, '_loaded_at': '2026-07-22T04:01:09.239045+00:00'}
a4e3b8435c8bada17b55c9cce8484ad6 (transaction_date=2026-07-21, revenue_kgs=3400.0): найден в 5 более поздних архивах
    {'source_object': 'gs://msklad-raw-msklad-bi-prod/demand/incremental/run_1784678402.4233057.ndjson.gz', 'demand_id': '55d8aa83-84d2-11f1-0a80-1c8f002fd999', 'position_id': '55d8b761-84d2-11f1-0a80-1c8f002fd99e', 'transaction_date_raw': '2026-07-21 10:03:00.000', 'run_id': 1784678402.4233057, '_loaded_at': '2026-07-22T00:01:39.185336+00:00'}
    {'source_object': 'gs://msklad-raw-msklad-bi-prod/demand/incremental/run_1784682002.6788948.ndjson.gz', 'demand_id': '55d8aa83-84d2-11f1-0a80-1c8f002fd999', 'position_id': '55d8b761-84d2-11f1-0a80-1c8f002fd99e', 'transaction_date_raw': '2026-07-21 10:03:00.000', 'run_id': 1784682002.6788948, '_loaded_at': '2026-07-22T01:01:10.823660+00:00'}
    {'source_object': 'gs://msklad-raw-msklad-bi-prod/demand/incremental/run_1784685602.6556678.ndjson.gz', 'demand_id': '55d8aa83-84d2-11f1-0a80-1c8f002fd999', 'position_id': '55d8b761-84d2-11f1-0a80-1c8f002fd99e', 'transaction_date_raw': '2026-07-21 10:03:00.000', 'run_id': 1784685602.6556678, '_loaded_at': '2026-07-22T02:01:08.005853+00:00'}
    {'source_object': 'gs://msklad-raw-msklad-bi-prod/demand/incremental/run_1784689202.4953086.ndjson.gz', 'demand_id': '55d8aa83-84d2-11f1-0a80-1c8f002fd999', 'position_id': '55d8b761-84d2-11f1-0a80-1c8f002fd99e', 'transaction_date_raw': '2026-07-21 10:03:00.000', 'run_id': 1784689202.4953086, '_loaded_at': '2026-07-22T03:01:09.189460+00:00'}
    {'source_object': 'gs://msklad-raw-msklad-bi-prod/demand/incremental/run_1784692802.7760227.ndjson.gz', 'demand_id': '55d8aa83-84d2-11f1-0a80-1c8f002fd999', 'position_id': '55d8b761-84d2-11f1-0a80-1c8f002fd99e', 'transaction_date_raw': '2026-07-21 10:03:00.000', 'run_id': 1784692802.7760227, '_loaded_at': '2026-07-22T04:01:09.239045+00:00'}
ab1ae815d0cf68034d9053606b5c3087 (transaction_date=2026-07-21, revenue_kgs=3345.0): найден в 5 более поздних архивах
    {'source_object': 'gs://msklad-raw-msklad-bi-prod/demand/incremental/run_1784678402.4233057.ndjson.gz', 'demand_id': '55d8aa83-84d2-11f1-0a80-1c8f002fd999', 'position_id': '55d8baca-84d2-11f1-0a80-1c8f002fd9a1', 'transaction_date_raw': '2026-07-21 10:03:00.000', 'run_id': 1784678402.4233057, '_loaded_at': '2026-07-22T00:01:39.185336+00:00'}
    {'source_object': 'gs://msklad-raw-msklad-bi-prod/demand/incremental/run_1784682002.6788948.ndjson.gz', 'demand_id': '55d8aa83-84d2-11f1-0a80-1c8f002fd999', 'position_id': '55d8baca-84d2-11f1-0a80-1c8f002fd9a1', 'transaction_date_raw': '2026-07-21 10:03:00.000', 'run_id': 1784682002.6788948, '_loaded_at': '2026-07-22T01:01:10.823660+00:00'}
    {'source_object': 'gs://msklad-raw-msklad-bi-prod/demand/incremental/run_1784685602.6556678.ndjson.gz', 'demand_id': '55d8aa83-84d2-11f1-0a80-1c8f002fd999', 'position_id': '55d8baca-84d2-11f1-0a80-1c8f002fd9a1', 'transaction_date_raw': '2026-07-21 10:03:00.000', 'run_id': 1784685602.6556678, '_loaded_at': '2026-07-22T02:01:08.005853+00:00'}
    {'source_object': 'gs://msklad-raw-msklad-bi-prod/demand/incremental/run_1784689202.4953086.ndjson.gz', 'demand_id': '55d8aa83-84d2-11f1-0a80-1c8f002fd999', 'position_id': '55d8baca-84d2-11f1-0a80-1c8f002fd9a1', 'transaction_date_raw': '2026-07-21 10:03:00.000', 'run_id': 1784689202.4953086, '_loaded_at': '2026-07-22T03:01:09.189460+00:00'}
    {'source_object': 'gs://msklad-raw-msklad-bi-prod/demand/incremental/run_1784692802.7760227.ndjson.gz', 'demand_id': '55d8aa83-84d2-11f1-0a80-1c8f002fd999', 'position_id': '55d8baca-84d2-11f1-0a80-1c8f002fd9a1', 'transaction_date_raw': '2026-07-21 10:03:00.000', 'run_id': 1784692802.7760227, '_loaded_at': '2026-07-22T04:01:09.239045+00:00'}
b0878364dc7ef46e2e1d971aa18be751 (transaction_date=2026-07-21, revenue_kgs=3229.2): найден в 5 более поздних архивах
    {'source_object': 'gs://msklad-raw-msklad-bi-prod/demand/incremental/run_1784678402.4233057.ndjson.gz', 'demand_id': '55d8aa83-84d2-11f1-0a80-1c8f002fd999', 'position_id': '55d8b89a-84d2-11f1-0a80-1c8f002fd99f', 'transaction_date_raw': '2026-07-21 10:03:00.000', 'run_id': 1784678402.4233057, '_loaded_at': '2026-07-22T00:01:39.185336+00:00'}
    {'source_object': 'gs://msklad-raw-msklad-bi-prod/demand/incremental/run_1784682002.6788948.ndjson.gz', 'demand_id': '55d8aa83-84d2-11f1-0a80-1c8f002fd999', 'position_id': '55d8b89a-84d2-11f1-0a80-1c8f002fd99f', 'transaction_date_raw': '2026-07-21 10:03:00.000', 'run_id': 1784682002.6788948, '_loaded_at': '2026-07-22T01:01:10.823660+00:00'}
    {'source_object': 'gs://msklad-raw-msklad-bi-prod/demand/incremental/run_1784685602.6556678.ndjson.gz', 'demand_id': '55d8aa83-84d2-11f1-0a80-1c8f002fd999', 'position_id': '55d8b89a-84d2-11f1-0a80-1c8f002fd99f', 'transaction_date_raw': '2026-07-21 10:03:00.000', 'run_id': 1784685602.6556678, '_loaded_at': '2026-07-22T02:01:08.005853+00:00'}
    {'source_object': 'gs://msklad-raw-msklad-bi-prod/demand/incremental/run_1784689202.4953086.ndjson.gz', 'demand_id': '55d8aa83-84d2-11f1-0a80-1c8f002fd999', 'position_id': '55d8b89a-84d2-11f1-0a80-1c8f002fd99f', 'transaction_date_raw': '2026-07-21 10:03:00.000', 'run_id': 1784689202.4953086, '_loaded_at': '2026-07-22T03:01:09.189460+00:00'}
    {'source_object': 'gs://msklad-raw-msklad-bi-prod/demand/incremental/run_1784692802.7760227.ndjson.gz', 'demand_id': '55d8aa83-84d2-11f1-0a80-1c8f002fd999', 'position_id': '55d8b89a-84d2-11f1-0a80-1c8f002fd99f', 'transaction_date_raw': '2026-07-21 10:03:00.000', 'run_id': 1784692802.7760227, '_loaded_at': '2026-07-22T04:01:09.239045+00:00'}
b68dfe99b406e5709972520aa83b5899 (transaction_date=2026-07-21, revenue_kgs=4250.0): найден в 5 более поздних архивах
    {'source_object': 'gs://msklad-raw-msklad-bi-prod/demand/incremental/run_1784678402.4233057.ndjson.gz', 'demand_id': '55d8aa83-84d2-11f1-0a80-1c8f002fd999', 'position_id': '55d8b5ea-84d2-11f1-0a80-1c8f002fd99d', 'transaction_date_raw': '2026-07-21 10:03:00.000', 'run_id': 1784678402.4233057, '_loaded_at': '2026-07-22T00:01:39.185336+00:00'}
    {'source_object': 'gs://msklad-raw-msklad-bi-prod/demand/incremental/run_1784682002.6788948.ndjson.gz', 'demand_id': '55d8aa83-84d2-11f1-0a80-1c8f002fd999', 'position_id': '55d8b5ea-84d2-11f1-0a80-1c8f002fd99d', 'transaction_date_raw': '2026-07-21 10:03:00.000', 'run_id': 1784682002.6788948, '_loaded_at': '2026-07-22T01:01:10.823660+00:00'}
    {'source_object': 'gs://msklad-raw-msklad-bi-prod/demand/incremental/run_1784685602.6556678.ndjson.gz', 'demand_id': '55d8aa83-84d2-11f1-0a80-1c8f002fd999', 'position_id': '55d8b5ea-84d2-11f1-0a80-1c8f002fd99d', 'transaction_date_raw': '2026-07-21 10:03:00.000', 'run_id': 1784685602.6556678, '_loaded_at': '2026-07-22T02:01:08.005853+00:00'}
    {'source_object': 'gs://msklad-raw-msklad-bi-prod/demand/incremental/run_1784689202.4953086.ndjson.gz', 'demand_id': '55d8aa83-84d2-11f1-0a80-1c8f002fd999', 'position_id': '55d8b5ea-84d2-11f1-0a80-1c8f002fd99d', 'transaction_date_raw': '2026-07-21 10:03:00.000', 'run_id': 1784689202.4953086, '_loaded_at': '2026-07-22T03:01:09.189460+00:00'}
    {'source_object': 'gs://msklad-raw-msklad-bi-prod/demand/incremental/run_1784692802.7760227.ndjson.gz', 'demand_id': '55d8aa83-84d2-11f1-0a80-1c8f002fd999', 'position_id': '55d8b5ea-84d2-11f1-0a80-1c8f002fd99d', 'transaction_date_raw': '2026-07-21 10:03:00.000', 'run_id': 1784692802.7760227, '_loaded_at': '2026-07-22T04:01:09.239045+00:00'}
c393fa3a9646c4cc699ac38c9fed8680 (transaction_date=2026-07-21, revenue_kgs=3455.0): найден в 5 более поздних архивах
    {'source_object': 'gs://msklad-raw-msklad-bi-prod/demand/incremental/run_1784678402.4233057.ndjson.gz', 'demand_id': '55d8aa83-84d2-11f1-0a80-1c8f002fd999', 'position_id': '55d8b473-84d2-11f1-0a80-1c8f002fd99c', 'transaction_date_raw': '2026-07-21 10:03:00.000', 'run_id': 1784678402.4233057, '_loaded_at': '2026-07-22T00:01:39.185336+00:00'}
    {'source_object': 'gs://msklad-raw-msklad-bi-prod/demand/incremental/run_1784682002.6788948.ndjson.gz', 'demand_id': '55d8aa83-84d2-11f1-0a80-1c8f002fd999', 'position_id': '55d8b473-84d2-11f1-0a80-1c8f002fd99c', 'transaction_date_raw': '2026-07-21 10:03:00.000', 'run_id': 1784682002.6788948, '_loaded_at': '2026-07-22T01:01:10.823660+00:00'}
    {'source_object': 'gs://msklad-raw-msklad-bi-prod/demand/incremental/run_1784685602.6556678.ndjson.gz', 'demand_id': '55d8aa83-84d2-11f1-0a80-1c8f002fd999', 'position_id': '55d8b473-84d2-11f1-0a80-1c8f002fd99c', 'transaction_date_raw': '2026-07-21 10:03:00.000', 'run_id': 1784685602.6556678, '_loaded_at': '2026-07-22T02:01:08.005853+00:00'}
    {'source_object': 'gs://msklad-raw-msklad-bi-prod/demand/incremental/run_1784689202.4953086.ndjson.gz', 'demand_id': '55d8aa83-84d2-11f1-0a80-1c8f002fd999', 'position_id': '55d8b473-84d2-11f1-0a80-1c8f002fd99c', 'transaction_date_raw': '2026-07-21 10:03:00.000', 'run_id': 1784689202.4953086, '_loaded_at': '2026-07-22T03:01:09.189460+00:00'}
    {'source_object': 'gs://msklad-raw-msklad-bi-prod/demand/incremental/run_1784692802.7760227.ndjson.gz', 'demand_id': '55d8aa83-84d2-11f1-0a80-1c8f002fd999', 'position_id': '55d8b473-84d2-11f1-0a80-1c8f002fd99c', 'transaction_date_raw': '2026-07-21 10:03:00.000', 'run_id': 1784692802.7760227, '_loaded_at': '2026-07-22T04:01:09.239045+00:00'}
4200c0b0d7184d80e1c98aba9d16660b (transaction_date=2026-07-30, revenue_kgs=31050.0): найден в 50 более поздних архивах
    {'source_object': 'gs://msklad-raw-msklad-bi-prod/demand/incremental/run_1785409200.7335894.ndjson.gz', 'demand_id': 'ac67b4ba-8be3-11f1-0a80-143300264646', 'position_id': 'ac67ccef-8be3-11f1-0a80-143300264657', 'transaction_date_raw': '2026-07-30 09:55:00.000', 'run_id': 1785409200.7335894, '_loaded_at': '2026-07-30T11:01:10.098797+00:00'}
    {'source_object': 'gs://msklad-raw-msklad-bi-prod/demand/incremental/run_1785412802.3836248.ndjson.gz', 'demand_id': 'ac67b4ba-8be3-11f1-0a80-143300264646', 'position_id': 'ac67ccef-8be3-11f1-0a80-143300264657', 'transaction_date_raw': '2026-07-30 09:55:00.000', 'run_id': 1785412802.3836248, '_loaded_at': '2026-07-30T12:01:16.850556+00:00'}
    {'source_object': 'gs://msklad-raw-msklad-bi-prod/demand/incremental/run_1785416402.716512.ndjson.gz', 'demand_id': 'ac67b4ba-8be3-11f1-0a80-143300264646', 'position_id': 'ac67ccef-8be3-11f1-0a80-143300264657', 'transaction_date_raw': '2026-07-30 09:55:00.000', 'run_id': 1785416402.716512, '_loaded_at': '2026-07-30T13:01:14.279291+00:00'}
    {'source_object': 'gs://msklad-raw-msklad-bi-prod/demand/incremental/run_1785420002.426745.ndjson.gz', 'demand_id': 'ac67b4ba-8be3-11f1-0a80-143300264646', 'position_id': 'ac67ccef-8be3-11f1-0a80-143300264657', 'transaction_date_raw': '2026-07-30 09:55:00.000', 'run_id': 1785420002.426745, '_loaded_at': '2026-07-30T14:01:25.653307+00:00'}
    {'source_object': 'gs://msklad-raw-msklad-bi-prod/demand/incremental/run_1785423602.429217.ndjson.gz', 'demand_id': 'ac67b4ba-8be3-11f1-0a80-143300264646', 'position_id': 'ac67ccef-8be3-11f1-0a80-143300264657', 'transaction_date_raw': '2026-07-30 09:55:00.000', 'run_id': 1785423602.429217, '_loaded_at': '2026-07-30T15:01:08.820670+00:00'}
    {'source_object': 'gs://msklad-raw-msklad-bi-prod/demand/incremental/run_1785427202.7511954.ndjson.gz', 'demand_id': 'ac67b4ba-8be3-11f1-0a80-143300264646', 'position_id': 'ac67ccef-8be3-11f1-0a80-143300264657', 'transaction_date_raw': '2026-07-30 09:55:00.000', 'run_id': 1785427202.7511954, '_loaded_at': '2026-07-30T16:01:11.773507+00:00'}
    {'source_object': 'gs://msklad-raw-msklad-bi-prod/demand/incremental/run_1785430802.7432852.ndjson.gz', 'demand_id': 'ac67b4ba-8be3-11f1-0a80-143300264646', 'position_id': 'ac67ccef-8be3-11f1-0a80-143300264657', 'transaction_date_raw': '2026-07-30 09:55:00.000', 'run_id': 1785430802.7432852, '_loaded_at': '2026-07-30T17:01:10.320703+00:00'}
    {'source_object': 'gs://msklad-raw-msklad-bi-prod/demand/incremental/run_1785434402.7480865.ndjson.gz', 'demand_id': 'ac67b4ba-8be3-11f1-0a80-143300264646', 'position_id': 'ac67ccef-8be3-11f1-0a80-143300264657', 'transaction_date_raw': '2026-07-30 09:55:00.000', 'run_id': 1785434402.7480865, '_loaded_at': '2026-07-30T18:01:10.429735+00:00'}
    {'source_object': 'gs://msklad-raw-msklad-bi-prod/demand/incremental/run_1785438002.6583986.ndjson.gz', 'demand_id': 'ac67b4ba-8be3-11f1-0a80-143300264646', 'position_id': 'ac67ccef-8be3-11f1-0a80-143300264657', 'transaction_date_raw': '2026-07-30 09:55:00.000', 'run_id': 1785438002.6583986, '_loaded_at': '2026-07-30T19:00:57.617649+00:00'}
    {'source_object': 'gs://msklad-raw-msklad-bi-prod/demand/incremental/run_1785441602.3744574.ndjson.gz', 'demand_id': 'ac67b4ba-8be3-11f1-0a80-143300264646', 'position_id': 'ac67ccef-8be3-11f1-0a80-143300264657', 'transaction_date_raw': '2026-07-30 09:55:00.000', 'run_id': 1785441602.3744574, '_loaded_at': '2026-07-30T20:01:08.588391+00:00'}
    {'source_object': 'gs://msklad-raw-msklad-bi-prod/demand/incremental/run_1785445202.6452823.ndjson.gz', 'demand_id': 'ac67b4ba-8be3-11f1-0a80-143300264646', 'position_id': 'ac67ccef-8be3-11f1-0a80-143300264657', 'transaction_date_raw': '2026-07-30 09:55:00.000', 'run_id': 1785445202.6452823, '_loaded_at': '2026-07-30T21:01:00.890923+00:00'}
    {'source_object': 'gs://msklad-raw-msklad-bi-prod/demand/incremental/run_1785448802.6633074.ndjson.gz', 'demand_id': 'ac67b4ba-8be3-11f1-0a80-143300264646', 'position_id': 'ac67ccef-8be3-11f1-0a80-143300264657', 'transaction_date_raw': '2026-07-30 09:55:00.000', 'run_id': 1785448802.6633074, '_loaded_at': '2026-07-30T22:01:06.608700+00:00'}
    {'source_object': 'gs://msklad-raw-msklad-bi-prod/demand/incremental/run_1785452402.7155247.ndjson.gz', 'demand_id': 'ac67b4ba-8be3-11f1-0a80-143300264646', 'position_id': 'ac67ccef-8be3-11f1-0a80-143300264657', 'transaction_date_raw': '2026-07-30 09:55:00.000', 'run_id': 1785452402.7155247, '_loaded_at': '2026-07-30T23:01:14.461386+00:00'}
    {'source_object': 'gs://msklad-raw-msklad-bi-prod/demand/incremental/run_1785456002.3784206.ndjson.gz', 'demand_id': 'ac67b4ba-8be3-11f1-0a80-143300264646', 'position_id': 'ac67ccef-8be3-11f1-0a80-143300264657', 'transaction_date_raw': '2026-07-30 09:55:00.000', 'run_id': 1785456002.3784206, '_loaded_at': '2026-07-31T00:01:11.085100+00:00'}
    {'source_object': 'gs://msklad-raw-msklad-bi-prod/demand/incremental/run_1785459602.3746657.ndjson.gz', 'demand_id': 'ac67b4ba-8be3-11f1-0a80-143300264646', 'position_id': 'ac67ccef-8be3-11f1-0a80-143300264657', 'transaction_date_raw': '2026-07-30 09:55:00.000', 'run_id': 1785459602.3746657, '_loaded_at': '2026-07-31T01:01:05.436584+00:00'}
    {'source_object': 'gs://msklad-raw-msklad-bi-prod/demand/incremental/run_1785463202.6414807.ndjson.gz', 'demand_id': 'ac67b4ba-8be3-11f1-0a80-143300264646', 'position_id': 'ac67ccef-8be3-11f1-0a80-143300264657', 'transaction_date_raw': '2026-07-30 09:55:00.000', 'run_id': 1785463202.6414807, '_loaded_at': '2026-07-31T02:01:26.723041+00:00'}
    {'source_object': 'gs://msklad-raw-msklad-bi-prod/demand/incremental/run_1785466802.6377778.ndjson.gz', 'demand_id': 'ac67b4ba-8be3-11f1-0a80-143300264646', 'position_id': 'ac67ccef-8be3-11f1-0a80-143300264657', 'transaction_date_raw': '2026-07-30 09:55:00.000', 'run_id': 1785466802.6377778, '_loaded_at': '2026-07-31T03:01:10.542874+00:00'}
    {'source_object': 'gs://msklad-raw-msklad-bi-prod/demand/incremental/run_1785470402.8625119.ndjson.gz', 'demand_id': 'ac67b4ba-8be3-11f1-0a80-143300264646', 'position_id': 'ac67ccef-8be3-11f1-0a80-143300264657', 'transaction_date_raw': '2026-07-30 09:55:00.000', 'run_id': 1785470402.8625119, '_loaded_at': '2026-07-31T04:01:07.059605+00:00'}
    {'source_object': 'gs://msklad-raw-msklad-bi-prod/demand/incremental/run_1785474002.6453621.ndjson.gz', 'demand_id': 'ac67b4ba-8be3-11f1-0a80-143300264646', 'position_id': 'ac67ccef-8be3-11f1-0a80-143300264657', 'transaction_date_raw': '2026-07-30 09:55:00.000', 'run_id': 1785474002.6453621, '_loaded_at': '2026-07-31T05:01:09.114443+00:00'}
    {'source_object': 'gs://msklad-raw-msklad-bi-prod/demand/incremental/run_1785477602.7448037.ndjson.gz', 'demand_id': 'ac67b4ba-8be3-11f1-0a80-143300264646', 'position_id': 'ac67ccef-8be3-11f1-0a80-143300264657', 'transaction_date_raw': '2026-07-30 09:55:00.000', 'run_id': 1785477602.7448037, '_loaded_at': '2026-07-31T06:01:06.031469+00:00'}
    {'source_object': 'gs://msklad-raw-msklad-bi-prod/demand/incremental/run_1785481202.384431.ndjson.gz', 'demand_id': 'ac67b4ba-8be3-11f1-0a80-143300264646', 'position_id': 'ac67ccef-8be3-11f1-0a80-143300264657', 'transaction_date_raw': '2026-07-30 09:55:00.000', 'run_id': 1785481202.384431, '_loaded_at': '2026-07-31T07:01:11.305433+00:00'}
    {'source_object': 'gs://msklad-raw-msklad-bi-prod/demand/incremental/run_1785484802.7275898.ndjson.gz', 'demand_id': 'ac67b4ba-8be3-11f1-0a80-143300264646', 'position_id': 'ac67ccef-8be3-11f1-0a80-143300264657', 'transaction_date_raw': '2026-07-30 09:55:00.000', 'run_id': 1785484802.7275898, '_loaded_at': '2026-07-31T08:01:18.621142+00:00'}
    {'source_object': 'gs://msklad-raw-msklad-bi-prod/demand/incremental/run_1785488402.545512.ndjson.gz', 'demand_id': 'ac67b4ba-8be3-11f1-0a80-143300264646', 'position_id': 'ac67ccef-8be3-11f1-0a80-143300264657', 'transaction_date_raw': '2026-07-30 09:55:00.000', 'run_id': 1785488402.545512, '_loaded_at': '2026-07-31T09:01:28.235606+00:00'}
    {'source_object': 'gs://msklad-raw-msklad-bi-prod/demand/incremental/run_1785492002.8186915.ndjson.gz', 'demand_id': 'ac67b4ba-8be3-11f1-0a80-143300264646', 'position_id': 'ac67ccef-8be3-11f1-0a80-143300264657', 'transaction_date_raw': '2026-07-30 09:55:00.000', 'run_id': 1785492002.8186915, '_loaded_at': '2026-07-31T10:01:22.786594+00:00'}
    {'source_object': 'gs://msklad-raw-msklad-bi-prod/demand/incremental/run_1785495602.7688107.ndjson.gz', 'demand_id': 'ac67b4ba-8be3-11f1-0a80-143300264646', 'position_id': 'ac67ccef-8be3-11f1-0a80-143300264657', 'transaction_date_raw': '2026-07-30 09:55:00.000', 'run_id': 1785495602.7688107, '_loaded_at': '2026-07-31T11:01:14.849492+00:00'}
    {'source_object': 'gs://msklad-raw-msklad-bi-prod/demand/incremental/run_1785499202.799563.ndjson.gz', 'demand_id': 'ac67b4ba-8be3-11f1-0a80-143300264646', 'position_id': 'ac67ccef-8be3-11f1-0a80-143300264657', 'transaction_date_raw': '2026-07-30 09:55:00.000', 'run_id': 1785499202.799563, '_loaded_at': '2026-07-31T12:01:26.098516+00:00'}
    {'source_object': 'gs://msklad-raw-msklad-bi-prod/demand/incremental/run_1785502802.7845662.ndjson.gz', 'demand_id': 'ac67b4ba-8be3-11f1-0a80-143300264646', 'position_id': 'ac67ccef-8be3-11f1-0a80-143300264657', 'transaction_date_raw': '2026-07-30 09:55:00.000', 'run_id': 1785502802.7845662, '_loaded_at': '2026-07-31T13:01:20.218660+00:00'}
    {'source_object': 'gs://msklad-raw-msklad-bi-prod/demand/incremental/run_1785506402.7495732.ndjson.gz', 'demand_id': 'ac67b4ba-8be3-11f1-0a80-143300264646', 'position_id': 'ac67ccef-8be3-11f1-0a80-143300264657', 'transaction_date_raw': '2026-07-30 09:55:00.000', 'run_id': 1785506402.7495732, '_loaded_at': '2026-07-31T14:01:20.935175+00:00'}
    {'source_object': 'gs://msklad-raw-msklad-bi-prod/demand/incremental/run_1785510002.4042401.ndjson.gz', 'demand_id': 'ac67b4ba-8be3-11f1-0a80-143300264646', 'position_id': 'ac67ccef-8be3-11f1-0a80-143300264657', 'transaction_date_raw': '2026-07-30 09:55:00.000', 'run_id': 1785510002.4042401, '_loaded_at': '2026-07-31T15:01:18.994083+00:00'}
    {'source_object': 'gs://msklad-raw-msklad-bi-prod/demand/incremental/run_1785513602.3435938.ndjson.gz', 'demand_id': 'ac67b4ba-8be3-11f1-0a80-143300264646', 'position_id': 'ac67ccef-8be3-11f1-0a80-143300264657', 'transaction_date_raw': '2026-07-30 09:55:00.000', 'run_id': 1785513602.3435938, '_loaded_at': '2026-07-31T16:01:19.281524+00:00'}
    {'source_object': 'gs://msklad-raw-msklad-bi-prod/demand/incremental/run_1785517202.743991.ndjson.gz', 'demand_id': 'ac67b4ba-8be3-11f1-0a80-143300264646', 'position_id': 'ac67ccef-8be3-11f1-0a80-143300264657', 'transaction_date_raw': '2026-07-30 09:55:00.000', 'run_id': 1785517202.743991, '_loaded_at': '2026-07-31T17:01:10.096089+00:00'}
    {'source_object': 'gs://msklad-raw-msklad-bi-prod/demand/incremental/run_1785520802.6950645.ndjson.gz', 'demand_id': 'ac67b4ba-8be3-11f1-0a80-143300264646', 'position_id': 'ac67ccef-8be3-11f1-0a80-143300264657', 'transaction_date_raw': '2026-07-30 09:55:00.000', 'run_id': 1785520802.6950645, '_loaded_at': '2026-07-31T18:01:11.857265+00:00'}
    {'source_object': 'gs://msklad-raw-msklad-bi-prod/demand/incremental/run_1785524402.5882726.ndjson.gz', 'demand_id': 'ac67b4ba-8be3-11f1-0a80-143300264646', 'position_id': 'ac67ccef-8be3-11f1-0a80-143300264657', 'transaction_date_raw': '2026-07-30 09:55:00.000', 'run_id': 1785524402.5882726, '_loaded_at': '2026-07-31T19:01:10.337768+00:00'}
    {'source_object': 'gs://msklad-raw-msklad-bi-prod/demand/incremental/run_1785528002.6461554.ndjson.gz', 'demand_id': 'ac67b4ba-8be3-11f1-0a80-143300264646', 'position_id': 'ac67ccef-8be3-11f1-0a80-143300264657', 'transaction_date_raw': '2026-07-30 09:55:00.000', 'run_id': 1785528002.6461554, '_loaded_at': '2026-07-31T20:01:08.613065+00:00'}
    {'source_object': 'gs://msklad-raw-msklad-bi-prod/demand/incremental/run_1785531602.1082246.ndjson.gz', 'demand_id': 'ac67b4ba-8be3-11f1-0a80-143300264646', 'position_id': 'ac67ccef-8be3-11f1-0a80-143300264657', 'transaction_date_raw': '2026-07-30 09:55:00.000', 'run_id': 1785531602.1082246, '_loaded_at': '2026-07-31T21:01:18.436942+00:00'}
    {'source_object': 'gs://msklad-raw-msklad-bi-prod/demand/incremental/run_1785535202.6596227.ndjson.gz', 'demand_id': 'ac67b4ba-8be3-11f1-0a80-143300264646', 'position_id': 'ac67ccef-8be3-11f1-0a80-143300264657', 'transaction_date_raw': '2026-07-30 09:55:00.000', 'run_id': 1785535202.6596227, '_loaded_at': '2026-07-31T22:01:01.868660+00:00'}
    {'source_object': 'gs://msklad-raw-msklad-bi-prod/demand/incremental/run_1785538802.6248791.ndjson.gz', 'demand_id': 'ac67b4ba-8be3-11f1-0a80-143300264646', 'position_id': 'ac67ccef-8be3-11f1-0a80-143300264657', 'transaction_date_raw': '2026-07-30 09:55:00.000', 'run_id': 1785538802.6248791, '_loaded_at': '2026-07-31T23:01:05.904771+00:00'}
    {'source_object': 'gs://msklad-raw-msklad-bi-prod/demand/incremental/run_1785542402.8799338.ndjson.gz', 'demand_id': 'ac67b4ba-8be3-11f1-0a80-143300264646', 'position_id': 'ac67ccef-8be3-11f1-0a80-143300264657', 'transaction_date_raw': '2026-07-30 09:55:00.000', 'run_id': 1785542402.8799338, '_loaded_at': '2026-08-01T00:01:09.370126+00:00'}
    {'source_object': 'gs://msklad-raw-msklad-bi-prod/demand/incremental/run_1785546002.3755257.ndjson.gz', 'demand_id': 'ac67b4ba-8be3-11f1-0a80-143300264646', 'position_id': 'ac67ccef-8be3-11f1-0a80-143300264657', 'transaction_date_raw': '2026-07-30 09:55:00.000', 'run_id': 1785546002.3755257, '_loaded_at': '2026-08-01T01:01:16.227463+00:00'}
    {'source_object': 'gs://msklad-raw-msklad-bi-prod/demand/incremental/run_1785549602.4608076.ndjson.gz', 'demand_id': 'ac67b4ba-8be3-11f1-0a80-143300264646', 'position_id': 'ac67ccef-8be3-11f1-0a80-143300264657', 'transaction_date_raw': '2026-07-30 09:55:00.000', 'run_id': 1785549602.4608076, '_loaded_at': '2026-08-01T02:01:11.530847+00:00'}
    {'source_object': 'gs://msklad-raw-msklad-bi-prod/demand/incremental/run_1785553202.7414558.ndjson.gz', 'demand_id': 'ac67b4ba-8be3-11f1-0a80-143300264646', 'position_id': 'ac67ccef-8be3-11f1-0a80-143300264657', 'transaction_date_raw': '2026-07-30 09:55:00.000', 'run_id': 1785553202.7414558, '_loaded_at': '2026-08-01T03:01:11.187138+00:00'}
    {'source_object': 'gs://msklad-raw-msklad-bi-prod/demand/incremental/run_1785556802.767019.ndjson.gz', 'demand_id': 'ac67b4ba-8be3-11f1-0a80-143300264646', 'position_id': 'ac67ccef-8be3-11f1-0a80-143300264657', 'transaction_date_raw': '2026-07-30 09:55:00.000', 'run_id': 1785556802.767019, '_loaded_at': '2026-08-01T04:01:05.843956+00:00'}
    {'source_object': 'gs://msklad-raw-msklad-bi-prod/demand/incremental/run_1785560403.0292175.ndjson.gz', 'demand_id': 'ac67b4ba-8be3-11f1-0a80-143300264646', 'position_id': 'ac67ccef-8be3-11f1-0a80-143300264657', 'transaction_date_raw': '2026-07-30 09:55:00.000', 'run_id': 1785560403.0292175, '_loaded_at': '2026-08-01T05:01:07.615690+00:00'}
    {'source_object': 'gs://msklad-raw-msklad-bi-prod/demand/incremental/run_1785564002.452597.ndjson.gz', 'demand_id': 'ac67b4ba-8be3-11f1-0a80-143300264646', 'position_id': 'ac67ccef-8be3-11f1-0a80-143300264657', 'transaction_date_raw': '2026-07-30 09:55:00.000', 'run_id': 1785564002.452597, '_loaded_at': '2026-08-01T06:01:08.491289+00:00'}
    {'source_object': 'gs://msklad-raw-msklad-bi-prod/demand/incremental/run_1785567602.7884176.ndjson.gz', 'demand_id': 'ac67b4ba-8be3-11f1-0a80-143300264646', 'position_id': 'ac67ccef-8be3-11f1-0a80-143300264657', 'transaction_date_raw': '2026-07-30 09:55:00.000', 'run_id': 1785567602.7884176, '_loaded_at': '2026-08-01T07:00:58.929774+00:00'}
    {'source_object': 'gs://msklad-raw-msklad-bi-prod/demand/incremental/run_1785571202.449191.ndjson.gz', 'demand_id': 'ac67b4ba-8be3-11f1-0a80-143300264646', 'position_id': 'ac67ccef-8be3-11f1-0a80-143300264657', 'transaction_date_raw': '2026-07-30 09:55:00.000', 'run_id': 1785571202.449191, '_loaded_at': '2026-08-01T08:01:19.225096+00:00'}
    {'source_object': 'gs://msklad-raw-msklad-bi-prod/demand/incremental/run_1785574803.5138285.ndjson.gz', 'demand_id': 'ac67b4ba-8be3-11f1-0a80-143300264646', 'position_id': 'ac67ccef-8be3-11f1-0a80-143300264657', 'transaction_date_raw': '2026-07-30 09:55:00.000', 'run_id': 1785574803.5138285, '_loaded_at': '2026-08-01T09:01:23.592874+00:00'}
    {'source_object': 'gs://msklad-raw-msklad-bi-prod/demand/incremental/run_1785578402.7792783.ndjson.gz', 'demand_id': 'ac67b4ba-8be3-11f1-0a80-143300264646', 'position_id': 'ac67ccef-8be3-11f1-0a80-143300264657', 'transaction_date_raw': '2026-07-30 09:55:00.000', 'run_id': 1785578402.7792783, '_loaded_at': '2026-08-01T10:01:14.130784+00:00'}
    {'source_object': 'gs://msklad-raw-msklad-bi-prod/demand/incremental/run_1785582003.511804.ndjson.gz', 'demand_id': 'ac67b4ba-8be3-11f1-0a80-143300264646', 'position_id': 'ac67ccef-8be3-11f1-0a80-143300264657', 'transaction_date_raw': '2026-07-30 09:55:00.000', 'run_id': 1785582003.511804, '_loaded_at': '2026-08-01T11:01:18.146829+00:00'}
    {'source_object': 'gs://msklad-raw-msklad-bi-prod/demand/incremental/run_1785585602.4972513.ndjson.gz', 'demand_id': 'ac67b4ba-8be3-11f1-0a80-143300264646', 'position_id': 'ac67ccef-8be3-11f1-0a80-143300264657', 'transaction_date_raw': '2026-07-30 09:55:00.000', 'run_id': 1785585602.4972513, '_loaded_at': '2026-08-01T12:01:07.799940+00:00'}
48a33a41ddc9d429a533c0f1f0f21fb1 (transaction_date=2026-07-30, revenue_kgs=19872.0): найден в 49 более поздних архивах
    {'source_object': 'gs://msklad-raw-msklad-bi-prod/demand/incremental/run_1785412802.3836248.ndjson.gz', 'demand_id': '51854fec-8c06-11f1-0a80-1433003a8c11', 'position_id': '518556fe-8c06-11f1-0a80-1433003a8c13', 'transaction_date_raw': '2026-07-30 14:03:00.000', 'run_id': 1785412802.3836248, '_loaded_at': '2026-07-30T12:01:16.850556+00:00'}
    {'source_object': 'gs://msklad-raw-msklad-bi-prod/demand/incremental/run_1785416402.716512.ndjson.gz', 'demand_id': '51854fec-8c06-11f1-0a80-1433003a8c11', 'position_id': '518556fe-8c06-11f1-0a80-1433003a8c13', 'transaction_date_raw': '2026-07-30 14:03:00.000', 'run_id': 1785416402.716512, '_loaded_at': '2026-07-30T13:01:14.279291+00:00'}
    {'source_object': 'gs://msklad-raw-msklad-bi-prod/demand/incremental/run_1785420002.426745.ndjson.gz', 'demand_id': '51854fec-8c06-11f1-0a80-1433003a8c11', 'position_id': '518556fe-8c06-11f1-0a80-1433003a8c13', 'transaction_date_raw': '2026-07-30 14:03:00.000', 'run_id': 1785420002.426745, '_loaded_at': '2026-07-30T14:01:25.653307+00:00'}
    {'source_object': 'gs://msklad-raw-msklad-bi-prod/demand/incremental/run_1785423602.429217.ndjson.gz', 'demand_id': '51854fec-8c06-11f1-0a80-1433003a8c11', 'position_id': '518556fe-8c06-11f1-0a80-1433003a8c13', 'transaction_date_raw': '2026-07-30 14:03:00.000', 'run_id': 1785423602.429217, '_loaded_at': '2026-07-30T15:01:08.820670+00:00'}
    {'source_object': 'gs://msklad-raw-msklad-bi-prod/demand/incremental/run_1785427202.7511954.ndjson.gz', 'demand_id': '51854fec-8c06-11f1-0a80-1433003a8c11', 'position_id': '518556fe-8c06-11f1-0a80-1433003a8c13', 'transaction_date_raw': '2026-07-30 14:03:00.000', 'run_id': 1785427202.7511954, '_loaded_at': '2026-07-30T16:01:11.773507+00:00'}
    {'source_object': 'gs://msklad-raw-msklad-bi-prod/demand/incremental/run_1785430802.7432852.ndjson.gz', 'demand_id': '51854fec-8c06-11f1-0a80-1433003a8c11', 'position_id': '518556fe-8c06-11f1-0a80-1433003a8c13', 'transaction_date_raw': '2026-07-30 14:03:00.000', 'run_id': 1785430802.7432852, '_loaded_at': '2026-07-30T17:01:10.320703+00:00'}
    {'source_object': 'gs://msklad-raw-msklad-bi-prod/demand/incremental/run_1785434402.7480865.ndjson.gz', 'demand_id': '51854fec-8c06-11f1-0a80-1433003a8c11', 'position_id': '518556fe-8c06-11f1-0a80-1433003a8c13', 'transaction_date_raw': '2026-07-30 14:03:00.000', 'run_id': 1785434402.7480865, '_loaded_at': '2026-07-30T18:01:10.429735+00:00'}
    {'source_object': 'gs://msklad-raw-msklad-bi-prod/demand/incremental/run_1785438002.6583986.ndjson.gz', 'demand_id': '51854fec-8c06-11f1-0a80-1433003a8c11', 'position_id': '518556fe-8c06-11f1-0a80-1433003a8c13', 'transaction_date_raw': '2026-07-30 14:03:00.000', 'run_id': 1785438002.6583986, '_loaded_at': '2026-07-30T19:00:57.617649+00:00'}
    {'source_object': 'gs://msklad-raw-msklad-bi-prod/demand/incremental/run_1785441602.3744574.ndjson.gz', 'demand_id': '51854fec-8c06-11f1-0a80-1433003a8c11', 'position_id': '518556fe-8c06-11f1-0a80-1433003a8c13', 'transaction_date_raw': '2026-07-30 14:03:00.000', 'run_id': 1785441602.3744574, '_loaded_at': '2026-07-30T20:01:08.588391+00:00'}
    {'source_object': 'gs://msklad-raw-msklad-bi-prod/demand/incremental/run_1785445202.6452823.ndjson.gz', 'demand_id': '51854fec-8c06-11f1-0a80-1433003a8c11', 'position_id': '518556fe-8c06-11f1-0a80-1433003a8c13', 'transaction_date_raw': '2026-07-30 14:03:00.000', 'run_id': 1785445202.6452823, '_loaded_at': '2026-07-30T21:01:00.890923+00:00'}
    {'source_object': 'gs://msklad-raw-msklad-bi-prod/demand/incremental/run_1785448802.6633074.ndjson.gz', 'demand_id': '51854fec-8c06-11f1-0a80-1433003a8c11', 'position_id': '518556fe-8c06-11f1-0a80-1433003a8c13', 'transaction_date_raw': '2026-07-30 14:03:00.000', 'run_id': 1785448802.6633074, '_loaded_at': '2026-07-30T22:01:06.608700+00:00'}
    {'source_object': 'gs://msklad-raw-msklad-bi-prod/demand/incremental/run_1785452402.7155247.ndjson.gz', 'demand_id': '51854fec-8c06-11f1-0a80-1433003a8c11', 'position_id': '518556fe-8c06-11f1-0a80-1433003a8c13', 'transaction_date_raw': '2026-07-30 14:03:00.000', 'run_id': 1785452402.7155247, '_loaded_at': '2026-07-30T23:01:14.461386+00:00'}
    {'source_object': 'gs://msklad-raw-msklad-bi-prod/demand/incremental/run_1785456002.3784206.ndjson.gz', 'demand_id': '51854fec-8c06-11f1-0a80-1433003a8c11', 'position_id': '518556fe-8c06-11f1-0a80-1433003a8c13', 'transaction_date_raw': '2026-07-30 14:03:00.000', 'run_id': 1785456002.3784206, '_loaded_at': '2026-07-31T00:01:11.085100+00:00'}
    {'source_object': 'gs://msklad-raw-msklad-bi-prod/demand/incremental/run_1785459602.3746657.ndjson.gz', 'demand_id': '51854fec-8c06-11f1-0a80-1433003a8c11', 'position_id': '518556fe-8c06-11f1-0a80-1433003a8c13', 'transaction_date_raw': '2026-07-30 14:03:00.000', 'run_id': 1785459602.3746657, '_loaded_at': '2026-07-31T01:01:05.436584+00:00'}
    {'source_object': 'gs://msklad-raw-msklad-bi-prod/demand/incremental/run_1785463202.6414807.ndjson.gz', 'demand_id': '51854fec-8c06-11f1-0a80-1433003a8c11', 'position_id': '518556fe-8c06-11f1-0a80-1433003a8c13', 'transaction_date_raw': '2026-07-30 14:03:00.000', 'run_id': 1785463202.6414807, '_loaded_at': '2026-07-31T02:01:26.723041+00:00'}
    {'source_object': 'gs://msklad-raw-msklad-bi-prod/demand/incremental/run_1785466802.6377778.ndjson.gz', 'demand_id': '51854fec-8c06-11f1-0a80-1433003a8c11', 'position_id': '518556fe-8c06-11f1-0a80-1433003a8c13', 'transaction_date_raw': '2026-07-30 14:03:00.000', 'run_id': 1785466802.6377778, '_loaded_at': '2026-07-31T03:01:10.542874+00:00'}
    {'source_object': 'gs://msklad-raw-msklad-bi-prod/demand/incremental/run_1785470402.8625119.ndjson.gz', 'demand_id': '51854fec-8c06-11f1-0a80-1433003a8c11', 'position_id': '518556fe-8c06-11f1-0a80-1433003a8c13', 'transaction_date_raw': '2026-07-30 14:03:00.000', 'run_id': 1785470402.8625119, '_loaded_at': '2026-07-31T04:01:07.059605+00:00'}
    {'source_object': 'gs://msklad-raw-msklad-bi-prod/demand/incremental/run_1785474002.6453621.ndjson.gz', 'demand_id': '51854fec-8c06-11f1-0a80-1433003a8c11', 'position_id': '518556fe-8c06-11f1-0a80-1433003a8c13', 'transaction_date_raw': '2026-07-30 14:03:00.000', 'run_id': 1785474002.6453621, '_loaded_at': '2026-07-31T05:01:09.114443+00:00'}
    {'source_object': 'gs://msklad-raw-msklad-bi-prod/demand/incremental/run_1785477602.7448037.ndjson.gz', 'demand_id': '51854fec-8c06-11f1-0a80-1433003a8c11', 'position_id': '518556fe-8c06-11f1-0a80-1433003a8c13', 'transaction_date_raw': '2026-07-30 14:03:00.000', 'run_id': 1785477602.7448037, '_loaded_at': '2026-07-31T06:01:06.031469+00:00'}
    {'source_object': 'gs://msklad-raw-msklad-bi-prod/demand/incremental/run_1785481202.384431.ndjson.gz', 'demand_id': '51854fec-8c06-11f1-0a80-1433003a8c11', 'position_id': '518556fe-8c06-11f1-0a80-1433003a8c13', 'transaction_date_raw': '2026-07-30 14:03:00.000', 'run_id': 1785481202.384431, '_loaded_at': '2026-07-31T07:01:11.305433+00:00'}
    {'source_object': 'gs://msklad-raw-msklad-bi-prod/demand/incremental/run_1785484802.7275898.ndjson.gz', 'demand_id': '51854fec-8c06-11f1-0a80-1433003a8c11', 'position_id': '518556fe-8c06-11f1-0a80-1433003a8c13', 'transaction_date_raw': '2026-07-30 14:03:00.000', 'run_id': 1785484802.7275898, '_loaded_at': '2026-07-31T08:01:18.621142+00:00'}
    {'source_object': 'gs://msklad-raw-msklad-bi-prod/demand/incremental/run_1785488402.545512.ndjson.gz', 'demand_id': '51854fec-8c06-11f1-0a80-1433003a8c11', 'position_id': '518556fe-8c06-11f1-0a80-1433003a8c13', 'transaction_date_raw': '2026-07-30 14:03:00.000', 'run_id': 1785488402.545512, '_loaded_at': '2026-07-31T09:01:28.235606+00:00'}
    {'source_object': 'gs://msklad-raw-msklad-bi-prod/demand/incremental/run_1785492002.8186915.ndjson.gz', 'demand_id': '51854fec-8c06-11f1-0a80-1433003a8c11', 'position_id': '518556fe-8c06-11f1-0a80-1433003a8c13', 'transaction_date_raw': '2026-07-30 14:03:00.000', 'run_id': 1785492002.8186915, '_loaded_at': '2026-07-31T10:01:22.786594+00:00'}
    {'source_object': 'gs://msklad-raw-msklad-bi-prod/demand/incremental/run_1785495602.7688107.ndjson.gz', 'demand_id': '51854fec-8c06-11f1-0a80-1433003a8c11', 'position_id': '518556fe-8c06-11f1-0a80-1433003a8c13', 'transaction_date_raw': '2026-07-30 14:03:00.000', 'run_id': 1785495602.7688107, '_loaded_at': '2026-07-31T11:01:14.849492+00:00'}
    {'source_object': 'gs://msklad-raw-msklad-bi-prod/demand/incremental/run_1785499202.799563.ndjson.gz', 'demand_id': '51854fec-8c06-11f1-0a80-1433003a8c11', 'position_id': '518556fe-8c06-11f1-0a80-1433003a8c13', 'transaction_date_raw': '2026-07-30 14:03:00.000', 'run_id': 1785499202.799563, '_loaded_at': '2026-07-31T12:01:26.098516+00:00'}
    {'source_object': 'gs://msklad-raw-msklad-bi-prod/demand/incremental/run_1785502802.7845662.ndjson.gz', 'demand_id': '51854fec-8c06-11f1-0a80-1433003a8c11', 'position_id': '518556fe-8c06-11f1-0a80-1433003a8c13', 'transaction_date_raw': '2026-07-30 14:03:00.000', 'run_id': 1785502802.7845662, '_loaded_at': '2026-07-31T13:01:20.218660+00:00'}
    {'source_object': 'gs://msklad-raw-msklad-bi-prod/demand/incremental/run_1785506402.7495732.ndjson.gz', 'demand_id': '51854fec-8c06-11f1-0a80-1433003a8c11', 'position_id': '518556fe-8c06-11f1-0a80-1433003a8c13', 'transaction_date_raw': '2026-07-30 14:03:00.000', 'run_id': 1785506402.7495732, '_loaded_at': '2026-07-31T14:01:20.935175+00:00'}
    {'source_object': 'gs://msklad-raw-msklad-bi-prod/demand/incremental/run_1785510002.4042401.ndjson.gz', 'demand_id': '51854fec-8c06-11f1-0a80-1433003a8c11', 'position_id': '518556fe-8c06-11f1-0a80-1433003a8c13', 'transaction_date_raw': '2026-07-30 14:03:00.000', 'run_id': 1785510002.4042401, '_loaded_at': '2026-07-31T15:01:18.994083+00:00'}
    {'source_object': 'gs://msklad-raw-msklad-bi-prod/demand/incremental/run_1785513602.3435938.ndjson.gz', 'demand_id': '51854fec-8c06-11f1-0a80-1433003a8c11', 'position_id': '518556fe-8c06-11f1-0a80-1433003a8c13', 'transaction_date_raw': '2026-07-30 14:03:00.000', 'run_id': 1785513602.3435938, '_loaded_at': '2026-07-31T16:01:19.281524+00:00'}
    {'source_object': 'gs://msklad-raw-msklad-bi-prod/demand/incremental/run_1785517202.743991.ndjson.gz', 'demand_id': '51854fec-8c06-11f1-0a80-1433003a8c11', 'position_id': '518556fe-8c06-11f1-0a80-1433003a8c13', 'transaction_date_raw': '2026-07-30 14:03:00.000', 'run_id': 1785517202.743991, '_loaded_at': '2026-07-31T17:01:10.096089+00:00'}
    {'source_object': 'gs://msklad-raw-msklad-bi-prod/demand/incremental/run_1785520802.6950645.ndjson.gz', 'demand_id': '51854fec-8c06-11f1-0a80-1433003a8c11', 'position_id': '518556fe-8c06-11f1-0a80-1433003a8c13', 'transaction_date_raw': '2026-07-30 14:03:00.000', 'run_id': 1785520802.6950645, '_loaded_at': '2026-07-31T18:01:11.857265+00:00'}
    {'source_object': 'gs://msklad-raw-msklad-bi-prod/demand/incremental/run_1785524402.5882726.ndjson.gz', 'demand_id': '51854fec-8c06-11f1-0a80-1433003a8c11', 'position_id': '518556fe-8c06-11f1-0a80-1433003a8c13', 'transaction_date_raw': '2026-07-30 14:03:00.000', 'run_id': 1785524402.5882726, '_loaded_at': '2026-07-31T19:01:10.337768+00:00'}
    {'source_object': 'gs://msklad-raw-msklad-bi-prod/demand/incremental/run_1785528002.6461554.ndjson.gz', 'demand_id': '51854fec-8c06-11f1-0a80-1433003a8c11', 'position_id': '518556fe-8c06-11f1-0a80-1433003a8c13', 'transaction_date_raw': '2026-07-30 14:03:00.000', 'run_id': 1785528002.6461554, '_loaded_at': '2026-07-31T20:01:08.613065+00:00'}
    {'source_object': 'gs://msklad-raw-msklad-bi-prod/demand/incremental/run_1785531602.1082246.ndjson.gz', 'demand_id': '51854fec-8c06-11f1-0a80-1433003a8c11', 'position_id': '518556fe-8c06-11f1-0a80-1433003a8c13', 'transaction_date_raw': '2026-07-30 14:03:00.000', 'run_id': 1785531602.1082246, '_loaded_at': '2026-07-31T21:01:18.436942+00:00'}
    {'source_object': 'gs://msklad-raw-msklad-bi-prod/demand/incremental/run_1785535202.6596227.ndjson.gz', 'demand_id': '51854fec-8c06-11f1-0a80-1433003a8c11', 'position_id': '518556fe-8c06-11f1-0a80-1433003a8c13', 'transaction_date_raw': '2026-07-30 14:03:00.000', 'run_id': 1785535202.6596227, '_loaded_at': '2026-07-31T22:01:01.868660+00:00'}
    {'source_object': 'gs://msklad-raw-msklad-bi-prod/demand/incremental/run_1785538802.6248791.ndjson.gz', 'demand_id': '51854fec-8c06-11f1-0a80-1433003a8c11', 'position_id': '518556fe-8c06-11f1-0a80-1433003a8c13', 'transaction_date_raw': '2026-07-30 14:03:00.000', 'run_id': 1785538802.6248791, '_loaded_at': '2026-07-31T23:01:05.904771+00:00'}
    {'source_object': 'gs://msklad-raw-msklad-bi-prod/demand/incremental/run_1785542402.8799338.ndjson.gz', 'demand_id': '51854fec-8c06-11f1-0a80-1433003a8c11', 'position_id': '518556fe-8c06-11f1-0a80-1433003a8c13', 'transaction_date_raw': '2026-07-30 14:03:00.000', 'run_id': 1785542402.8799338, '_loaded_at': '2026-08-01T00:01:09.370126+00:00'}
    {'source_object': 'gs://msklad-raw-msklad-bi-prod/demand/incremental/run_1785546002.3755257.ndjson.gz', 'demand_id': '51854fec-8c06-11f1-0a80-1433003a8c11', 'position_id': '518556fe-8c06-11f1-0a80-1433003a8c13', 'transaction_date_raw': '2026-07-30 14:03:00.000', 'run_id': 1785546002.3755257, '_loaded_at': '2026-08-01T01:01:16.227463+00:00'}
    {'source_object': 'gs://msklad-raw-msklad-bi-prod/demand/incremental/run_1785549602.4608076.ndjson.gz', 'demand_id': '51854fec-8c06-11f1-0a80-1433003a8c11', 'position_id': '518556fe-8c06-11f1-0a80-1433003a8c13', 'transaction_date_raw': '2026-07-30 14:03:00.000', 'run_id': 1785549602.4608076, '_loaded_at': '2026-08-01T02:01:11.530847+00:00'}
    {'source_object': 'gs://msklad-raw-msklad-bi-prod/demand/incremental/run_1785553202.7414558.ndjson.gz', 'demand_id': '51854fec-8c06-11f1-0a80-1433003a8c11', 'position_id': '518556fe-8c06-11f1-0a80-1433003a8c13', 'transaction_date_raw': '2026-07-30 14:03:00.000', 'run_id': 1785553202.7414558, '_loaded_at': '2026-08-01T03:01:11.187138+00:00'}
    {'source_object': 'gs://msklad-raw-msklad-bi-prod/demand/incremental/run_1785556802.767019.ndjson.gz', 'demand_id': '51854fec-8c06-11f1-0a80-1433003a8c11', 'position_id': '518556fe-8c06-11f1-0a80-1433003a8c13', 'transaction_date_raw': '2026-07-30 14:03:00.000', 'run_id': 1785556802.767019, '_loaded_at': '2026-08-01T04:01:05.843956+00:00'}
    {'source_object': 'gs://msklad-raw-msklad-bi-prod/demand/incremental/run_1785560403.0292175.ndjson.gz', 'demand_id': '51854fec-8c06-11f1-0a80-1433003a8c11', 'position_id': '518556fe-8c06-11f1-0a80-1433003a8c13', 'transaction_date_raw': '2026-07-30 14:03:00.000', 'run_id': 1785560403.0292175, '_loaded_at': '2026-08-01T05:01:07.615690+00:00'}
    {'source_object': 'gs://msklad-raw-msklad-bi-prod/demand/incremental/run_1785564002.452597.ndjson.gz', 'demand_id': '51854fec-8c06-11f1-0a80-1433003a8c11', 'position_id': '518556fe-8c06-11f1-0a80-1433003a8c13', 'transaction_date_raw': '2026-07-30 14:03:00.000', 'run_id': 1785564002.452597, '_loaded_at': '2026-08-01T06:01:08.491289+00:00'}
    {'source_object': 'gs://msklad-raw-msklad-bi-prod/demand/incremental/run_1785567602.7884176.ndjson.gz', 'demand_id': '51854fec-8c06-11f1-0a80-1433003a8c11', 'position_id': '518556fe-8c06-11f1-0a80-1433003a8c13', 'transaction_date_raw': '2026-07-30 14:03:00.000', 'run_id': 1785567602.7884176, '_loaded_at': '2026-08-01T07:00:58.929774+00:00'}
    {'source_object': 'gs://msklad-raw-msklad-bi-prod/demand/incremental/run_1785571202.449191.ndjson.gz', 'demand_id': '51854fec-8c06-11f1-0a80-1433003a8c11', 'position_id': '518556fe-8c06-11f1-0a80-1433003a8c13', 'transaction_date_raw': '2026-07-30 14:03:00.000', 'run_id': 1785571202.449191, '_loaded_at': '2026-08-01T08:01:19.225096+00:00'}
    {'source_object': 'gs://msklad-raw-msklad-bi-prod/demand/incremental/run_1785574803.5138285.ndjson.gz', 'demand_id': '51854fec-8c06-11f1-0a80-1433003a8c11', 'position_id': '518556fe-8c06-11f1-0a80-1433003a8c13', 'transaction_date_raw': '2026-07-30 14:03:00.000', 'run_id': 1785574803.5138285, '_loaded_at': '2026-08-01T09:01:23.592874+00:00'}
    {'source_object': 'gs://msklad-raw-msklad-bi-prod/demand/incremental/run_1785578402.7792783.ndjson.gz', 'demand_id': '51854fec-8c06-11f1-0a80-1433003a8c11', 'position_id': '518556fe-8c06-11f1-0a80-1433003a8c13', 'transaction_date_raw': '2026-07-30 14:03:00.000', 'run_id': 1785578402.7792783, '_loaded_at': '2026-08-01T10:01:14.130784+00:00'}
    {'source_object': 'gs://msklad-raw-msklad-bi-prod/demand/incremental/run_1785582003.511804.ndjson.gz', 'demand_id': '51854fec-8c06-11f1-0a80-1433003a8c11', 'position_id': '518556fe-8c06-11f1-0a80-1433003a8c13', 'transaction_date_raw': '2026-07-30 14:03:00.000', 'run_id': 1785582003.511804, '_loaded_at': '2026-08-01T11:01:18.146829+00:00'}
    {'source_object': 'gs://msklad-raw-msklad-bi-prod/demand/incremental/run_1785585602.4972513.ndjson.gz', 'demand_id': '51854fec-8c06-11f1-0a80-1433003a8c11', 'position_id': '518556fe-8c06-11f1-0a80-1433003a8c13', 'transaction_date_raw': '2026-07-30 14:03:00.000', 'run_id': 1785585602.4972513, '_loaded_at': '2026-08-01T12:01:07.799940+00:00'}
961a459badd6e45493e4db351ca30d90 (transaction_date=2026-07-30, revenue_kgs=49680.0): найден в 50 более поздних архивах
    {'source_object': 'gs://msklad-raw-msklad-bi-prod/demand/incremental/run_1785409200.7335894.ndjson.gz', 'demand_id': 'c9eba0a7-8c01-11f1-0a80-14330037d8da', 'position_id': 'c9ebae7b-8c01-11f1-0a80-14330037d8e2', 'transaction_date_raw': '2026-07-30 13:31:00.000', 'run_id': 1785409200.7335894, '_loaded_at': '2026-07-30T11:01:10.098797+00:00'}
    {'source_object': 'gs://msklad-raw-msklad-bi-prod/demand/incremental/run_1785412802.3836248.ndjson.gz', 'demand_id': 'c9eba0a7-8c01-11f1-0a80-14330037d8da', 'position_id': 'c9ebae7b-8c01-11f1-0a80-14330037d8e2', 'transaction_date_raw': '2026-07-30 13:31:00.000', 'run_id': 1785412802.3836248, '_loaded_at': '2026-07-30T12:01:16.850556+00:00'}
    {'source_object': 'gs://msklad-raw-msklad-bi-prod/demand/incremental/run_1785416402.716512.ndjson.gz', 'demand_id': 'c9eba0a7-8c01-11f1-0a80-14330037d8da', 'position_id': 'c9ebae7b-8c01-11f1-0a80-14330037d8e2', 'transaction_date_raw': '2026-07-30 13:31:00.000', 'run_id': 1785416402.716512, '_loaded_at': '2026-07-30T13:01:14.279291+00:00'}
    {'source_object': 'gs://msklad-raw-msklad-bi-prod/demand/incremental/run_1785420002.426745.ndjson.gz', 'demand_id': 'c9eba0a7-8c01-11f1-0a80-14330037d8da', 'position_id': 'c9ebae7b-8c01-11f1-0a80-14330037d8e2', 'transaction_date_raw': '2026-07-30 13:31:00.000', 'run_id': 1785420002.426745, '_loaded_at': '2026-07-30T14:01:25.653307+00:00'}
    {'source_object': 'gs://msklad-raw-msklad-bi-prod/demand/incremental/run_1785423602.429217.ndjson.gz', 'demand_id': 'c9eba0a7-8c01-11f1-0a80-14330037d8da', 'position_id': 'c9ebae7b-8c01-11f1-0a80-14330037d8e2', 'transaction_date_raw': '2026-07-30 13:31:00.000', 'run_id': 1785423602.429217, '_loaded_at': '2026-07-30T15:01:08.820670+00:00'}
    {'source_object': 'gs://msklad-raw-msklad-bi-prod/demand/incremental/run_1785427202.7511954.ndjson.gz', 'demand_id': 'c9eba0a7-8c01-11f1-0a80-14330037d8da', 'position_id': 'c9ebae7b-8c01-11f1-0a80-14330037d8e2', 'transaction_date_raw': '2026-07-30 13:31:00.000', 'run_id': 1785427202.7511954, '_loaded_at': '2026-07-30T16:01:11.773507+00:00'}
    {'source_object': 'gs://msklad-raw-msklad-bi-prod/demand/incremental/run_1785430802.7432852.ndjson.gz', 'demand_id': 'c9eba0a7-8c01-11f1-0a80-14330037d8da', 'position_id': 'c9ebae7b-8c01-11f1-0a80-14330037d8e2', 'transaction_date_raw': '2026-07-30 13:31:00.000', 'run_id': 1785430802.7432852, '_loaded_at': '2026-07-30T17:01:10.320703+00:00'}
    {'source_object': 'gs://msklad-raw-msklad-bi-prod/demand/incremental/run_1785434402.7480865.ndjson.gz', 'demand_id': 'c9eba0a7-8c01-11f1-0a80-14330037d8da', 'position_id': 'c9ebae7b-8c01-11f1-0a80-14330037d8e2', 'transaction_date_raw': '2026-07-30 13:31:00.000', 'run_id': 1785434402.7480865, '_loaded_at': '2026-07-30T18:01:10.429735+00:00'}
    {'source_object': 'gs://msklad-raw-msklad-bi-prod/demand/incremental/run_1785438002.6583986.ndjson.gz', 'demand_id': 'c9eba0a7-8c01-11f1-0a80-14330037d8da', 'position_id': 'c9ebae7b-8c01-11f1-0a80-14330037d8e2', 'transaction_date_raw': '2026-07-30 13:31:00.000', 'run_id': 1785438002.6583986, '_loaded_at': '2026-07-30T19:00:57.617649+00:00'}
    {'source_object': 'gs://msklad-raw-msklad-bi-prod/demand/incremental/run_1785441602.3744574.ndjson.gz', 'demand_id': 'c9eba0a7-8c01-11f1-0a80-14330037d8da', 'position_id': 'c9ebae7b-8c01-11f1-0a80-14330037d8e2', 'transaction_date_raw': '2026-07-30 13:31:00.000', 'run_id': 1785441602.3744574, '_loaded_at': '2026-07-30T20:01:08.588391+00:00'}
    {'source_object': 'gs://msklad-raw-msklad-bi-prod/demand/incremental/run_1785445202.6452823.ndjson.gz', 'demand_id': 'c9eba0a7-8c01-11f1-0a80-14330037d8da', 'position_id': 'c9ebae7b-8c01-11f1-0a80-14330037d8e2', 'transaction_date_raw': '2026-07-30 13:31:00.000', 'run_id': 1785445202.6452823, '_loaded_at': '2026-07-30T21:01:00.890923+00:00'}
    {'source_object': 'gs://msklad-raw-msklad-bi-prod/demand/incremental/run_1785448802.6633074.ndjson.gz', 'demand_id': 'c9eba0a7-8c01-11f1-0a80-14330037d8da', 'position_id': 'c9ebae7b-8c01-11f1-0a80-14330037d8e2', 'transaction_date_raw': '2026-07-30 13:31:00.000', 'run_id': 1785448802.6633074, '_loaded_at': '2026-07-30T22:01:06.608700+00:00'}
    {'source_object': 'gs://msklad-raw-msklad-bi-prod/demand/incremental/run_1785452402.7155247.ndjson.gz', 'demand_id': 'c9eba0a7-8c01-11f1-0a80-14330037d8da', 'position_id': 'c9ebae7b-8c01-11f1-0a80-14330037d8e2', 'transaction_date_raw': '2026-07-30 13:31:00.000', 'run_id': 1785452402.7155247, '_loaded_at': '2026-07-30T23:01:14.461386+00:00'}
    {'source_object': 'gs://msklad-raw-msklad-bi-prod/demand/incremental/run_1785456002.3784206.ndjson.gz', 'demand_id': 'c9eba0a7-8c01-11f1-0a80-14330037d8da', 'position_id': 'c9ebae7b-8c01-11f1-0a80-14330037d8e2', 'transaction_date_raw': '2026-07-30 13:31:00.000', 'run_id': 1785456002.3784206, '_loaded_at': '2026-07-31T00:01:11.085100+00:00'}
    {'source_object': 'gs://msklad-raw-msklad-bi-prod/demand/incremental/run_1785459602.3746657.ndjson.gz', 'demand_id': 'c9eba0a7-8c01-11f1-0a80-14330037d8da', 'position_id': 'c9ebae7b-8c01-11f1-0a80-14330037d8e2', 'transaction_date_raw': '2026-07-30 13:31:00.000', 'run_id': 1785459602.3746657, '_loaded_at': '2026-07-31T01:01:05.436584+00:00'}
    {'source_object': 'gs://msklad-raw-msklad-bi-prod/demand/incremental/run_1785463202.6414807.ndjson.gz', 'demand_id': 'c9eba0a7-8c01-11f1-0a80-14330037d8da', 'position_id': 'c9ebae7b-8c01-11f1-0a80-14330037d8e2', 'transaction_date_raw': '2026-07-30 13:31:00.000', 'run_id': 1785463202.6414807, '_loaded_at': '2026-07-31T02:01:26.723041+00:00'}
    {'source_object': 'gs://msklad-raw-msklad-bi-prod/demand/incremental/run_1785466802.6377778.ndjson.gz', 'demand_id': 'c9eba0a7-8c01-11f1-0a80-14330037d8da', 'position_id': 'c9ebae7b-8c01-11f1-0a80-14330037d8e2', 'transaction_date_raw': '2026-07-30 13:31:00.000', 'run_id': 1785466802.6377778, '_loaded_at': '2026-07-31T03:01:10.542874+00:00'}
    {'source_object': 'gs://msklad-raw-msklad-bi-prod/demand/incremental/run_1785470402.8625119.ndjson.gz', 'demand_id': 'c9eba0a7-8c01-11f1-0a80-14330037d8da', 'position_id': 'c9ebae7b-8c01-11f1-0a80-14330037d8e2', 'transaction_date_raw': '2026-07-30 13:31:00.000', 'run_id': 1785470402.8625119, '_loaded_at': '2026-07-31T04:01:07.059605+00:00'}
    {'source_object': 'gs://msklad-raw-msklad-bi-prod/demand/incremental/run_1785474002.6453621.ndjson.gz', 'demand_id': 'c9eba0a7-8c01-11f1-0a80-14330037d8da', 'position_id': 'c9ebae7b-8c01-11f1-0a80-14330037d8e2', 'transaction_date_raw': '2026-07-30 13:31:00.000', 'run_id': 1785474002.6453621, '_loaded_at': '2026-07-31T05:01:09.114443+00:00'}
    {'source_object': 'gs://msklad-raw-msklad-bi-prod/demand/incremental/run_1785477602.7448037.ndjson.gz', 'demand_id': 'c9eba0a7-8c01-11f1-0a80-14330037d8da', 'position_id': 'c9ebae7b-8c01-11f1-0a80-14330037d8e2', 'transaction_date_raw': '2026-07-30 13:31:00.000', 'run_id': 1785477602.7448037, '_loaded_at': '2026-07-31T06:01:06.031469+00:00'}
    {'source_object': 'gs://msklad-raw-msklad-bi-prod/demand/incremental/run_1785481202.384431.ndjson.gz', 'demand_id': 'c9eba0a7-8c01-11f1-0a80-14330037d8da', 'position_id': 'c9ebae7b-8c01-11f1-0a80-14330037d8e2', 'transaction_date_raw': '2026-07-30 13:31:00.000', 'run_id': 1785481202.384431, '_loaded_at': '2026-07-31T07:01:11.305433+00:00'}
    {'source_object': 'gs://msklad-raw-msklad-bi-prod/demand/incremental/run_1785484802.7275898.ndjson.gz', 'demand_id': 'c9eba0a7-8c01-11f1-0a80-14330037d8da', 'position_id': 'c9ebae7b-8c01-11f1-0a80-14330037d8e2', 'transaction_date_raw': '2026-07-30 13:31:00.000', 'run_id': 1785484802.7275898, '_loaded_at': '2026-07-31T08:01:18.621142+00:00'}
    {'source_object': 'gs://msklad-raw-msklad-bi-prod/demand/incremental/run_1785488402.545512.ndjson.gz', 'demand_id': 'c9eba0a7-8c01-11f1-0a80-14330037d8da', 'position_id': 'c9ebae7b-8c01-11f1-0a80-14330037d8e2', 'transaction_date_raw': '2026-07-30 13:31:00.000', 'run_id': 1785488402.545512, '_loaded_at': '2026-07-31T09:01:28.235606+00:00'}
    {'source_object': 'gs://msklad-raw-msklad-bi-prod/demand/incremental/run_1785492002.8186915.ndjson.gz', 'demand_id': 'c9eba0a7-8c01-11f1-0a80-14330037d8da', 'position_id': 'c9ebae7b-8c01-11f1-0a80-14330037d8e2', 'transaction_date_raw': '2026-07-30 13:31:00.000', 'run_id': 1785492002.8186915, '_loaded_at': '2026-07-31T10:01:22.786594+00:00'}
    {'source_object': 'gs://msklad-raw-msklad-bi-prod/demand/incremental/run_1785495602.7688107.ndjson.gz', 'demand_id': 'c9eba0a7-8c01-11f1-0a80-14330037d8da', 'position_id': 'c9ebae7b-8c01-11f1-0a80-14330037d8e2', 'transaction_date_raw': '2026-07-30 13:31:00.000', 'run_id': 1785495602.7688107, '_loaded_at': '2026-07-31T11:01:14.849492+00:00'}
    {'source_object': 'gs://msklad-raw-msklad-bi-prod/demand/incremental/run_1785499202.799563.ndjson.gz', 'demand_id': 'c9eba0a7-8c01-11f1-0a80-14330037d8da', 'position_id': 'c9ebae7b-8c01-11f1-0a80-14330037d8e2', 'transaction_date_raw': '2026-07-30 13:31:00.000', 'run_id': 1785499202.799563, '_loaded_at': '2026-07-31T12:01:26.098516+00:00'}
    {'source_object': 'gs://msklad-raw-msklad-bi-prod/demand/incremental/run_1785502802.7845662.ndjson.gz', 'demand_id': 'c9eba0a7-8c01-11f1-0a80-14330037d8da', 'position_id': 'c9ebae7b-8c01-11f1-0a80-14330037d8e2', 'transaction_date_raw': '2026-07-30 13:31:00.000', 'run_id': 1785502802.7845662, '_loaded_at': '2026-07-31T13:01:20.218660+00:00'}
    {'source_object': 'gs://msklad-raw-msklad-bi-prod/demand/incremental/run_1785506402.7495732.ndjson.gz', 'demand_id': 'c9eba0a7-8c01-11f1-0a80-14330037d8da', 'position_id': 'c9ebae7b-8c01-11f1-0a80-14330037d8e2', 'transaction_date_raw': '2026-07-30 13:31:00.000', 'run_id': 1785506402.7495732, '_loaded_at': '2026-07-31T14:01:20.935175+00:00'}
    {'source_object': 'gs://msklad-raw-msklad-bi-prod/demand/incremental/run_1785510002.4042401.ndjson.gz', 'demand_id': 'c9eba0a7-8c01-11f1-0a80-14330037d8da', 'position_id': 'c9ebae7b-8c01-11f1-0a80-14330037d8e2', 'transaction_date_raw': '2026-07-30 13:31:00.000', 'run_id': 1785510002.4042401, '_loaded_at': '2026-07-31T15:01:18.994083+00:00'}
    {'source_object': 'gs://msklad-raw-msklad-bi-prod/demand/incremental/run_1785513602.3435938.ndjson.gz', 'demand_id': 'c9eba0a7-8c01-11f1-0a80-14330037d8da', 'position_id': 'c9ebae7b-8c01-11f1-0a80-14330037d8e2', 'transaction_date_raw': '2026-07-30 13:31:00.000', 'run_id': 1785513602.3435938, '_loaded_at': '2026-07-31T16:01:19.281524+00:00'}
    {'source_object': 'gs://msklad-raw-msklad-bi-prod/demand/incremental/run_1785517202.743991.ndjson.gz', 'demand_id': 'c9eba0a7-8c01-11f1-0a80-14330037d8da', 'position_id': 'c9ebae7b-8c01-11f1-0a80-14330037d8e2', 'transaction_date_raw': '2026-07-30 13:31:00.000', 'run_id': 1785517202.743991, '_loaded_at': '2026-07-31T17:01:10.096089+00:00'}
    {'source_object': 'gs://msklad-raw-msklad-bi-prod/demand/incremental/run_1785520802.6950645.ndjson.gz', 'demand_id': 'c9eba0a7-8c01-11f1-0a80-14330037d8da', 'position_id': 'c9ebae7b-8c01-11f1-0a80-14330037d8e2', 'transaction_date_raw': '2026-07-30 13:31:00.000', 'run_id': 1785520802.6950645, '_loaded_at': '2026-07-31T18:01:11.857265+00:00'}
    {'source_object': 'gs://msklad-raw-msklad-bi-prod/demand/incremental/run_1785524402.5882726.ndjson.gz', 'demand_id': 'c9eba0a7-8c01-11f1-0a80-14330037d8da', 'position_id': 'c9ebae7b-8c01-11f1-0a80-14330037d8e2', 'transaction_date_raw': '2026-07-30 13:31:00.000', 'run_id': 1785524402.5882726, '_loaded_at': '2026-07-31T19:01:10.337768+00:00'}
    {'source_object': 'gs://msklad-raw-msklad-bi-prod/demand/incremental/run_1785528002.6461554.ndjson.gz', 'demand_id': 'c9eba0a7-8c01-11f1-0a80-14330037d8da', 'position_id': 'c9ebae7b-8c01-11f1-0a80-14330037d8e2', 'transaction_date_raw': '2026-07-30 13:31:00.000', 'run_id': 1785528002.6461554, '_loaded_at': '2026-07-31T20:01:08.613065+00:00'}
    {'source_object': 'gs://msklad-raw-msklad-bi-prod/demand/incremental/run_1785531602.1082246.ndjson.gz', 'demand_id': 'c9eba0a7-8c01-11f1-0a80-14330037d8da', 'position_id': 'c9ebae7b-8c01-11f1-0a80-14330037d8e2', 'transaction_date_raw': '2026-07-30 13:31:00.000', 'run_id': 1785531602.1082246, '_loaded_at': '2026-07-31T21:01:18.436942+00:00'}
    {'source_object': 'gs://msklad-raw-msklad-bi-prod/demand/incremental/run_1785535202.6596227.ndjson.gz', 'demand_id': 'c9eba0a7-8c01-11f1-0a80-14330037d8da', 'position_id': 'c9ebae7b-8c01-11f1-0a80-14330037d8e2', 'transaction_date_raw': '2026-07-30 13:31:00.000', 'run_id': 1785535202.6596227, '_loaded_at': '2026-07-31T22:01:01.868660+00:00'}
    {'source_object': 'gs://msklad-raw-msklad-bi-prod/demand/incremental/run_1785538802.6248791.ndjson.gz', 'demand_id': 'c9eba0a7-8c01-11f1-0a80-14330037d8da', 'position_id': 'c9ebae7b-8c01-11f1-0a80-14330037d8e2', 'transaction_date_raw': '2026-07-30 13:31:00.000', 'run_id': 1785538802.6248791, '_loaded_at': '2026-07-31T23:01:05.904771+00:00'}
    {'source_object': 'gs://msklad-raw-msklad-bi-prod/demand/incremental/run_1785542402.8799338.ndjson.gz', 'demand_id': 'c9eba0a7-8c01-11f1-0a80-14330037d8da', 'position_id': 'c9ebae7b-8c01-11f1-0a80-14330037d8e2', 'transaction_date_raw': '2026-07-30 13:31:00.000', 'run_id': 1785542402.8799338, '_loaded_at': '2026-08-01T00:01:09.370126+00:00'}
    {'source_object': 'gs://msklad-raw-msklad-bi-prod/demand/incremental/run_1785546002.3755257.ndjson.gz', 'demand_id': 'c9eba0a7-8c01-11f1-0a80-14330037d8da', 'position_id': 'c9ebae7b-8c01-11f1-0a80-14330037d8e2', 'transaction_date_raw': '2026-07-30 13:31:00.000', 'run_id': 1785546002.3755257, '_loaded_at': '2026-08-01T01:01:16.227463+00:00'}
    {'source_object': 'gs://msklad-raw-msklad-bi-prod/demand/incremental/run_1785549602.4608076.ndjson.gz', 'demand_id': 'c9eba0a7-8c01-11f1-0a80-14330037d8da', 'position_id': 'c9ebae7b-8c01-11f1-0a80-14330037d8e2', 'transaction_date_raw': '2026-07-30 13:31:00.000', 'run_id': 1785549602.4608076, '_loaded_at': '2026-08-01T02:01:11.530847+00:00'}
    {'source_object': 'gs://msklad-raw-msklad-bi-prod/demand/incremental/run_1785553202.7414558.ndjson.gz', 'demand_id': 'c9eba0a7-8c01-11f1-0a80-14330037d8da', 'position_id': 'c9ebae7b-8c01-11f1-0a80-14330037d8e2', 'transaction_date_raw': '2026-07-30 13:31:00.000', 'run_id': 1785553202.7414558, '_loaded_at': '2026-08-01T03:01:11.187138+00:00'}
    {'source_object': 'gs://msklad-raw-msklad-bi-prod/demand/incremental/run_1785556802.767019.ndjson.gz', 'demand_id': 'c9eba0a7-8c01-11f1-0a80-14330037d8da', 'position_id': 'c9ebae7b-8c01-11f1-0a80-14330037d8e2', 'transaction_date_raw': '2026-07-30 13:31:00.000', 'run_id': 1785556802.767019, '_loaded_at': '2026-08-01T04:01:05.843956+00:00'}
    {'source_object': 'gs://msklad-raw-msklad-bi-prod/demand/incremental/run_1785560403.0292175.ndjson.gz', 'demand_id': 'c9eba0a7-8c01-11f1-0a80-14330037d8da', 'position_id': 'c9ebae7b-8c01-11f1-0a80-14330037d8e2', 'transaction_date_raw': '2026-07-30 13:31:00.000', 'run_id': 1785560403.0292175, '_loaded_at': '2026-08-01T05:01:07.615690+00:00'}
    {'source_object': 'gs://msklad-raw-msklad-bi-prod/demand/incremental/run_1785564002.452597.ndjson.gz', 'demand_id': 'c9eba0a7-8c01-11f1-0a80-14330037d8da', 'position_id': 'c9ebae7b-8c01-11f1-0a80-14330037d8e2', 'transaction_date_raw': '2026-07-30 13:31:00.000', 'run_id': 1785564002.452597, '_loaded_at': '2026-08-01T06:01:08.491289+00:00'}
    {'source_object': 'gs://msklad-raw-msklad-bi-prod/demand/incremental/run_1785567602.7884176.ndjson.gz', 'demand_id': 'c9eba0a7-8c01-11f1-0a80-14330037d8da', 'position_id': 'c9ebae7b-8c01-11f1-0a80-14330037d8e2', 'transaction_date_raw': '2026-07-30 13:31:00.000', 'run_id': 1785567602.7884176, '_loaded_at': '2026-08-01T07:00:58.929774+00:00'}
    {'source_object': 'gs://msklad-raw-msklad-bi-prod/demand/incremental/run_1785571202.449191.ndjson.gz', 'demand_id': 'c9eba0a7-8c01-11f1-0a80-14330037d8da', 'position_id': 'c9ebae7b-8c01-11f1-0a80-14330037d8e2', 'transaction_date_raw': '2026-07-30 13:31:00.000', 'run_id': 1785571202.449191, '_loaded_at': '2026-08-01T08:01:19.225096+00:00'}
    {'source_object': 'gs://msklad-raw-msklad-bi-prod/demand/incremental/run_1785574803.5138285.ndjson.gz', 'demand_id': 'c9eba0a7-8c01-11f1-0a80-14330037d8da', 'position_id': 'c9ebae7b-8c01-11f1-0a80-14330037d8e2', 'transaction_date_raw': '2026-07-30 13:31:00.000', 'run_id': 1785574803.5138285, '_loaded_at': '2026-08-01T09:01:23.592874+00:00'}
    {'source_object': 'gs://msklad-raw-msklad-bi-prod/demand/incremental/run_1785578402.7792783.ndjson.gz', 'demand_id': 'c9eba0a7-8c01-11f1-0a80-14330037d8da', 'position_id': 'c9ebae7b-8c01-11f1-0a80-14330037d8e2', 'transaction_date_raw': '2026-07-30 13:31:00.000', 'run_id': 1785578402.7792783, '_loaded_at': '2026-08-01T10:01:14.130784+00:00'}
    {'source_object': 'gs://msklad-raw-msklad-bi-prod/demand/incremental/run_1785582003.511804.ndjson.gz', 'demand_id': 'c9eba0a7-8c01-11f1-0a80-14330037d8da', 'position_id': 'c9ebae7b-8c01-11f1-0a80-14330037d8e2', 'transaction_date_raw': '2026-07-30 13:31:00.000', 'run_id': 1785582003.511804, '_loaded_at': '2026-08-01T11:01:18.146829+00:00'}
    {'source_object': 'gs://msklad-raw-msklad-bi-prod/demand/incremental/run_1785585602.4972513.ndjson.gz', 'demand_id': 'c9eba0a7-8c01-11f1-0a80-14330037d8da', 'position_id': 'c9ebae7b-8c01-11f1-0a80-14330037d8e2', 'transaction_date_raw': '2026-07-30 13:31:00.000', 'run_id': 1785585602.4972513, '_loaded_at': '2026-08-01T12:01:07.799940+00:00'}
=== личность вызывающего (конец) ===
     Credentialed Accounts
ACTIVE  ACCOUNT
*       ilyasbazarov4@gmail.com

To set the active account, run:
    $ gcloud config set account `ACCOUNT`

=== UTC-якорь (конец) ===
Sat Aug  8 07:35:42 UTC 2026
