=== date -u (start) ===
Sun Aug  2 19:37:11 UTC 2026
=== gcloud auth list (start) ===
     Credentialed Accounts
ACTIVE  ACCOUNT
*       ilyasbazarov4@gmail.com

To set the active account, run:
    $ gcloud config set account `ACCOUNT`

=== Cloud Workflows: msklad-pipeline-hourly, все выполнения, лимит 500 (окно 2026-07-15..2026-08-02) ===
[
  {
    "createTime": "2026-08-02T19:00:02.407491703Z",
    "duration": "132.801488601s",
    "endTime": "2026-08-02T19:02:15.208980304Z",
    "name": "projects/420804682491/locations/asia-east1/workflows/msklad-pipeline-hourly/executions/d6f2014a-baf1-4af3-b01a-7896548a684e",
    "startTime": "2026-08-02T19:00:02.407491703Z",
    "state": "FAILED",
    "status": {
      "currentSteps": [
        {
          "routine": "main",
          "step": "raise_dq_failed"
        }
      ]
    },
    "workflowRevisionId": "000003-f02"
  },
  {
    "createTime": "2026-08-02T18:00:02.798364976Z",
    "duration": "136.186740126s",
    "endTime": "2026-08-02T18:02:18.985105102Z",
    "name": "projects/420804682491/locations/asia-east1/workflows/msklad-pipeline-hourly/executions/5a36322f-76fa-428f-b2be-62bc2e1b98d5",
    "startTime": "2026-08-02T18:00:02.798364976Z",
    "state": "FAILED",
    "status": {
      "currentSteps": [
        {
          "routine": "main",
          "step": "raise_dq_failed"
        }
      ]
    },
    "workflowRevisionId": "000003-f02"
  },
  {
    "createTime": "2026-08-02T17:00:03.219142775Z",
    "duration": "147.598416026s",
    "endTime": "2026-08-02T17:02:30.817558801Z",
    "name": "projects/420804682491/locations/asia-east1/workflows/msklad-pipeline-hourly/executions/33b19c17-5ffd-422a-a4d7-05033ee7e854",
    "startTime": "2026-08-02T17:00:03.219142775Z",
    "state": "FAILED",
    "status": {
      "currentSteps": [
        {
          "routine": "main",
          "step": "raise_dq_failed"
        }
      ]
    },
    "workflowRevisionId": "000003-f02"
  },
  {
    "createTime": "2026-08-02T16:00:03.955815546Z",
    "duration": "139.589079809s",
    "endTime": "2026-08-02T16:02:23.544895355Z",
    "name": "projects/420804682491/locations/asia-east1/workflows/msklad-pipeline-hourly/executions/5f3bcb07-f8f0-473f-b949-0af54b8ecc5c",
    "startTime": "2026-08-02T16:00:03.955815546Z",
    "state": "FAILED",
    "status": {
      "currentSteps": [
        {
          "routine": "main",
          "step": "raise_dq_failed"
        }
      ]
    },
    "workflowRevisionId": "000003-f02"
  },
  {
    "createTime": "2026-08-02T15:00:02.643805262Z",
    "duration": "131.819090419s",
    "endTime": "2026-08-02T15:02:14.462895681Z",
    "name": "projects/420804682491/locations/asia-east1/workflows/msklad-pipeline-hourly/executions/d66ea58c-4c92-4ad9-ad8f-2deef354c6cb",
    "startTime": "2026-08-02T15:00:02.643805262Z",
    "state": "FAILED",
    "status": {
      "currentSteps": [
        {
          "routine": "main",
          "step": "raise_dq_failed"
        }
      ]
    },
    "workflowRevisionId": "000003-f02"
  },
  {
    "createTime": "2026-08-02T14:00:02.661708246Z",
    "duration": "117.878135458s",
    "endTime": "2026-08-02T14:02:00.539843704Z",
    "name": "projects/420804682491/locations/asia-east1/workflows/msklad-pipeline-hourly/executions/a0af2459-5fc5-47e3-9c06-0f0c4eb31ba8",
    "startTime": "2026-08-02T14:00:02.661708246Z",
    "state": "FAILED",
    "status": {
      "currentSteps": [
        {
          "routine": "main",
          "step": "raise_dq_failed"
        }
      ]
    },
    "workflowRevisionId": "000003-f02"
  },
  {
    "createTime": "2026-08-02T13:00:02.599715483Z",
    "duration": "131.933890301s",
    "endTime": "2026-08-02T13:02:14.533605784Z",
    "name": "projects/420804682491/locations/asia-east1/workflows/msklad-pipeline-hourly/executions/d022a76a-a81f-40b7-b997-86502f7f7482",
    "startTime": "2026-08-02T13:00:02.599715483Z",
    "state": "FAILED",
    "status": {
      "currentSteps": [
        {
          "routine": "main",
          "step": "raise_dq_failed"
        }
      ]
    },
    "workflowRevisionId": "000003-f02"
  },
  {
    "createTime": "2026-08-02T12:00:02.589471128Z",
    "duration": "146.439322266s",
    "endTime": "2026-08-02T12:02:29.028793394Z",
    "name": "projects/420804682491/locations/asia-east1/workflows/msklad-pipeline-hourly/executions/e70b753a-b95f-4b9c-97e8-a4ce77c617c5",
    "startTime": "2026-08-02T12:00:02.589471128Z",
    "state": "FAILED",
    "status": {
      "currentSteps": [
        {
          "routine": "main",
          "step": "raise_dq_failed"
        }
      ]
    },
    "workflowRevisionId": "000003-f02"
  },
  {
    "createTime": "2026-08-02T11:00:02.305185602Z",
    "duration": "134.598966006s",
    "endTime": "2026-08-02T11:02:16.904151608Z",
    "name": "projects/420804682491/locations/asia-east1/workflows/msklad-pipeline-hourly/executions/8a71fb9d-ff6e-4f2f-9176-023ddd1dff5c",
    "startTime": "2026-08-02T11:00:02.305185602Z",
    "state": "FAILED",
    "status": {
      "currentSteps": [
        {
          "routine": "main",
          "step": "raise_dq_failed"
        }
      ]
    },
    "workflowRevisionId": "000003-f02"
  },
  {
    "createTime": "2026-08-02T10:00:02.691422540Z",
    "duration": "124.433820728s",
    "endTime": "2026-08-02T10:02:07.125243268Z",
    "name": "projects/420804682491/locations/asia-east1/workflows/msklad-pipeline-hourly/executions/ec87c389-a12e-4c60-907a-1f2b0a37daf4",
    "startTime": "2026-08-02T10:00:02.691422540Z",
    "state": "FAILED",
    "status": {
      "currentSteps": [
        {
          "routine": "main",
          "step": "raise_dq_failed"
        }
      ]
    },
    "workflowRevisionId": "000003-f02"
  },
  {
    "createTime": "2026-08-02T09:00:02.642535158Z",
    "duration": "139.578847149s",
    "endTime": "2026-08-02T09:02:22.221382307Z",
    "name": "projects/420804682491/locations/asia-east1/workflows/msklad-pipeline-hourly/executions/3d33546d-3e0c-47fb-af49-caca2ad2545e",
    "startTime": "2026-08-02T09:00:02.642535158Z",
    "state": "FAILED",
    "status": {
      "currentSteps": [
        {
          "routine": "main",
          "step": "raise_dq_failed"
        }
      ]
    },
    "workflowRevisionId": "000003-f02"
  },
  {
    "createTime": "2026-08-02T08:00:02.439667253Z",
    "duration": "119.772448580s",
    "endTime": "2026-08-02T08:02:02.212115833Z",
    "name": "projects/420804682491/locations/asia-east1/workflows/msklad-pipeline-hourly/executions/7bf2e510-a859-493b-aabb-f3b011ff707a",
    "startTime": "2026-08-02T08:00:02.439667253Z",
    "state": "FAILED",
    "status": {
      "currentSteps": [
        {
          "routine": "main",
          "step": "raise_dq_failed"
        }
      ]
    },
    "workflowRevisionId": "000003-f02"
  },
  {
    "createTime": "2026-08-02T07:00:02.701269052Z",
    "duration": "137.262019624s",
    "endTime": "2026-08-02T07:02:19.963288676Z",
    "name": "projects/420804682491/locations/asia-east1/workflows/msklad-pipeline-hourly/executions/0d872bdc-c3eb-4eaf-b2bb-a2bd5e7e29c2",
    "startTime": "2026-08-02T07:00:02.701269052Z",
    "state": "FAILED",
    "status": {
      "currentSteps": [
        {
          "routine": "main",
          "step": "raise_dq_failed"
        }
      ]
    },
    "workflowRevisionId": "000003-f02"
  },
  {
    "createTime": "2026-08-02T06:00:02.662049616Z",
    "duration": "146.070554110s",
    "endTime": "2026-08-02T06:02:28.732603726Z",
    "name": "projects/420804682491/locations/asia-east1/workflows/msklad-pipeline-hourly/executions/025da3c0-178e-4da0-b54a-98d05ae9c904",
    "startTime": "2026-08-02T06:00:02.662049616Z",
    "state": "FAILED",
    "status": {
      "currentSteps": [
        {
          "routine": "main",
          "step": "raise_dq_failed"
        }
      ]
    },
    "workflowRevisionId": "000003-f02"
  },
  {
    "createTime": "2026-08-02T05:00:02.313442668Z",
    "duration": "128.260309851s",
    "endTime": "2026-08-02T05:02:10.573752519Z",
    "name": "projects/420804682491/locations/asia-east1/workflows/msklad-pipeline-hourly/executions/18bc61a9-73eb-4e4f-b5ea-25d10aa6446b",
    "startTime": "2026-08-02T05:00:02.313442668Z",
    "state": "FAILED",
    "status": {
      "currentSteps": [
        {
          "routine": "main",
          "step": "raise_dq_failed"
        }
      ]
    },
    "workflowRevisionId": "000003-f02"
  },
  {
    "createTime": "2026-08-02T04:00:02.603656379Z",
    "duration": "148.112696211s",
    "endTime": "2026-08-02T04:02:30.716352590Z",
    "name": "projects/420804682491/locations/asia-east1/workflows/msklad-pipeline-hourly/executions/9c260db7-51d2-4deb-a36e-58341eaa0688",
    "startTime": "2026-08-02T04:00:02.603656379Z",
    "state": "FAILED",
    "status": {
      "currentSteps": [
        {
          "routine": "main",
          "step": "raise_dq_failed"
        }
      ]
    },
    "workflowRevisionId": "000003-f02"
  },
  {
    "createTime": "2026-08-02T03:00:03.444023849Z",
    "duration": "129.225287974s",
    "endTime": "2026-08-02T03:02:12.669311823Z",
    "name": "projects/420804682491/locations/asia-east1/workflows/msklad-pipeline-hourly/executions/54801bd2-3ac8-4247-9fa2-1de3dcc65921",
    "startTime": "2026-08-02T03:00:03.444023849Z",
    "state": "FAILED",
    "status": {
      "currentSteps": [
        {
          "routine": "main",
          "step": "raise_dq_failed"
        }
      ]
    },
    "workflowRevisionId": "000003-f02"
  },
  {
    "createTime": "2026-08-02T02:00:02.296880740Z",
    "duration": "133.339256386s",
    "endTime": "2026-08-02T02:02:15.636137126Z",
    "name": "projects/420804682491/locations/asia-east1/workflows/msklad-pipeline-hourly/executions/9ce76a65-c282-4d50-a612-a99ed4efff47",
    "startTime": "2026-08-02T02:00:02.296880740Z",
    "state": "FAILED",
    "status": {
      "currentSteps": [
        {
          "routine": "main",
          "step": "raise_dq_failed"
        }
      ]
    },
    "workflowRevisionId": "000003-f02"
  },
  {
    "createTime": "2026-08-02T01:00:02.346377782Z",
    "duration": "123.409238978s",
    "endTime": "2026-08-02T01:02:05.755616760Z",
    "name": "projects/420804682491/locations/asia-east1/workflows/msklad-pipeline-hourly/executions/9a5916bf-b0fe-4c89-b0f5-789f95fa5dd6",
    "startTime": "2026-08-02T01:00:02.346377782Z",
    "state": "FAILED",
    "status": {
      "currentSteps": [
        {
          "routine": "main",
          "step": "raise_dq_failed"
        }
      ]
    },
    "workflowRevisionId": "000003-f02"
  },
  {
    "createTime": "2026-08-02T00:00:02.692269380Z",
    "duration": "118.295184963s",
    "endTime": "2026-08-02T00:02:00.987454343Z",
    "name": "projects/420804682491/locations/asia-east1/workflows/msklad-pipeline-hourly/executions/a03739cf-9a9c-44db-96a5-acfee7f7c0b9",
    "startTime": "2026-08-02T00:00:02.692269380Z",
    "state": "FAILED",
    "status": {
      "currentSteps": [
        {
          "routine": "main",
          "step": "raise_dq_failed"
        }
      ]
    },
    "workflowRevisionId": "000003-f02"
  },
  {
    "createTime": "2026-08-01T23:00:02.586992256Z",
    "duration": "122.638786602s",
    "endTime": "2026-08-01T23:02:05.225778858Z",
    "name": "projects/420804682491/locations/asia-east1/workflows/msklad-pipeline-hourly/executions/a99e26da-b11e-4c57-b52f-8f30de690963",
    "startTime": "2026-08-01T23:00:02.586992256Z",
    "state": "FAILED",
    "status": {
      "currentSteps": [
        {
          "routine": "main",
          "step": "raise_dq_failed"
        }
      ]
    },
    "workflowRevisionId": "000003-f02"
  },
  {
    "createTime": "2026-08-01T22:00:02.587877607Z",
    "duration": "133.071640639s",
    "endTime": "2026-08-01T22:02:15.659518246Z",
    "name": "projects/420804682491/locations/asia-east1/workflows/msklad-pipeline-hourly/executions/58e002bb-9c52-441d-90ea-360125b92a3c",
    "startTime": "2026-08-01T22:00:02.587877607Z",
    "state": "FAILED",
    "status": {
      "currentSteps": [
        {
          "routine": "main",
          "step": "raise_dq_failed"
        }
      ]
    },
    "workflowRevisionId": "000003-f02"
  },
  {
    "createTime": "2026-08-01T21:00:02.675713617Z",
    "duration": "128.118871306s",
    "endTime": "2026-08-01T21:02:10.794584923Z",
    "name": "projects/420804682491/locations/asia-east1/workflows/msklad-pipeline-hourly/executions/9020f71f-7fd1-4ca5-b145-8a1f0cb5b98c",
    "startTime": "2026-08-01T21:00:02.675713617Z",
    "state": "FAILED",
    "status": {
      "currentSteps": [
        {
          "routine": "main",
          "step": "raise_dq_failed"
        }
      ]
    },
    "workflowRevisionId": "000003-f02"
  },
  {
    "createTime": "2026-08-01T20:00:02.738813415Z",
    "duration": "134.679354440s",
    "endTime": "2026-08-01T20:02:17.418167855Z",
    "name": "projects/420804682491/locations/asia-east1/workflows/msklad-pipeline-hourly/executions/ea8aae49-b11e-4f6f-ab7d-ee326514e4f9",
    "startTime": "2026-08-01T20:00:02.738813415Z",
    "state": "FAILED",
    "status": {
      "currentSteps": [
        {
          "routine": "main",
          "step": "raise_dq_failed"
        }
      ]
    },
    "workflowRevisionId": "000003-f02"
  },
  {
    "createTime": "2026-08-01T19:00:02.539148622Z",
    "duration": "131.076083155s",
    "endTime": "2026-08-01T19:02:13.615231777Z",
    "name": "projects/420804682491/locations/asia-east1/workflows/msklad-pipeline-hourly/executions/72199b80-f2ac-404b-a9b3-3397b032ab1d",
    "startTime": "2026-08-01T19:00:02.539148622Z",
    "state": "FAILED",
    "status": {
      "currentSteps": [
        {
          "routine": "main",
          "step": "raise_dq_failed"
        }
      ]
    },
    "workflowRevisionId": "000003-f02"
  },
  {
    "createTime": "2026-08-01T18:00:02.638438077Z",
    "duration": "118.717459097s",
    "endTime": "2026-08-01T18:02:01.355897174Z",
    "name": "projects/420804682491/locations/asia-east1/workflows/msklad-pipeline-hourly/executions/cfee49f6-18cb-40c8-83f1-a07d77737c66",
    "startTime": "2026-08-01T18:00:02.638438077Z",
    "state": "FAILED",
    "status": {
      "currentSteps": [
        {
          "routine": "main",
          "step": "raise_dq_failed"
        }
      ]
    },
    "workflowRevisionId": "000003-f02"
  },
  {
    "createTime": "2026-08-01T17:00:02.276963478Z",
    "duration": "308.173410898s",
    "endTime": "2026-08-01T17:05:10.450374376Z",
    "name": "projects/420804682491/locations/asia-east1/workflows/msklad-pipeline-hourly/executions/bc08b99a-6456-460a-9591-4e0bfab0d0c6",
    "startTime": "2026-08-01T17:00:02.276963478Z",
    "state": "SUCCEEDED",
    "status": {
      "currentSteps": [
        {
          "routine": "main",
          "step": "return_result"
        }
      ]
    },
    "workflowRevisionId": "000003-f02"
  },
  {
    "createTime": "2026-08-01T16:00:02.735922707Z",
    "duration": "334.221890261s",
    "endTime": "2026-08-01T16:05:36.957812968Z",
    "name": "projects/420804682491/locations/asia-east1/workflows/msklad-pipeline-hourly/executions/19345db0-df23-4afb-bf64-d1725dbfe1d7",
    "startTime": "2026-08-01T16:00:02.735922707Z",
    "state": "SUCCEEDED",
    "status": {
      "currentSteps": [
        {
          "routine": "main",
          "step": "return_result"
        }
      ]
    },
    "workflowRevisionId": "000003-f02"
  },
  {
    "createTime": "2026-08-01T15:00:02.650955962Z",
    "duration": "315.321532042s",
    "endTime": "2026-08-01T15:05:17.972488004Z",
    "name": "projects/420804682491/locations/asia-east1/workflows/msklad-pipeline-hourly/executions/aeb9ec24-c194-4896-9f9e-5b6c7e0b202c",
    "startTime": "2026-08-01T15:00:02.650955962Z",
    "state": "SUCCEEDED",
    "status": {
      "currentSteps": [
        {
          "routine": "main",
          "step": "return_result"
        }
      ]
    },
    "workflowRevisionId": "000003-f02"
  },
  {
    "createTime": "2026-08-01T14:00:03.187875045Z",
    "duration": "328.048308631s",
    "endTime": "2026-08-01T14:05:31.236183676Z",
    "name": "projects/420804682491/locations/asia-east1/workflows/msklad-pipeline-hourly/executions/7dde4716-6211-4867-97b1-0447d8bf6553",
    "startTime": "2026-08-01T14:00:03.187875045Z",
    "state": "SUCCEEDED",
    "status": {
      "currentSteps": [
        {
          "routine": "main",
          "step": "return_result"
        }
      ]
    },
    "workflowRevisionId": "000003-f02"
  },
  {
    "createTime": "2026-08-01T13:00:02.340170833Z",
    "duration": "406.489626283s",
    "endTime": "2026-08-01T13:06:48.829797116Z",
    "name": "projects/420804682491/locations/asia-east1/workflows/msklad-pipeline-hourly/executions/65ae1908-a4e2-4f12-90fd-ee20a448f300",
    "startTime": "2026-08-01T13:00:02.340170833Z",
    "state": "SUCCEEDED",
    "status": {
      "currentSteps": [
        {
          "routine": "main",
          "step": "return_result"
        }
      ]
    },
    "workflowRevisionId": "000003-f02"
  },
  {
    "createTime": "2026-08-01T12:00:02.446432171Z",
    "duration": "318.571520922s",
    "endTime": "2026-08-01T12:05:21.017953093Z",
    "name": "projects/420804682491/locations/asia-east1/workflows/msklad-pipeline-hourly/executions/838c71cd-757b-46fd-bb02-ee10c9f6c92e",
    "startTime": "2026-08-01T12:00:02.446432171Z",
    "state": "SUCCEEDED",
    "status": {
      "currentSteps": [
        {
          "routine": "main",
          "step": "return_result"
        }
      ]
    },
    "workflowRevisionId": "000003-f02"
  },
  {
    "createTime": "2026-08-01T11:00:03.406625737Z",
    "duration": "324.209137793s",
    "endTime": "2026-08-01T11:05:27.615763530Z",
    "name": "projects/420804682491/locations/asia-east1/workflows/msklad-pipeline-hourly/executions/9771c9fe-3262-478f-9aca-74d158d53915",
    "startTime": "2026-08-01T11:00:03.406625737Z",
    "state": "SUCCEEDED",
    "status": {
      "currentSteps": [
        {
          "routine": "main",
          "step": "return_result"
        }
      ]
    },
    "workflowRevisionId": "000003-f02"
  },
  {
    "createTime": "2026-08-01T10:00:02.725658133Z",
    "duration": "335.420414664s",
    "endTime": "2026-08-01T10:05:38.146072797Z",
    "name": "projects/420804682491/locations/asia-east1/workflows/msklad-pipeline-hourly/executions/5bc300fe-17ac-4359-b211-ce8b27aa9fc8",
    "startTime": "2026-08-01T10:00:02.725658133Z",
    "state": "SUCCEEDED",
    "status": {
      "currentSteps": [
        {
          "routine": "main",
          "step": "return_result"
        }
      ]
    },
    "workflowRevisionId": "000003-f02"
  },
  {
    "createTime": "2026-08-01T09:00:03.402257990Z",
    "duration": "335.024796610s",
    "endTime": "2026-08-01T09:05:38.427054600Z",
    "name": "projects/420804682491/locations/asia-east1/workflows/msklad-pipeline-hourly/executions/9efe8ce1-b8a1-48bf-b19b-c402507f2218",
    "startTime": "2026-08-01T09:00:03.402257990Z",
    "state": "SUCCEEDED",
    "status": {
      "currentSteps": [
        {
          "routine": "main",
          "step": "return_result"
        }
      ]
    },
    "workflowRevisionId": "000003-f02"
  },
  {
    "createTime": "2026-08-01T08:00:02.374234331Z",
    "duration": "329.110596140s",
    "endTime": "2026-08-01T08:05:31.484830471Z",
    "name": "projects/420804682491/locations/asia-east1/workflows/msklad-pipeline-hourly/executions/8827bbe1-b714-410a-b831-0a2dc22929e6",
    "startTime": "2026-08-01T08:00:02.374234331Z",
    "state": "SUCCEEDED",
    "status": {
      "currentSteps": [
        {
          "routine": "main",
          "step": "return_result"
        }
      ]
    },
    "workflowRevisionId": "000003-f02"
  },
  {
    "createTime": "2026-08-01T07:00:02.712181379Z",
    "duration": "314.028827116s",
    "endTime": "2026-08-01T07:05:16.741008495Z",
    "name": "projects/420804682491/locations/asia-east1/workflows/msklad-pipeline-hourly/executions/a20cff44-68c4-4c65-972b-0b9ec78af38e",
    "startTime": "2026-08-01T07:00:02.712181379Z",
    "state": "SUCCEEDED",
    "status": {
      "currentSteps": [
        {
          "routine": "main",
          "step": "return_result"
        }
      ]
    },
    "workflowRevisionId": "000003-f02"
  },
  {
    "createTime": "2026-08-01T06:00:02.378419986Z",
    "duration": "321.935009208s",
    "endTime": "2026-08-01T06:05:24.313429194Z",
    "name": "projects/420804682491/locations/asia-east1/workflows/msklad-pipeline-hourly/executions/6d4c97e0-a152-441e-8daa-46de3ef8b72a",
    "startTime": "2026-08-01T06:00:02.378419986Z",
    "state": "SUCCEEDED",
    "status": {
      "currentSteps": [
        {
          "routine": "main",
          "step": "return_result"
        }
      ]
    },
    "workflowRevisionId": "000003-f02"
  },
  {
    "createTime": "2026-08-01T05:00:02.948585532Z",
    "duration": "315.794181724s",
    "endTime": "2026-08-01T05:05:18.742767256Z",
    "name": "projects/420804682491/locations/asia-east1/workflows/msklad-pipeline-hourly/executions/9743aba4-5aad-4e26-98ff-cb1cde877da7",
    "startTime": "2026-08-01T05:00:02.948585532Z",
    "state": "SUCCEEDED",
    "status": {
      "currentSteps": [
        {
          "routine": "main",
          "step": "return_result"
        }
      ]
    },
    "workflowRevisionId": "000003-f02"
  },
  {
    "createTime": "2026-08-01T04:00:02.686645624Z",
    "duration": "290.241541311s",
    "endTime": "2026-08-01T04:04:52.928186935Z",
    "name": "projects/420804682491/locations/asia-east1/workflows/msklad-pipeline-hourly/executions/79bdaeda-ac89-4d6d-bfbf-64b6496ee31b",
    "startTime": "2026-08-01T04:00:02.686645624Z",
    "state": "SUCCEEDED",
    "status": {
      "currentSteps": [
        {
          "routine": "main",
          "step": "return_result"
        }
      ]
    },
    "workflowRevisionId": "000003-f02"
  },
  {
    "createTime": "2026-08-01T03:00:02.679227952Z",
    "duration": "332.448752369s",
    "endTime": "2026-08-01T03:05:35.127980321Z",
    "name": "projects/420804682491/locations/asia-east1/workflows/msklad-pipeline-hourly/executions/ffa14637-d3c4-4114-b44b-1ad5c96ef4cf",
    "startTime": "2026-08-01T03:00:02.679227952Z",
    "state": "SUCCEEDED",
    "status": {
      "currentSteps": [
        {
          "routine": "main",
          "step": "return_result"
        }
      ]
    },
    "workflowRevisionId": "000003-f02"
  },
  {
    "createTime": "2026-08-01T02:00:02.416555468Z",
    "duration": "314.468140470s",
    "endTime": "2026-08-01T02:05:16.884695938Z",
    "name": "projects/420804682491/locations/asia-east1/workflows/msklad-pipeline-hourly/executions/d1d372ac-33be-4b20-9807-a9ff600bc337",
    "startTime": "2026-08-01T02:00:02.416555468Z",
    "state": "SUCCEEDED",
    "status": {
      "currentSteps": [
        {
          "routine": "main",
          "step": "return_result"
        }
      ]
    },
    "workflowRevisionId": "000003-f02"
  },
  {
    "createTime": "2026-08-01T01:00:02.330949271Z",
    "duration": "328.264008912s",
    "endTime": "2026-08-01T01:05:30.594958183Z",
    "name": "projects/420804682491/locations/asia-east1/workflows/msklad-pipeline-hourly/executions/5c692692-a6bc-41a3-8e12-3510f3603169",
    "startTime": "2026-08-01T01:00:02.330949271Z",
    "state": "SUCCEEDED",
    "status": {
      "currentSteps": [
        {
          "routine": "main",
          "step": "return_result"
        }
      ]
    },
    "workflowRevisionId": "000003-f02"
  },
  {
    "createTime": "2026-08-01T00:00:02.827526534Z",
    "duration": "311.487199597s",
    "endTime": "2026-08-01T00:05:14.314726131Z",
    "name": "projects/420804682491/locations/asia-east1/workflows/msklad-pipeline-hourly/executions/fb670eda-d090-4355-b267-5b504b8ea4c0",
    "startTime": "2026-08-01T00:00:02.827526534Z",
    "state": "SUCCEEDED",
    "status": {
      "currentSteps": [
        {
          "routine": "main",
          "step": "return_result"
        }
      ]
    },
    "workflowRevisionId": "000003-f02"
  },
  {
    "createTime": "2026-07-31T23:00:02.573694071Z",
    "duration": "309.460658682s",
    "endTime": "2026-07-31T23:05:12.034352753Z",
    "name": "projects/420804682491/locations/asia-east1/workflows/msklad-pipeline-hourly/executions/9e15629d-63ee-4621-b073-7faaef8c85f4",
    "startTime": "2026-07-31T23:00:02.573694071Z",
    "state": "SUCCEEDED",
    "status": {
      "currentSteps": [
        {
          "routine": "main",
          "step": "return_result"
        }
      ]
    },
    "workflowRevisionId": "000003-f02"
  },
  {
    "createTime": "2026-07-31T22:00:02.581335422Z",
    "duration": "299.907986427s",
    "endTime": "2026-07-31T22:05:02.489321849Z",
    "name": "projects/420804682491/locations/asia-east1/workflows/msklad-pipeline-hourly/executions/5e08e7ed-6d06-48e8-a1a4-2e527672c927",
    "startTime": "2026-07-31T22:00:02.581335422Z",
    "state": "SUCCEEDED",
    "status": {
      "currentSteps": [
        {
          "routine": "main",
          "step": "return_result"
        }
      ]
    },
    "workflowRevisionId": "000003-f02"
  },
  {
    "createTime": "2026-07-31T21:00:02.006908585Z",
    "duration": "330.888679911s",
    "endTime": "2026-07-31T21:05:32.895588496Z",
    "name": "projects/420804682491/locations/asia-east1/workflows/msklad-pipeline-hourly/executions/e370079b-b805-43d6-aca4-0b12c3040593",
    "startTime": "2026-07-31T21:00:02.006908585Z",
    "state": "SUCCEEDED",
    "status": {
      "currentSteps": [
        {
          "routine": "main",
          "step": "return_result"
        }
      ]
    },
    "workflowRevisionId": "000003-f02"
  },
  {
    "createTime": "2026-07-31T20:00:02.582869820Z",
    "duration": "305.217972165s",
    "endTime": "2026-07-31T20:05:07.800841985Z",
    "name": "projects/420804682491/locations/asia-east1/workflows/msklad-pipeline-hourly/executions/54debb97-6497-456a-b94a-8f9b676d4dcd",
    "startTime": "2026-07-31T20:00:02.582869820Z",
    "state": "SUCCEEDED",
    "status": {
      "currentSteps": [
        {
          "routine": "main",
          "step": "return_result"
        }
      ]
    },
    "workflowRevisionId": "000003-f02"
  },
  {
    "createTime": "2026-07-31T19:00:02.549905122Z",
    "duration": "317.612039434s",
    "endTime": "2026-07-31T19:05:20.161944556Z",
    "name": "projects/420804682491/locations/asia-east1/workflows/msklad-pipeline-hourly/executions/b2222ea3-dc65-40b5-b2a7-5a874c402621",
    "startTime": "2026-07-31T19:00:02.549905122Z",
    "state": "SUCCEEDED",
    "status": {
      "currentSteps": [
        {
          "routine": "main",
          "step": "return_result"
        }
      ]
    },
    "workflowRevisionId": "000003-f02"
  },
  {
    "createTime": "2026-07-31T18:00:02.590774479Z",
    "duration": "311.046564695s",
    "endTime": "2026-07-31T18:05:13.637339174Z",
    "name": "projects/420804682491/locations/asia-east1/workflows/msklad-pipeline-hourly/executions/ea090ccb-946a-4efc-8edb-bee20cbfd0ef",
    "startTime": "2026-07-31T18:00:02.590774479Z",
    "state": "SUCCEEDED",
    "status": {
      "currentSteps": [
        {
          "routine": "main",
          "step": "return_result"
        }
      ]
    },
    "workflowRevisionId": "000003-f02"
  },
  {
    "createTime": "2026-07-31T17:00:02.677299679Z",
    "duration": "332.838536628s",
    "endTime": "2026-07-31T17:05:35.515836307Z",
    "name": "projects/420804682491/locations/asia-east1/workflows/msklad-pipeline-hourly/executions/0150fb57-7d31-4d42-91e8-2e25b410cfb5",
    "startTime": "2026-07-31T17:00:02.677299679Z",
    "state": "SUCCEEDED",
    "status": {
      "currentSteps": [
        {
          "routine": "main",
          "step": "return_result"
        }
      ]
    },
    "workflowRevisionId": "000003-f02"
  },
  {
    "createTime": "2026-07-31T16:00:02.303747334Z",
    "duration": "343.549404412s",
    "endTime": "2026-07-31T16:05:45.853151746Z",
    "name": "projects/420804682491/locations/asia-east1/workflows/msklad-pipeline-hourly/executions/8268d4e7-8c96-4968-a9a5-02a8916bc528",
    "startTime": "2026-07-31T16:00:02.303747334Z",
    "state": "SUCCEEDED",
    "status": {
      "currentSteps": [
        {
          "routine": "main",
          "step": "return_result"
        }
      ]
    },
    "workflowRevisionId": "000003-f02"
  },
  {
    "createTime": "2026-07-31T15:00:02.360422351Z",
    "duration": "354.704173788s",
    "endTime": "2026-07-31T15:05:57.064596139Z",
    "name": "projects/420804682491/locations/asia-east1/workflows/msklad-pipeline-hourly/executions/e3e0586b-6373-44d6-b6d1-4391d412a01d",
    "startTime": "2026-07-31T15:00:02.360422351Z",
    "state": "SUCCEEDED",
    "status": {
      "currentSteps": [
        {
          "routine": "main",
          "step": "return_result"
        }
      ]
    },
    "workflowRevisionId": "000003-f02"
  },
  {
    "createTime": "2026-07-31T14:00:02.670617684Z",
    "duration": "347.960455574s",
    "endTime": "2026-07-31T14:05:50.631073258Z",
    "name": "projects/420804682491/locations/asia-east1/workflows/msklad-pipeline-hourly/executions/1bef83f6-146d-480c-8ae8-890c92fb2063",
    "startTime": "2026-07-31T14:00:02.670617684Z",
    "state": "SUCCEEDED",
    "status": {
      "currentSteps": [
        {
          "routine": "main",
          "step": "return_result"
        }
      ]
    },
    "workflowRevisionId": "000003-f02"
  },
  {
    "createTime": "2026-07-31T13:00:02.730030428Z",
    "duration": "377.082166238s",
    "endTime": "2026-07-31T13:06:19.812196666Z",
    "name": "projects/420804682491/locations/asia-east1/workflows/msklad-pipeline-hourly/executions/4136a882-71ab-4384-bd18-77042ff75dc6",
    "startTime": "2026-07-31T13:00:02.730030428Z",
    "state": "SUCCEEDED",
    "status": {
      "currentSteps": [
        {
          "routine": "main",
          "step": "return_result"
        }
      ]
    },
    "workflowRevisionId": "000003-f02"
  },
  {
    "createTime": "2026-07-31T12:00:02.705353251Z",
    "duration": "374.812802114s",
    "endTime": "2026-07-31T12:06:17.518155365Z",
    "name": "projects/420804682491/locations/asia-east1/workflows/msklad-pipeline-hourly/executions/5ac4d5a4-61be-423a-9cd5-0b263d370ae8",
    "startTime": "2026-07-31T12:00:02.705353251Z",
    "state": "SUCCEEDED",
    "status": {
      "currentSteps": [
        {
          "routine": "main",
          "step": "return_result"
        }
      ]
    },
    "workflowRevisionId": "000003-f02"
  },
  {
    "createTime": "2026-07-31T11:00:02.690057112Z",
    "duration": "356.855762967s",
    "endTime": "2026-07-31T11:05:59.545820079Z",
    "name": "projects/420804682491/locations/asia-east1/workflows/msklad-pipeline-hourly/executions/ee7c17eb-9e8b-4105-b709-7d60dec710a6",
    "startTime": "2026-07-31T11:00:02.690057112Z",
    "state": "SUCCEEDED",
    "status": {
      "currentSteps": [
        {
          "routine": "main",
          "step": "return_result"
        }
      ]
    },
    "workflowRevisionId": "000003-f02"
  },
  {
    "createTime": "2026-07-31T10:00:02.771899936Z",
    "duration": "364.021499194s",
    "endTime": "2026-07-31T10:06:06.793399130Z",
    "name": "projects/420804682491/locations/asia-east1/workflows/msklad-pipeline-hourly/executions/2beff865-298e-4543-8fe7-ea87a80a4d1e",
    "startTime": "2026-07-31T10:00:02.771899936Z",
    "state": "SUCCEEDED",
    "status": {
      "currentSteps": [
        {
          "routine": "main",
          "step": "return_result"
        }
      ]
    },
    "workflowRevisionId": "000003-f02"
  },
  {
    "createTime": "2026-07-31T09:00:02.503102770Z",
    "duration": "369.329855240s",
    "endTime": "2026-07-31T09:06:11.832958010Z",
    "name": "projects/420804682491/locations/asia-east1/workflows/msklad-pipeline-hourly/executions/a398bd95-460b-4976-b574-63c337503ba2",
    "startTime": "2026-07-31T09:00:02.503102770Z",
    "state": "SUCCEEDED",
    "status": {
      "currentSteps": [
        {
          "routine": "main",
          "step": "return_result"
        }
      ]
    },
    "workflowRevisionId": "000003-f02"
  },
  {
    "createTime": "2026-07-31T08:00:02.637600171Z",
    "duration": "358.299801332s",
    "endTime": "2026-07-31T08:06:00.937401503Z",
    "name": "projects/420804682491/locations/asia-east1/workflows/msklad-pipeline-hourly/executions/b46e8545-3290-49e2-817a-8478cfc72b03",
    "startTime": "2026-07-31T08:00:02.637600171Z",
    "state": "SUCCEEDED",
    "status": {
      "currentSteps": [
        {
          "routine": "main",
          "step": "return_result"
        }
      ]
    },
    "workflowRevisionId": "000003-f02"
  },
  {
    "createTime": "2026-07-31T07:00:02.325634851Z",
    "duration": "337.888797219s",
    "endTime": "2026-07-31T07:05:40.214432070Z",
    "name": "projects/420804682491/locations/asia-east1/workflows/msklad-pipeline-hourly/executions/af912fc3-0818-4a2d-839d-087b61d4af68",
    "startTime": "2026-07-31T07:00:02.325634851Z",
    "state": "SUCCEEDED",
    "status": {
      "currentSteps": [
        {
          "routine": "main",
          "step": "return_result"
        }
      ]
    },
    "workflowRevisionId": "000003-f02"
  },
  {
    "createTime": "2026-07-31T06:00:02.684342112Z",
    "duration": "311.786871496s",
    "endTime": "2026-07-31T06:05:14.471213608Z",
    "name": "projects/420804682491/locations/asia-east1/workflows/msklad-pipeline-hourly/executions/b4c5557f-2676-41d7-b674-2907f9e0e723",
    "startTime": "2026-07-31T06:00:02.684342112Z",
    "state": "SUCCEEDED",
    "status": {
      "currentSteps": [
        {
          "routine": "main",
          "step": "return_result"
        }
      ]
    },
    "workflowRevisionId": "000003-f02"
  },
  {
    "createTime": "2026-07-31T05:00:02.576881804Z",
    "duration": "320.474170098s",
    "endTime": "2026-07-31T05:05:23.051051902Z",
    "name": "projects/420804682491/locations/asia-east1/workflows/msklad-pipeline-hourly/executions/9465245b-fe59-40b5-ae19-e961f51bc53f",
    "startTime": "2026-07-31T05:00:02.576881804Z",
    "state": "SUCCEEDED",
    "status": {
      "currentSteps": [
        {
          "routine": "main",
          "step": "return_result"
        }
      ]
    },
    "workflowRevisionId": "000003-f02"
  },
  {
    "createTime": "2026-07-31T04:00:02.779456248Z",
    "duration": "304.642241215s",
    "endTime": "2026-07-31T04:05:07.421697463Z",
    "name": "projects/420804682491/locations/asia-east1/workflows/msklad-pipeline-hourly/executions/fb036a34-2fd6-4ccc-baab-7a083b90b15a",
    "startTime": "2026-07-31T04:00:02.779456248Z",
    "state": "SUCCEEDED",
    "status": {
      "currentSteps": [
        {
          "routine": "main",
          "step": "return_result"
        }
      ]
    },
    "workflowRevisionId": "000003-f02"
  },
  {
    "createTime": "2026-07-31T03:00:02.582435505Z",
    "duration": "316.794084092s",
    "endTime": "2026-07-31T03:05:19.376519597Z",
    "name": "projects/420804682491/locations/asia-east1/workflows/msklad-pipeline-hourly/executions/62d8c10a-ddc6-4f06-80af-e122d9c49173",
    "startTime": "2026-07-31T03:00:02.582435505Z",
    "state": "SUCCEEDED",
    "status": {
      "currentSteps": [
        {
          "routine": "main",
          "step": "return_result"
        }
      ]
    },
    "workflowRevisionId": "000003-f02"
  },
  {
    "createTime": "2026-07-31T02:00:02.579019024Z",
    "duration": "314.781023034s",
    "endTime": "2026-07-31T02:05:17.360042058Z",
    "name": "projects/420804682491/locations/asia-east1/workflows/msklad-pipeline-hourly/executions/2e675dee-e3e2-4bc1-bb66-136a636c079b",
    "startTime": "2026-07-31T02:00:02.579019024Z",
    "state": "SUCCEEDED",
    "status": {
      "currentSteps": [
        {
          "routine": "main",
          "step": "return_result"
        }
      ]
    },
    "workflowRevisionId": "000003-f02"
  },
  {
    "createTime": "2026-07-31T01:00:02.320549680Z",
    "duration": "313.899762853s",
    "endTime": "2026-07-31T01:05:16.220312533Z",
    "name": "projects/420804682491/locations/asia-east1/workflows/msklad-pipeline-hourly/executions/65fe37a3-34df-4478-a35b-b15554e2e722",
    "startTime": "2026-07-31T01:00:02.320549680Z",
    "state": "SUCCEEDED",
    "status": {
      "currentSteps": [
        {
          "routine": "main",
          "step": "return_result"
        }
      ]
    },
    "workflowRevisionId": "000003-f02"
  },
  {
    "createTime": "2026-07-31T00:00:02.313035667Z",
    "duration": "315.990947625s",
    "endTime": "2026-07-31T00:05:18.303983292Z",
    "name": "projects/420804682491/locations/asia-east1/workflows/msklad-pipeline-hourly/executions/4e789737-c86f-490d-a6e2-996754041b0b",
    "startTime": "2026-07-31T00:00:02.313035667Z",
    "state": "SUCCEEDED",
    "status": {
      "currentSteps": [
        {
          "routine": "main",
          "step": "return_result"
        }
      ]
    },
    "workflowRevisionId": "000003-f02"
  },
  {
    "createTime": "2026-07-30T23:00:02.635835537Z",
    "duration": "321.882882261s",
    "endTime": "2026-07-30T23:05:24.518717798Z",
    "name": "projects/420804682491/locations/asia-east1/workflows/msklad-pipeline-hourly/executions/c5c67af6-d7ae-4024-9a4c-42cb5d6a07ea",
    "startTime": "2026-07-30T23:00:02.635835537Z",
    "state": "SUCCEEDED",
    "status": {
      "currentSteps": [
        {
          "routine": "main",
          "step": "return_result"
        }
      ]
    },
    "workflowRevisionId": "000003-f02"
  },
  {
    "createTime": "2026-07-30T22:00:02.586316698Z",
    "duration": "311.228080912s",
    "endTime": "2026-07-30T22:05:13.814397610Z",
    "name": "projects/420804682491/locations/asia-east1/workflows/msklad-pipeline-hourly/executions/dd61a508-61a9-4848-8ac5-29388ac0a635",
    "startTime": "2026-07-30T22:00:02.586316698Z",
    "state": "SUCCEEDED",
    "status": {
      "currentSteps": [
        {
          "routine": "main",
          "step": "return_result"
        }
      ]
    },
    "workflowRevisionId": "000003-f02"
  },
  {
    "createTime": "2026-07-30T21:00:02.571150669Z",
    "duration": "310.260094698s",
    "endTime": "2026-07-30T21:05:12.831245367Z",
    "name": "projects/420804682491/locations/asia-east1/workflows/msklad-pipeline-hourly/executions/fd186b8a-63e8-408b-93e1-c95463db2da8",
    "startTime": "2026-07-30T21:00:02.571150669Z",
    "state": "SUCCEEDED",
    "status": {
      "currentSteps": [
        {
          "routine": "main",
          "step": "return_result"
        }
      ]
    },
    "workflowRevisionId": "000003-f02"
  },
  {
    "createTime": "2026-07-30T20:00:02.279221273Z",
    "duration": "304.956781939s",
    "endTime": "2026-07-30T20:05:07.236003212Z",
    "name": "projects/420804682491/locations/asia-east1/workflows/msklad-pipeline-hourly/executions/ced6293a-bd3a-4481-abfb-5fe36a7a5c5f",
    "startTime": "2026-07-30T20:00:02.279221273Z",
    "state": "SUCCEEDED",
    "status": {
      "currentSteps": [
        {
          "routine": "main",
          "step": "return_result"
        }
      ]
    },
    "workflowRevisionId": "000003-f02"
  },
  {
    "createTime": "2026-07-30T19:00:02.604275971Z",
    "duration": "311.905906398s",
    "endTime": "2026-07-30T19:05:14.510182369Z",
    "name": "projects/420804682491/locations/asia-east1/workflows/msklad-pipeline-hourly/executions/c322f11a-bd76-4ecf-a20d-065d15b66d4b",
    "startTime": "2026-07-30T19:00:02.604275971Z",
    "state": "SUCCEEDED",
    "status": {
      "currentSteps": [
        {
          "routine": "main",
          "step": "return_result"
        }
      ]
    },
    "workflowRevisionId": "000003-f02"
  },
  {
    "createTime": "2026-07-30T18:00:02.680952701Z",
    "duration": "333.091306870s",
    "endTime": "2026-07-30T18:05:35.772259571Z",
    "name": "projects/420804682491/locations/asia-east1/workflows/msklad-pipeline-hourly/executions/9eb82f39-d1ab-45b7-876d-28c9ed836047",
    "startTime": "2026-07-30T18:00:02.680952701Z",
    "state": "SUCCEEDED",
    "status": {
      "currentSteps": [
        {
          "routine": "main",
          "step": "return_result"
        }
      ]
    },
    "workflowRevisionId": "000003-f02"
  },
  {
    "createTime": "2026-07-30T17:00:02.701965017Z",
    "duration": "316.754680005s",
    "endTime": "2026-07-30T17:05:19.456645022Z",
    "name": "projects/420804682491/locations/asia-east1/workflows/msklad-pipeline-hourly/executions/628b77b5-f66e-4de0-a13a-a07cd229cf6e",
    "startTime": "2026-07-30T17:00:02.701965017Z",
    "state": "SUCCEEDED",
    "status": {
      "currentSteps": [
        {
          "routine": "main",
          "step": "return_result"
        }
      ]
    },
    "workflowRevisionId": "000003-f02"
  },
  {
    "createTime": "2026-07-30T16:00:02.656846973Z",
    "duration": "332.413939857s",
    "endTime": "2026-07-30T16:05:35.070786830Z",
    "name": "projects/420804682491/locations/asia-east1/workflows/msklad-pipeline-hourly/executions/21b91bdc-fb07-4be9-9638-b5d3790de7f5",
    "startTime": "2026-07-30T16:00:02.656846973Z",
    "state": "SUCCEEDED",
    "status": {
      "currentSteps": [
        {
          "routine": "main",
          "step": "return_result"
        }
      ]
    },
    "workflowRevisionId": "000003-f02"
  },
  {
    "createTime": "2026-07-30T15:00:02.378817569Z",
    "duration": "337.567971558s",
    "endTime": "2026-07-30T15:05:39.946789127Z",
    "name": "projects/420804682491/locations/asia-east1/workflows/msklad-pipeline-hourly/executions/6e9dcc38-295b-4eba-a2bc-e11d72596bf6",
    "startTime": "2026-07-30T15:00:02.378817569Z",
    "state": "SUCCEEDED",
    "status": {
      "currentSteps": [
        {
          "routine": "main",
          "step": "return_result"
        }
      ]
    },
    "workflowRevisionId": "000003-f02"
  },
  {
    "createTime": "2026-07-30T14:00:02.343690951Z",
    "duration": "355.299290682s",
    "endTime": "2026-07-30T14:05:57.642981633Z",
    "name": "projects/420804682491/locations/asia-east1/workflows/msklad-pipeline-hourly/executions/f3b8ac43-407f-4ef4-aa9d-578ba9fdc695",
    "startTime": "2026-07-30T14:00:02.343690951Z",
    "state": "SUCCEEDED",
    "status": {
      "currentSteps": [
        {
          "routine": "main",
          "step": "return_result"
        }
      ]
    },
    "workflowRevisionId": "000003-f02"
  },
  {
    "createTime": "2026-07-30T13:00:02.648275457Z",
    "duration": "361.410266397s",
    "endTime": "2026-07-30T13:06:04.058541854Z",
    "name": "projects/420804682491/locations/asia-east1/workflows/msklad-pipeline-hourly/executions/7af6f5f8-0bd0-4994-b7a4-c1033a6bc5c8",
    "startTime": "2026-07-30T13:00:02.648275457Z",
    "state": "SUCCEEDED",
    "status": {
      "currentSteps": [
        {
          "routine": "main",
          "step": "return_result"
        }
      ]
    },
    "workflowRevisionId": "000003-f02"
  },
  {
    "createTime": "2026-07-30T12:00:02.303425580Z",
    "duration": "368.983301190s",
    "endTime": "2026-07-30T12:06:11.286726770Z",
    "name": "projects/420804682491/locations/asia-east1/workflows/msklad-pipeline-hourly/executions/7b823288-e28b-4977-b712-c9beb299dba7",
    "startTime": "2026-07-30T12:00:02.303425580Z",
    "state": "SUCCEEDED",
    "status": {
      "currentSteps": [
        {
          "routine": "main",
          "step": "return_result"
        }
      ]
    },
    "workflowRevisionId": "000003-f02"
  },
  {
    "createTime": "2026-07-30T11:00:00.669434739Z",
    "duration": "356.204472303s",
    "endTime": "2026-07-30T11:05:56.873907042Z",
    "name": "projects/420804682491/locations/asia-east1/workflows/msklad-pipeline-hourly/executions/ca0aae07-2f78-44af-9b13-4a116040760e",
    "startTime": "2026-07-30T11:00:00.669434739Z",
    "state": "SUCCEEDED",
    "status": {
      "currentSteps": [
        {
          "routine": "main",
          "step": "return_result"
        }
      ]
    },
    "workflowRevisionId": "000003-f02"
  },
  {
    "createTime": "2026-07-29T04:00:02.718848855Z",
    "duration": "293.516846836s",
    "endTime": "2026-07-29T04:04:56.235695691Z",
    "name": "projects/420804682491/locations/asia-east1/workflows/msklad-pipeline-hourly/executions/d55d1c15-d13a-431f-b280-e23135b02c48",
    "startTime": "2026-07-29T04:00:02.718848855Z",
    "state": "SUCCEEDED",
    "status": {
      "currentSteps": [
        {
          "routine": "main",
          "step": "return_result"
        }
      ]
    },
    "workflowRevisionId": "000003-f02"
  },
  {
    "createTime": "2026-07-29T03:00:02.360438867Z",
    "duration": "304.891431343s",
    "endTime": "2026-07-29T03:05:07.251870210Z",
    "name": "projects/420804682491/locations/asia-east1/workflows/msklad-pipeline-hourly/executions/511e5301-5dcb-4f6e-b171-212b76e21440",
    "startTime": "2026-07-29T03:00:02.360438867Z",
    "state": "SUCCEEDED",
    "status": {
      "currentSteps": [
        {
          "routine": "main",
          "step": "return_result"
        }
      ]
    },
    "workflowRevisionId": "000003-f02"
  },
  {
    "createTime": "2026-07-29T02:00:02.246899760Z",
    "duration": "292.034319326s",
    "endTime": "2026-07-29T02:04:54.281219086Z",
    "name": "projects/420804682491/locations/asia-east1/workflows/msklad-pipeline-hourly/executions/f23fe0ae-ab7e-40d5-ac2e-98c23d9117be",
    "startTime": "2026-07-29T02:00:02.246899760Z",
    "state": "SUCCEEDED",
    "status": {
      "currentSteps": [
        {
          "routine": "main",
          "step": "return_result"
        }
      ]
    },
    "workflowRevisionId": "000003-f02"
  },
  {
    "createTime": "2026-07-29T01:00:02.323591922Z",
    "duration": "320.891584603s",
    "endTime": "2026-07-29T01:05:23.215176525Z",
    "name": "projects/420804682491/locations/asia-east1/workflows/msklad-pipeline-hourly/executions/74fc1457-ed2f-48ea-b129-8a26b3e9c586",
    "startTime": "2026-07-29T01:00:02.323591922Z",
    "state": "SUCCEEDED",
    "status": {
      "currentSteps": [
        {
          "routine": "main",
          "step": "return_result"
        }
      ]
    },
    "workflowRevisionId": "000003-f02"
  },
  {
    "createTime": "2026-07-29T00:00:02.594789993Z",
    "duration": "304.187017532s",
    "endTime": "2026-07-29T00:05:06.781807525Z",
    "name": "projects/420804682491/locations/asia-east1/workflows/msklad-pipeline-hourly/executions/76a23044-44aa-46a0-92a0-a89287dd9b25",
    "startTime": "2026-07-29T00:00:02.594789993Z",
    "state": "SUCCEEDED",
    "status": {
      "currentSteps": [
        {
          "routine": "main",
          "step": "return_result"
        }
      ]
    },
    "workflowRevisionId": "000003-f02"
  },
  {
    "createTime": "2026-07-28T23:00:02.376223021Z",
    "duration": "314.944047046s",
    "endTime": "2026-07-28T23:05:17.320270067Z",
    "name": "projects/420804682491/locations/asia-east1/workflows/msklad-pipeline-hourly/executions/8b868371-3e51-4898-b5e9-99a9a1744535",
    "startTime": "2026-07-28T23:00:02.376223021Z",
    "state": "SUCCEEDED",
    "status": {
      "currentSteps": [
        {
          "routine": "main",
          "step": "return_result"
        }
      ]
    },
    "workflowRevisionId": "000003-f02"
  },
  {
    "createTime": "2026-07-28T22:00:02.355176596Z",
    "duration": "316.538947301s",
    "endTime": "2026-07-28T22:05:18.894123897Z",
    "name": "projects/420804682491/locations/asia-east1/workflows/msklad-pipeline-hourly/executions/011f80e9-7c9a-49f8-b14a-a226f68ffa3c",
    "startTime": "2026-07-28T22:00:02.355176596Z",
    "state": "SUCCEEDED",
    "status": {
      "currentSteps": [
        {
          "routine": "main",
          "step": "return_result"
        }
      ]
    },
    "workflowRevisionId": "000003-f02"
  },
  {
    "createTime": "2026-07-28T21:00:02.627414261Z",
    "duration": "335.730832836s",
    "endTime": "2026-07-28T21:05:38.358247097Z",
    "name": "projects/420804682491/locations/asia-east1/workflows/msklad-pipeline-hourly/executions/9f93cbee-4f55-408b-92a2-d3e171e9d288",
    "startTime": "2026-07-28T21:00:02.627414261Z",
    "state": "SUCCEEDED",
    "status": {
      "currentSteps": [
        {
          "routine": "main",
          "step": "return_result"
        }
      ]
    },
    "workflowRevisionId": "000003-f02"
  },
  {
    "createTime": "2026-07-28T20:00:02.665504350Z",
    "duration": "3.158816230s",
    "endTime": "2026-07-28T20:00:05.824320580Z",
    "name": "projects/420804682491/locations/asia-east1/workflows/msklad-pipeline-hourly/executions/facac7ab-2072-41a4-be64-4fbc7b9bef5c",
    "startTime": "2026-07-28T20:00:02.665504350Z",
    "state": "FAILED",
    "status": {
      "currentSteps": [
        {
          "routine": "main",
          "step": "raise_dim"
        }
      ]
    },
    "workflowRevisionId": "000003-f02"
  },
  {
    "createTime": "2026-07-28T19:00:02.693857183Z",
    "duration": "355.546020393s",
    "endTime": "2026-07-28T19:05:58.239877576Z",
    "name": "projects/420804682491/locations/asia-east1/workflows/msklad-pipeline-hourly/executions/c836c69c-459c-4821-9dab-7a98b3be6567",
    "startTime": "2026-07-28T19:00:02.693857183Z",
    "state": "SUCCEEDED",
    "status": {
      "currentSteps": [
        {
          "routine": "main",
          "step": "return_result"
        }
      ]
    },
    "workflowRevisionId": "000003-f02"
  },
  {
    "createTime": "2026-07-28T18:00:02.671841737Z",
    "duration": "326.871091538s",
    "endTime": "2026-07-28T18:05:29.542933275Z",
    "name": "projects/420804682491/locations/asia-east1/workflows/msklad-pipeline-hourly/executions/c9246853-e529-4db1-9a86-aa32fa7ee7d6",
    "startTime": "2026-07-28T18:00:02.671841737Z",
    "state": "SUCCEEDED",
    "status": {
      "currentSteps": [
        {
          "routine": "main",
          "step": "return_result"
        }
      ]
    },
    "workflowRevisionId": "000003-f02"
  },
  {
    "createTime": "2026-07-28T17:00:02.630438247Z",
    "duration": "341.002419795s",
    "endTime": "2026-07-28T17:05:43.632858042Z",
    "name": "projects/420804682491/locations/asia-east1/workflows/msklad-pipeline-hourly/executions/56669290-c713-4d92-9d97-faafdf0290e8",
    "startTime": "2026-07-28T17:00:02.630438247Z",
    "state": "SUCCEEDED",
    "status": {
      "currentSteps": [
        {
          "routine": "main",
          "step": "return_result"
        }
      ]
    },
    "workflowRevisionId": "000003-f02"
  },
  {
    "createTime": "2026-07-28T16:00:02.568659927Z",
    "duration": "320.721633038s",
    "endTime": "2026-07-28T16:05:23.290292965Z",
    "name": "projects/420804682491/locations/asia-east1/workflows/msklad-pipeline-hourly/executions/6354d403-31ac-4ee1-8f67-cb44168864db",
    "startTime": "2026-07-28T16:00:02.568659927Z",
    "state": "SUCCEEDED",
    "status": {
      "currentSteps": [
        {
          "routine": "main",
          "step": "return_result"
        }
      ]
    },
    "workflowRevisionId": "000003-f02"
  },
  {
    "createTime": "2026-07-28T15:00:02.778314090Z",
    "duration": "348.563149601s",
    "endTime": "2026-07-28T15:05:51.341463691Z",
    "name": "projects/420804682491/locations/asia-east1/workflows/msklad-pipeline-hourly/executions/3071d0f5-ab5c-4cae-b471-bf1d4a80cde5",
    "startTime": "2026-07-28T15:00:02.778314090Z",
    "state": "SUCCEEDED",
    "status": {
      "currentSteps": [
        {
          "routine": "main",
          "step": "return_result"
        }
      ]
    },
    "workflowRevisionId": "000003-f02"
  },
  {
    "createTime": "2026-07-28T14:00:02.641727965Z",
    "duration": "355.712662314s",
    "endTime": "2026-07-28T14:05:58.354390279Z",
    "name": "projects/420804682491/locations/asia-east1/workflows/msklad-pipeline-hourly/executions/a92400c1-58e9-4f2e-b3ea-8c43c83362b7",
    "startTime": "2026-07-28T14:00:02.641727965Z",
    "state": "SUCCEEDED",
    "status": {
      "currentSteps": [
        {
          "routine": "main",
          "step": "return_result"
        }
      ]
    },
    "workflowRevisionId": "000003-f02"
  },
  {
    "createTime": "2026-07-28T13:00:02.293851315Z",
    "duration": "373.214712179s",
    "endTime": "2026-07-28T13:06:15.508563494Z",
    "name": "projects/420804682491/locations/asia-east1/workflows/msklad-pipeline-hourly/executions/d6a2ba17-4c22-4161-9c74-9162e79fe4eb",
    "startTime": "2026-07-28T13:00:02.293851315Z",
    "state": "SUCCEEDED",
    "status": {
      "currentSteps": [
        {
          "routine": "main",
          "step": "return_result"
        }
      ]
    },
    "workflowRevisionId": "000003-f02"
  },
  {
    "createTime": "2026-07-28T12:00:02.643946875Z",
    "duration": "378.997138164s",
    "endTime": "2026-07-28T12:06:21.641085039Z",
    "name": "projects/420804682491/locations/asia-east1/workflows/msklad-pipeline-hourly/executions/99c8fb8c-e8f2-4cd2-ba6b-c14f1507f11c",
    "startTime": "2026-07-28T12:00:02.643946875Z",
    "state": "SUCCEEDED",
    "status": {
      "currentSteps": [
        {
          "routine": "main",
          "step": "return_result"
        }
      ]
    },
    "workflowRevisionId": "000003-f02"
  },
  {
    "createTime": "2026-07-28T11:00:02.353171490Z",
    "duration": "342.259432168s",
    "endTime": "2026-07-28T11:05:44.612603658Z",
    "name": "projects/420804682491/locations/asia-east1/workflows/msklad-pipeline-hourly/executions/f75bd2aa-075a-491d-8fa8-d2535cab2009",
    "startTime": "2026-07-28T11:00:02.353171490Z",
    "state": "SUCCEEDED",
    "status": {
      "currentSteps": [
        {
          "routine": "main",
          "step": "return_result"
        }
      ]
    },
    "workflowRevisionId": "000003-f02"
  },
  {
    "createTime": "2026-07-28T10:00:02.589353955Z",
    "duration": "360.113956545s",
    "endTime": "2026-07-28T10:06:02.703310500Z",
    "name": "projects/420804682491/locations/asia-east1/workflows/msklad-pipeline-hourly/executions/25701b0b-14a5-4ba9-892f-4e66964dc1bd",
    "startTime": "2026-07-28T10:00:02.589353955Z",
    "state": "SUCCEEDED",
    "status": {
      "currentSteps": [
        {
          "routine": "main",
          "step": "return_result"
        }
      ]
    },
    "workflowRevisionId": "000003-f02"
  },
  {
    "createTime": "2026-07-28T09:00:02.684957680Z",
    "duration": "357.956687213s",
    "endTime": "2026-07-28T09:06:00.641644893Z",
    "name": "projects/420804682491/locations/asia-east1/workflows/msklad-pipeline-hourly/executions/d546cc3b-5160-40e9-87d3-595d3e79fb74",
    "startTime": "2026-07-28T09:00:02.684957680Z",
    "state": "SUCCEEDED",
    "status": {
      "currentSteps": [
        {
          "routine": "main",
          "step": "return_result"
        }
      ]
    },
    "workflowRevisionId": "000003-f02"
  },
  {
    "createTime": "2026-07-28T08:00:02.395677847Z",
    "duration": "357.984960845s",
    "endTime": "2026-07-28T08:06:00.380638692Z",
    "name": "projects/420804682491/locations/asia-east1/workflows/msklad-pipeline-hourly/executions/db7550d6-aeeb-416e-a6bd-055b52c69597",
    "startTime": "2026-07-28T08:00:02.395677847Z",
    "state": "SUCCEEDED",
    "status": {
      "currentSteps": [
        {
          "routine": "main",
          "step": "return_result"
        }
      ]
    },
    "workflowRevisionId": "000003-f02"
  },
  {
    "createTime": "2026-07-28T07:00:02.324207880Z",
    "duration": "355.160470546s",
    "endTime": "2026-07-28T07:05:57.484678426Z",
    "name": "projects/420804682491/locations/asia-east1/workflows/msklad-pipeline-hourly/executions/cc3dfd18-daa0-4830-a00f-20fa047009b7",
    "startTime": "2026-07-28T07:00:02.324207880Z",
    "state": "SUCCEEDED",
    "status": {
      "currentSteps": [
        {
          "routine": "main",
          "step": "return_result"
        }
      ]
    },
    "workflowRevisionId": "000003-f02"
  },
  {
    "createTime": "2026-07-28T06:00:02.311545132Z",
    "duration": "329.403324081s",
    "endTime": "2026-07-28T06:05:31.714869213Z",
    "name": "projects/420804682491/locations/asia-east1/workflows/msklad-pipeline-hourly/executions/8ca580f2-a62d-4055-838a-b6ec7e5bce3e",
    "startTime": "2026-07-28T06:00:02.311545132Z",
    "state": "SUCCEEDED",
    "status": {
      "currentSteps": [
        {
          "routine": "main",
          "step": "return_result"
        }
      ]
    },
    "workflowRevisionId": "000003-f02"
  },
  {
    "createTime": "2026-07-28T05:00:02.614149187Z",
    "duration": "316.319360613s",
    "endTime": "2026-07-28T05:05:18.933509800Z",
    "name": "projects/420804682491/locations/asia-east1/workflows/msklad-pipeline-hourly/executions/a8eae95d-9efe-4f6d-abc8-eafa70ad4893",
    "startTime": "2026-07-28T05:00:02.614149187Z",
    "state": "SUCCEEDED",
    "status": {
      "currentSteps": [
        {
          "routine": "main",
          "step": "return_result"
        }
      ]
    },
    "workflowRevisionId": "000003-f02"
  },
  {
    "createTime": "2026-07-28T04:00:02.591446714Z",
    "duration": "303.406924681s",
    "endTime": "2026-07-28T04:05:05.998371395Z",
    "name": "projects/420804682491/locations/asia-east1/workflows/msklad-pipeline-hourly/executions/9c74231b-d64f-420c-8e96-f9be8475f1d0",
    "startTime": "2026-07-28T04:00:02.591446714Z",
    "state": "SUCCEEDED",
    "status": {
      "currentSteps": [
        {
          "routine": "main",
          "step": "return_result"
        }
      ]
    },
    "workflowRevisionId": "000003-f02"
  },
  {
    "createTime": "2026-07-28T03:00:02.328928829Z",
    "duration": "315.202342090s",
    "endTime": "2026-07-28T03:05:17.531270919Z",
    "name": "projects/420804682491/locations/asia-east1/workflows/msklad-pipeline-hourly/executions/ba6d9586-daa6-4209-aa52-f29280bf880d",
    "startTime": "2026-07-28T03:00:02.328928829Z",
    "state": "SUCCEEDED",
    "status": {
      "currentSteps": [
        {
          "routine": "main",
          "step": "return_result"
        }
      ]
    },
    "workflowRevisionId": "000003-f02"
  },
  {
    "createTime": "2026-07-28T02:00:02.534202154Z",
    "duration": "332.813445177s",
    "endTime": "2026-07-28T02:05:35.347647331Z",
    "name": "projects/420804682491/locations/asia-east1/workflows/msklad-pipeline-hourly/executions/b32c8716-d093-498d-9b84-8bcaef1e0a76",
    "startTime": "2026-07-28T02:00:02.534202154Z",
    "state": "SUCCEEDED",
    "status": {
      "currentSteps": [
        {
          "routine": "main",
          "step": "return_result"
        }
      ]
    },
    "workflowRevisionId": "000003-f02"
  },
  {
    "createTime": "2026-07-28T01:00:02.259054279Z",
    "duration": "303.071916616s",
    "endTime": "2026-07-28T01:05:05.330970895Z",
    "name": "projects/420804682491/locations/asia-east1/workflows/msklad-pipeline-hourly/executions/bcb7090d-6d02-4386-b444-91961c54aa72",
    "startTime": "2026-07-28T01:00:02.259054279Z",
    "state": "SUCCEEDED",
    "status": {
      "currentSteps": [
        {
          "routine": "main",
          "step": "return_result"
        }
      ]
    },
    "workflowRevisionId": "000003-f02"
  },
  {
    "createTime": "2026-07-28T00:00:03.068719231Z",
    "duration": "301.856738599s",
    "endTime": "2026-07-28T00:05:04.925457830Z",
    "name": "projects/420804682491/locations/asia-east1/workflows/msklad-pipeline-hourly/executions/2d4dec20-b358-45ba-a835-fa2d9164a1f5",
    "startTime": "2026-07-28T00:00:03.068719231Z",
    "state": "SUCCEEDED",
    "status": {
      "currentSteps": [
        {
          "routine": "main",
          "step": "return_result"
        }
      ]
    },
    "workflowRevisionId": "000003-f02"
  },
  {
    "createTime": "2026-07-27T23:00:02.614456500Z",
    "duration": "303.918506080s",
    "endTime": "2026-07-27T23:05:06.532962580Z",
    "name": "projects/420804682491/locations/asia-east1/workflows/msklad-pipeline-hourly/executions/ef707d82-a871-4ffd-9ee4-8ef3b6229cab",
    "startTime": "2026-07-27T23:00:02.614456500Z",
    "state": "SUCCEEDED",
    "status": {
      "currentSteps": [
        {
          "routine": "main",
          "step": "return_result"
        }
      ]
    },
    "workflowRevisionId": "000003-f02"
  },
  {
    "createTime": "2026-07-27T22:00:02.660944243Z",
    "duration": "344.226545696s",
    "endTime": "2026-07-27T22:05:46.887489939Z",
    "name": "projects/420804682491/locations/asia-east1/workflows/msklad-pipeline-hourly/executions/c8b007c5-d607-448d-bebd-146851c2336e",
    "startTime": "2026-07-27T22:00:02.660944243Z",
    "state": "SUCCEEDED",
    "status": {
      "currentSteps": [
        {
          "routine": "main",
          "step": "return_result"
        }
      ]
    },
    "workflowRevisionId": "000003-f02"
  },
  {
    "createTime": "2026-07-27T21:00:02.629338701Z",
    "duration": "301.563183259s",
    "endTime": "2026-07-27T21:05:04.192521960Z",
    "name": "projects/420804682491/locations/asia-east1/workflows/msklad-pipeline-hourly/executions/34674848-86c5-4b8d-902e-bdd8184a5389",
    "startTime": "2026-07-27T21:00:02.629338701Z",
    "state": "SUCCEEDED",
    "status": {
      "currentSteps": [
        {
          "routine": "main",
          "step": "return_result"
        }
      ]
    },
    "workflowRevisionId": "000003-f02"
  },
  {
    "createTime": "2026-07-27T20:00:02.647559946Z",
    "duration": "300.818384929s",
    "endTime": "2026-07-27T20:05:03.465944875Z",
    "name": "projects/420804682491/locations/asia-east1/workflows/msklad-pipeline-hourly/executions/0c4aa9a5-b5ee-40a1-a445-bf4fc7032ea7",
    "startTime": "2026-07-27T20:00:02.647559946Z",
    "state": "SUCCEEDED",
    "status": {
      "currentSteps": [
        {
          "routine": "main",
          "step": "return_result"
        }
      ]
    },
    "workflowRevisionId": "000003-f02"
  },
  {
    "createTime": "2026-07-27T19:00:02.245103145Z",
    "duration": "333.467044136s",
    "endTime": "2026-07-27T19:05:35.712147281Z",
    "name": "projects/420804682491/locations/asia-east1/workflows/msklad-pipeline-hourly/executions/36f1fbab-a6d1-47cf-aa8d-7b1d9b89356b",
    "startTime": "2026-07-27T19:00:02.245103145Z",
    "state": "SUCCEEDED",
    "status": {
      "currentSteps": [
        {
          "routine": "main",
          "step": "return_result"
        }
      ]
    },
    "workflowRevisionId": "000003-f02"
  },
  {
    "createTime": "2026-07-27T18:00:02.371343716Z",
    "duration": "336.369746598s",
    "endTime": "2026-07-27T18:05:38.741090314Z",
    "name": "projects/420804682491/locations/asia-east1/workflows/msklad-pipeline-hourly/executions/2fd37460-a10d-4e9b-97ab-ffa4887f981f",
    "startTime": "2026-07-27T18:00:02.371343716Z",
    "state": "SUCCEEDED",
    "status": {
      "currentSteps": [
        {
          "routine": "main",
          "step": "return_result"
        }
      ]
    },
    "workflowRevisionId": "000003-f02"
  },
  {
    "createTime": "2026-07-27T17:00:02.778866012Z",
    "duration": "343.420676212s",
    "endTime": "2026-07-27T17:05:46.199542224Z",
    "name": "projects/420804682491/locations/asia-east1/workflows/msklad-pipeline-hourly/executions/6c774343-15b2-4b46-9e72-27f394ede145",
    "startTime": "2026-07-27T17:00:02.778866012Z",
    "state": "SUCCEEDED",
    "status": {
      "currentSteps": [
        {
          "routine": "main",
          "step": "return_result"
        }
      ]
    },
    "workflowRevisionId": "000003-f02"
  },
  {
    "createTime": "2026-07-27T16:00:02.738683376Z",
    "duration": "331.133454518s",
    "endTime": "2026-07-27T16:05:33.872137894Z",
    "name": "projects/420804682491/locations/asia-east1/workflows/msklad-pipeline-hourly/executions/e95453b3-29ad-441f-b155-ab63f5e808b0",
    "startTime": "2026-07-27T16:00:02.738683376Z",
    "state": "SUCCEEDED",
    "status": {
      "currentSteps": [
        {
          "routine": "main",
          "step": "return_result"
        }
      ]
    },
    "workflowRevisionId": "000003-f02"
  },
  {
    "createTime": "2026-07-27T15:00:02.695835457Z",
    "duration": "356.247613821s",
    "endTime": "2026-07-27T15:05:58.943449278Z",
    "name": "projects/420804682491/locations/asia-east1/workflows/msklad-pipeline-hourly/executions/7996e814-cb95-4a3c-ab2a-f19b919746e7",
    "startTime": "2026-07-27T15:00:02.695835457Z",
    "state": "SUCCEEDED",
    "status": {
      "currentSteps": [
        {
          "routine": "main",
          "step": "return_result"
        }
      ]
    },
    "workflowRevisionId": "000003-f02"
  },
  {
    "createTime": "2026-07-27T14:00:02.431842226Z",
    "duration": "356.688952802s",
    "endTime": "2026-07-27T14:05:59.120795028Z",
    "name": "projects/420804682491/locations/asia-east1/workflows/msklad-pipeline-hourly/executions/6d3f511d-c044-441f-af65-9bc37b408bbc",
    "startTime": "2026-07-27T14:00:02.431842226Z",
    "state": "SUCCEEDED",
    "status": {
      "currentSteps": [
        {
          "routine": "main",
          "step": "return_result"
        }
      ]
    },
    "workflowRevisionId": "000003-f02"
  },
  {
    "createTime": "2026-07-27T13:00:02.664353111Z",
    "duration": "375.392822783s",
    "endTime": "2026-07-27T13:06:18.057175894Z",
    "name": "projects/420804682491/locations/asia-east1/workflows/msklad-pipeline-hourly/executions/9ef222d3-fb3b-4757-b125-2aff7f515838",
    "startTime": "2026-07-27T13:00:02.664353111Z",
    "state": "SUCCEEDED",
    "status": {
      "currentSteps": [
        {
          "routine": "main",
          "step": "return_result"
        }
      ]
    },
    "workflowRevisionId": "000003-f02"
  },
  {
    "createTime": "2026-07-27T12:00:02.666656244Z",
    "duration": "373.853171118s",
    "endTime": "2026-07-27T12:06:16.519827362Z",
    "name": "projects/420804682491/locations/asia-east1/workflows/msklad-pipeline-hourly/executions/82db7423-9208-44e4-b420-479dc192c742",
    "startTime": "2026-07-27T12:00:02.666656244Z",
    "state": "SUCCEEDED",
    "status": {
      "currentSteps": [
        {
          "routine": "main",
          "step": "return_result"
        }
      ]
    },
    "workflowRevisionId": "000003-f02"
  },
  {
    "createTime": "2026-07-27T11:00:02.274989569Z",
    "duration": "373.747951556s",
    "endTime": "2026-07-27T11:06:16.022941125Z",
    "name": "projects/420804682491/locations/asia-east1/workflows/msklad-pipeline-hourly/executions/18c9e295-7dd3-484b-9f0b-c8bda0a3ab0c",
    "startTime": "2026-07-27T11:00:02.274989569Z",
    "state": "SUCCEEDED",
    "status": {
      "currentSteps": [
        {
          "routine": "main",
          "step": "return_result"
        }
      ]
    },
    "workflowRevisionId": "000003-f02"
  },
  {
    "createTime": "2026-07-27T10:00:02.659454170Z",
    "duration": "359.936629136s",
    "endTime": "2026-07-27T10:06:02.596083306Z",
    "name": "projects/420804682491/locations/asia-east1/workflows/msklad-pipeline-hourly/executions/634d2de8-aadf-45f6-9b12-dad1b87dc3c8",
    "startTime": "2026-07-27T10:00:02.659454170Z",
    "state": "SUCCEEDED",
    "status": {
      "currentSteps": [
        {
          "routine": "main",
          "step": "return_result"
        }
      ]
    },
    "workflowRevisionId": "000003-f02"
  },
  {
    "createTime": "2026-07-27T09:00:02.378476830Z",
    "duration": "405.115276812s",
    "endTime": "2026-07-27T09:06:47.493753642Z",
    "name": "projects/420804682491/locations/asia-east1/workflows/msklad-pipeline-hourly/executions/066056bc-56ed-4fd7-b7f2-664c314ad560",
    "startTime": "2026-07-27T09:00:02.378476830Z",
    "state": "SUCCEEDED",
    "status": {
      "currentSteps": [
        {
          "routine": "main",
          "step": "return_result"
        }
      ]
    },
    "workflowRevisionId": "000003-f02"
  },
  {
    "createTime": "2026-07-27T08:00:02.572215259Z",
    "duration": "350.541159178s",
    "endTime": "2026-07-27T08:05:53.113374437Z",
    "name": "projects/420804682491/locations/asia-east1/workflows/msklad-pipeline-hourly/executions/127ff437-acb3-46d3-a916-05065db3d517",
    "startTime": "2026-07-27T08:00:02.572215259Z",
    "state": "SUCCEEDED",
    "status": {
      "currentSteps": [
        {
          "routine": "main",
          "step": "return_result"
        }
      ]
    },
    "workflowRevisionId": "000003-f02"
  },
  {
    "createTime": "2026-07-27T07:00:02.646670813Z",
    "duration": "357.772463078s",
    "endTime": "2026-07-27T07:06:00.419133891Z",
    "name": "projects/420804682491/locations/asia-east1/workflows/msklad-pipeline-hourly/executions/cb5cd5de-161c-4912-a308-93642e7f80f4",
    "startTime": "2026-07-27T07:00:02.646670813Z",
    "state": "SUCCEEDED",
    "status": {
      "currentSteps": [
        {
          "routine": "main",
          "step": "return_result"
        }
      ]
    },
    "workflowRevisionId": "000003-f02"
  },
  {
    "createTime": "2026-07-27T06:00:02.549526208Z",
    "duration": "328.713694979s",
    "endTime": "2026-07-27T06:05:31.263221187Z",
    "name": "projects/420804682491/locations/asia-east1/workflows/msklad-pipeline-hourly/executions/3b8386a9-6bce-4dd4-9258-59bc771b8f81",
    "startTime": "2026-07-27T06:00:02.549526208Z",
    "state": "SUCCEEDED",
    "status": {
      "currentSteps": [
        {
          "routine": "main",
          "step": "return_result"
        }
      ]
    },
    "workflowRevisionId": "000003-f02"
  },
  {
    "createTime": "2026-07-27T05:00:02.667161962Z",
    "duration": "319.615579969s",
    "endTime": "2026-07-27T05:05:22.282741931Z",
    "name": "projects/420804682491/locations/asia-east1/workflows/msklad-pipeline-hourly/executions/14d35949-89b0-4eb2-a1f5-b273dcbf55a2",
    "startTime": "2026-07-27T05:00:02.667161962Z",
    "state": "SUCCEEDED",
    "status": {
      "currentSteps": [
        {
          "routine": "main",
          "step": "return_result"
        }
      ]
    },
    "workflowRevisionId": "000003-f02"
  },
  {
    "createTime": "2026-07-27T04:00:02.550890079Z",
    "duration": "309.576317954s",
    "endTime": "2026-07-27T04:05:12.127208033Z",
    "name": "projects/420804682491/locations/asia-east1/workflows/msklad-pipeline-hourly/executions/162b8a58-839c-41c8-a056-7532503e3ded",
    "startTime": "2026-07-27T04:00:02.550890079Z",
    "state": "SUCCEEDED",
    "status": {
      "currentSteps": [
        {
          "routine": "main",
          "step": "return_result"
        }
      ]
    },
    "workflowRevisionId": "000003-f02"
  },
  {
    "createTime": "2026-07-27T03:00:02.537447821Z",
    "duration": "305.713484184s",
    "endTime": "2026-07-27T03:05:08.250932005Z",
    "name": "projects/420804682491/locations/asia-east1/workflows/msklad-pipeline-hourly/executions/2f94806e-4267-47e4-9b06-863244a99471",
    "startTime": "2026-07-27T03:00:02.537447821Z",
    "state": "SUCCEEDED",
    "status": {
      "currentSteps": [
        {
          "routine": "main",
          "step": "return_result"
        }
      ]
    },
    "workflowRevisionId": "000003-f02"
  },
  {
    "createTime": "2026-07-27T02:00:02.391632775Z",
    "duration": "305.508417660s",
    "endTime": "2026-07-27T02:05:07.900050435Z",
    "name": "projects/420804682491/locations/asia-east1/workflows/msklad-pipeline-hourly/executions/3d3a0feb-8f17-4fe6-8641-4baf11628b87",
    "startTime": "2026-07-27T02:00:02.391632775Z",
    "state": "SUCCEEDED",
    "status": {
      "currentSteps": [
        {
          "routine": "main",
          "step": "return_result"
        }
      ]
    },
    "workflowRevisionId": "000003-f02"
  },
  {
    "createTime": "2026-07-27T01:00:02.540017831Z",
    "duration": "299.586325346s",
    "endTime": "2026-07-27T01:05:02.126343177Z",
    "name": "projects/420804682491/locations/asia-east1/workflows/msklad-pipeline-hourly/executions/2335aeb2-981a-489f-8e2b-76e4cfdf0ab7",
    "startTime": "2026-07-27T01:00:02.540017831Z",
    "state": "SUCCEEDED",
    "status": {
      "currentSteps": [
        {
          "routine": "main",
          "step": "return_result"
        }
      ]
    },
    "workflowRevisionId": "000003-f02"
  },
  {
    "createTime": "2026-07-27T00:00:02.618017282Z",
    "duration": "293.996301697s",
    "endTime": "2026-07-27T00:04:56.614318979Z",
    "name": "projects/420804682491/locations/asia-east1/workflows/msklad-pipeline-hourly/executions/3ea03e76-bc54-4994-a9f2-25013658df86",
    "startTime": "2026-07-27T00:00:02.618017282Z",
    "state": "SUCCEEDED",
    "status": {
      "currentSteps": [
        {
          "routine": "main",
          "step": "return_result"
        }
      ]
    },
    "workflowRevisionId": "000003-f02"
  },
  {
    "createTime": "2026-07-26T23:00:02.559595961Z",
    "duration": "293.663449066s",
    "endTime": "2026-07-26T23:04:56.223045027Z",
    "name": "projects/420804682491/locations/asia-east1/workflows/msklad-pipeline-hourly/executions/3e68bad5-ba7b-46df-bfbf-b67cf2fe4155",
    "startTime": "2026-07-26T23:00:02.559595961Z",
    "state": "SUCCEEDED",
    "status": {
      "currentSteps": [
        {
          "routine": "main",
          "step": "return_result"
        }
      ]
    },
    "workflowRevisionId": "000003-f02"
  },
  {
    "createTime": "2026-07-26T22:00:02.583305299Z",
    "duration": "324.005007961s",
    "endTime": "2026-07-26T22:05:26.588313260Z",
    "name": "projects/420804682491/locations/asia-east1/workflows/msklad-pipeline-hourly/executions/5a4c0a16-0129-4ddd-9d64-13367633159c",
    "startTime": "2026-07-26T22:00:02.583305299Z",
    "state": "SUCCEEDED",
    "status": {
      "currentSteps": [
        {
          "routine": "main",
          "step": "return_result"
        }
      ]
    },
    "workflowRevisionId": "000003-f02"
  },
  {
    "createTime": "2026-07-26T21:00:02.281651806Z",
    "duration": "336.055940771s",
    "endTime": "2026-07-26T21:05:38.337592577Z",
    "name": "projects/420804682491/locations/asia-east1/workflows/msklad-pipeline-hourly/executions/442df780-5448-44d1-9839-8eb004746bdd",
    "startTime": "2026-07-26T21:00:02.281651806Z",
    "state": "SUCCEEDED",
    "status": {
      "currentSteps": [
        {
          "routine": "main",
          "step": "return_result"
        }
      ]
    },
    "workflowRevisionId": "000003-f02"
  },
  {
    "createTime": "2026-07-26T20:00:02.331418955Z",
    "duration": "310.502634022s",
    "endTime": "2026-07-26T20:05:12.834052977Z",
    "name": "projects/420804682491/locations/asia-east1/workflows/msklad-pipeline-hourly/executions/5f2d7178-2927-49cd-9ffc-6fcb0e5a4242",
    "startTime": "2026-07-26T20:00:02.331418955Z",
    "state": "SUCCEEDED",
    "status": {
      "currentSteps": [
        {
          "routine": "main",
          "step": "return_result"
        }
      ]
    },
    "workflowRevisionId": "000003-f02"
  },
  {
    "createTime": "2026-07-26T19:00:02.636565053Z",
    "duration": "327.332181131s",
    "endTime": "2026-07-26T19:05:29.968746184Z",
    "name": "projects/420804682491/locations/asia-east1/workflows/msklad-pipeline-hourly/executions/a17f2e9c-6108-4e7d-a826-0c2560e59970",
    "startTime": "2026-07-26T19:00:02.636565053Z",
    "state": "SUCCEEDED",
    "status": {
      "currentSteps": [
        {
          "routine": "main",
          "step": "return_result"
        }
      ]
    },
    "workflowRevisionId": "000003-f02"
  },
  {
    "createTime": "2026-07-26T18:00:02.547945325Z",
    "duration": "301.955193925s",
    "endTime": "2026-07-26T18:05:04.503139250Z",
    "name": "projects/420804682491/locations/asia-east1/workflows/msklad-pipeline-hourly/executions/cdf2cea8-1a3b-4bdc-b174-a5d2b21c4e91",
    "startTime": "2026-07-26T18:00:02.547945325Z",
    "state": "SUCCEEDED",
    "status": {
      "currentSteps": [
        {
          "routine": "main",
          "step": "return_result"
        }
      ]
    },
    "workflowRevisionId": "000003-f02"
  },
  {
    "createTime": "2026-07-26T17:00:02.593496222Z",
    "duration": "126.953618907s",
    "endTime": "2026-07-26T17:02:09.547115129Z",
    "name": "projects/420804682491/locations/asia-east1/workflows/msklad-pipeline-hourly/executions/018262cd-0f50-4787-abc9-1fc85c454a58",
    "startTime": "2026-07-26T17:00:02.593496222Z",
    "state": "FAILED",
    "status": {
      "currentSteps": [
        {
          "routine": "main",
          "step": "raise_dq_failed"
        }
      ]
    },
    "workflowRevisionId": "000003-f02"
  },
  {
    "createTime": "2026-07-26T16:00:02.722493564Z",
    "duration": "132.176693726s",
    "endTime": "2026-07-26T16:02:14.899187290Z",
    "name": "projects/420804682491/locations/asia-east1/workflows/msklad-pipeline-hourly/executions/bcdcc045-3fc5-4331-9305-f619289cb26c",
    "startTime": "2026-07-26T16:00:02.722493564Z",
    "state": "FAILED",
    "status": {
      "currentSteps": [
        {
          "routine": "main",
          "step": "raise_dq_failed"
        }
      ]
    },
    "workflowRevisionId": "000003-f02"
  },
  {
    "createTime": "2026-07-26T15:00:02.367961659Z",
    "duration": "136.902000240s",
    "endTime": "2026-07-26T15:02:19.269961899Z",
    "name": "projects/420804682491/locations/asia-east1/workflows/msklad-pipeline-hourly/executions/22dba8ff-ea2f-4419-9a9c-a39912758d22",
    "startTime": "2026-07-26T15:00:02.367961659Z",
    "state": "FAILED",
    "status": {
      "currentSteps": [
        {
          "routine": "main",
          "step": "raise_dq_failed"
        }
      ]
    },
    "workflowRevisionId": "000003-f02"
  },
  {
    "createTime": "2026-07-26T14:00:02.313413553Z",
    "duration": "136.259671079s",
    "endTime": "2026-07-26T14:02:18.573084632Z",
    "name": "projects/420804682491/locations/asia-east1/workflows/msklad-pipeline-hourly/executions/f9f32010-37ac-4fb6-ba4d-aad302cd9fe9",
    "startTime": "2026-07-26T14:00:02.313413553Z",
    "state": "FAILED",
    "status": {
      "currentSteps": [
        {
          "routine": "main",
          "step": "raise_dq_failed"
        }
      ]
    },
    "workflowRevisionId": "000003-f02"
  },
  {
    "createTime": "2026-07-26T13:00:02.549717394Z",
    "duration": "129.955899948s",
    "endTime": "2026-07-26T13:02:12.505617342Z",
    "name": "projects/420804682491/locations/asia-east1/workflows/msklad-pipeline-hourly/executions/8fbc854f-2546-400c-86dd-6e91e2a3e335",
    "startTime": "2026-07-26T13:00:02.549717394Z",
    "state": "FAILED",
    "status": {
      "currentSteps": [
        {
          "routine": "main",
          "step": "raise_dq_failed"
        }
      ]
    },
    "workflowRevisionId": "000003-f02"
  },
  {
    "createTime": "2026-07-26T12:00:02.342745459Z",
    "duration": "151.307443345s",
    "endTime": "2026-07-26T12:02:33.650188804Z",
    "name": "projects/420804682491/locations/asia-east1/workflows/msklad-pipeline-hourly/executions/c3ab188d-2710-4c93-b1f4-e662fb3f80d9",
    "startTime": "2026-07-26T12:00:02.342745459Z",
    "state": "FAILED",
    "status": {
      "currentSteps": [
        {
          "routine": "main",
          "step": "raise_dq_failed"
        }
      ]
    },
    "workflowRevisionId": "000003-f02"
  },
  {
    "createTime": "2026-07-26T11:00:02.414280219Z",
    "duration": "123.559147208s",
    "endTime": "2026-07-26T11:02:05.973427427Z",
    "name": "projects/420804682491/locations/asia-east1/workflows/msklad-pipeline-hourly/executions/fe2276ec-7bac-4ec9-b904-495ead64aedc",
    "startTime": "2026-07-26T11:00:02.414280219Z",
    "state": "FAILED",
    "status": {
      "currentSteps": [
        {
          "routine": "main",
          "step": "raise_dq_failed"
        }
      ]
    },
    "workflowRevisionId": "000003-f02"
  },
  {
    "createTime": "2026-07-26T10:00:02.372228795Z",
    "duration": "140.660902447s",
    "endTime": "2026-07-26T10:02:23.033131242Z",
    "name": "projects/420804682491/locations/asia-east1/workflows/msklad-pipeline-hourly/executions/3bb28e24-dee4-4cec-8e6d-809a619f06ba",
    "startTime": "2026-07-26T10:00:02.372228795Z",
    "state": "FAILED",
    "status": {
      "currentSteps": [
        {
          "routine": "main",
          "step": "raise_dq_failed"
        }
      ]
    },
    "workflowRevisionId": "000003-f02"
  },
  {
    "createTime": "2026-07-26T09:00:02.406345243Z",
    "duration": "156.837339879s",
    "endTime": "2026-07-26T09:02:39.243685122Z",
    "name": "projects/420804682491/locations/asia-east1/workflows/msklad-pipeline-hourly/executions/b9dd45d1-4150-4ad6-bbfb-8ae8128c2ad9",
    "startTime": "2026-07-26T09:00:02.406345243Z",
    "state": "FAILED",
    "status": {
      "currentSteps": [
        {
          "routine": "main",
          "step": "raise_dq_failed"
        }
      ]
    },
    "workflowRevisionId": "000003-f02"
  },
  {
    "createTime": "2026-07-26T08:00:02.650756254Z",
    "duration": "144.435920620s",
    "endTime": "2026-07-26T08:02:27.086676874Z",
    "name": "projects/420804682491/locations/asia-east1/workflows/msklad-pipeline-hourly/executions/3f60d83d-31db-4dd6-888f-dca353320d56",
    "startTime": "2026-07-26T08:00:02.650756254Z",
    "state": "FAILED",
    "status": {
      "currentSteps": [
        {
          "routine": "main",
          "step": "raise_dq_failed"
        }
      ]
    },
    "workflowRevisionId": "000003-f02"
  },
  {
    "createTime": "2026-07-26T07:00:02.644199692Z",
    "duration": "147.902865413s",
    "endTime": "2026-07-26T07:02:30.547065105Z",
    "name": "projects/420804682491/locations/asia-east1/workflows/msklad-pipeline-hourly/executions/9ae55304-ac09-42c4-9112-a78967782da7",
    "startTime": "2026-07-26T07:00:02.644199692Z",
    "state": "FAILED",
    "status": {
      "currentSteps": [
        {
          "routine": "main",
          "step": "raise_dq_failed"
        }
      ]
    },
    "workflowRevisionId": "000003-f02"
  },
  {
    "createTime": "2026-07-26T06:00:02.682313280Z",
    "duration": "120.271889078s",
    "endTime": "2026-07-26T06:02:02.954202358Z",
    "name": "projects/420804682491/locations/asia-east1/workflows/msklad-pipeline-hourly/executions/2ed33a3b-0e04-43a7-96b7-5d5f21823235",
    "startTime": "2026-07-26T06:00:02.682313280Z",
    "state": "FAILED",
    "status": {
      "currentSteps": [
        {
          "routine": "main",
          "step": "raise_dq_failed"
        }
      ]
    },
    "workflowRevisionId": "000003-f02"
  },
  {
    "createTime": "2026-07-26T05:00:02.620460144Z",
    "duration": "130.058154512s",
    "endTime": "2026-07-26T05:02:12.678614656Z",
    "name": "projects/420804682491/locations/asia-east1/workflows/msklad-pipeline-hourly/executions/8c44734c-a4f9-4b52-b000-c2a5f663b77e",
    "startTime": "2026-07-26T05:00:02.620460144Z",
    "state": "FAILED",
    "status": {
      "currentSteps": [
        {
          "routine": "main",
          "step": "raise_dq_failed"
        }
      ]
    },
    "workflowRevisionId": "000003-f02"
  },
  {
    "createTime": "2026-07-26T04:00:02.695784254Z",
    "duration": "127.025191980s",
    "endTime": "2026-07-26T04:02:09.720976234Z",
    "name": "projects/420804682491/locations/asia-east1/workflows/msklad-pipeline-hourly/executions/4575b239-4fa7-41e0-9e3a-75d04aee5a54",
    "startTime": "2026-07-26T04:00:02.695784254Z",
    "state": "FAILED",
    "status": {
      "currentSteps": [
        {
          "routine": "main",
          "step": "raise_dq_failed"
        }
      ]
    },
    "workflowRevisionId": "000003-f02"
  },
  {
    "createTime": "2026-07-26T03:00:02.659843204Z",
    "duration": "117.560495749s",
    "endTime": "2026-07-26T03:02:00.220338953Z",
    "name": "projects/420804682491/locations/asia-east1/workflows/msklad-pipeline-hourly/executions/12eee78c-2c08-4d36-a0e8-f9a70db79820",
    "startTime": "2026-07-26T03:00:02.659843204Z",
    "state": "FAILED",
    "status": {
      "currentSteps": [
        {
          "routine": "main",
          "step": "raise_dq_failed"
        }
      ]
    },
    "workflowRevisionId": "000003-f02"
  },
  {
    "createTime": "2026-07-26T02:00:02.587347427Z",
    "duration": "139.842654543s",
    "endTime": "2026-07-26T02:02:22.430001970Z",
    "name": "projects/420804682491/locations/asia-east1/workflows/msklad-pipeline-hourly/executions/a47ea855-7207-4939-932d-96e2d0187fc7",
    "startTime": "2026-07-26T02:00:02.587347427Z",
    "state": "FAILED",
    "status": {
      "currentSteps": [
        {
          "routine": "main",
          "step": "raise_dq_failed"
        }
      ]
    },
    "workflowRevisionId": "000003-f02"
  },
  {
    "createTime": "2026-07-26T01:00:02.622548956Z",
    "duration": "168.326010560s",
    "endTime": "2026-07-26T01:02:50.948559516Z",
    "name": "projects/420804682491/locations/asia-east1/workflows/msklad-pipeline-hourly/executions/612e2e98-344f-417a-9f8f-8e3de5b579df",
    "startTime": "2026-07-26T01:00:02.622548956Z",
    "state": "FAILED",
    "status": {
      "currentSteps": [
        {
          "routine": "main",
          "step": "raise_dq_failed"
        }
      ]
    },
    "workflowRevisionId": "000003-f02"
  },
  {
    "createTime": "2026-07-26T00:00:02.352092466Z",
    "duration": "139.765044635s",
    "endTime": "2026-07-26T00:02:22.117137101Z",
    "name": "projects/420804682491/locations/asia-east1/workflows/msklad-pipeline-hourly/executions/4f0925b0-5398-477f-ab4b-ecb0182a0012",
    "startTime": "2026-07-26T00:00:02.352092466Z",
    "state": "FAILED",
    "status": {
      "currentSteps": [
        {
          "routine": "main",
          "step": "raise_dq_failed"
        }
      ]
    },
    "workflowRevisionId": "000003-f02"
  },
  {
    "createTime": "2026-07-25T23:00:02.508356976Z",
    "duration": "118.971068710s",
    "endTime": "2026-07-25T23:02:01.479425686Z",
    "name": "projects/420804682491/locations/asia-east1/workflows/msklad-pipeline-hourly/executions/091588f5-3093-4c64-ae4f-10d82184cd96",
    "startTime": "2026-07-25T23:00:02.508356976Z",
    "state": "FAILED",
    "status": {
      "currentSteps": [
        {
          "routine": "main",
          "step": "raise_dq_failed"
        }
      ]
    },
    "workflowRevisionId": "000003-f02"
  },
  {
    "createTime": "2026-07-25T22:00:02.315466407Z",
    "duration": "147.213416731s",
    "endTime": "2026-07-25T22:02:29.528883138Z",
    "name": "projects/420804682491/locations/asia-east1/workflows/msklad-pipeline-hourly/executions/c2c6d91e-69a3-4c45-ad6e-a4d37ebff362",
    "startTime": "2026-07-25T22:00:02.315466407Z",
    "state": "FAILED",
    "status": {
      "currentSteps": [
        {
          "routine": "main",
          "step": "raise_dq_failed"
        }
      ]
    },
    "workflowRevisionId": "000003-f02"
  },
  {
    "createTime": "2026-07-25T21:00:02.648092163Z",
    "duration": "110.262568884s",
    "endTime": "2026-07-25T21:01:52.910661047Z",
    "name": "projects/420804682491/locations/asia-east1/workflows/msklad-pipeline-hourly/executions/5f65e55f-8851-4d75-8179-942013b2a6e5",
    "startTime": "2026-07-25T21:00:02.648092163Z",
    "state": "FAILED",
    "status": {
      "currentSteps": [
        {
          "routine": "main",
          "step": "raise_dq_failed"
        }
      ]
    },
    "workflowRevisionId": "000003-f02"
  },
  {
    "createTime": "2026-07-25T20:00:02.586233181Z",
    "duration": "108.040406029s",
    "endTime": "2026-07-25T20:01:50.626639210Z",
    "name": "projects/420804682491/locations/asia-east1/workflows/msklad-pipeline-hourly/executions/4a46caa1-ed55-4a55-afeb-35f84d86b7e2",
    "startTime": "2026-07-25T20:00:02.586233181Z",
    "state": "FAILED",
    "status": {
      "currentSteps": [
        {
          "routine": "main",
          "step": "raise_dq_failed"
        }
      ]
    },
    "workflowRevisionId": "000003-f02"
  },
  {
    "createTime": "2026-07-25T19:00:03.063157720Z",
    "duration": "115.723138702s",
    "endTime": "2026-07-25T19:01:58.786296422Z",
    "name": "projects/420804682491/locations/asia-east1/workflows/msklad-pipeline-hourly/executions/044f9fa8-51f0-4933-8958-2b6cbfacc4fb",
    "startTime": "2026-07-25T19:00:03.063157720Z",
    "state": "FAILED",
    "status": {
      "currentSteps": [
        {
          "routine": "main",
          "step": "raise_dq_failed"
        }
      ]
    },
    "workflowRevisionId": "000003-f02"
  },
  {
    "createTime": "2026-07-25T18:00:02.581393056Z",
    "duration": "135.502882746s",
    "endTime": "2026-07-25T18:02:18.084275802Z",
    "name": "projects/420804682491/locations/asia-east1/workflows/msklad-pipeline-hourly/executions/5f3f6c56-70a6-44f4-a935-3024bc249e1f",
    "startTime": "2026-07-25T18:00:02.581393056Z",
    "state": "FAILED",
    "status": {
      "currentSteps": [
        {
          "routine": "main",
          "step": "raise_dq_failed"
        }
      ]
    },
    "workflowRevisionId": "000003-f02"
  },
  {
    "createTime": "2026-07-25T17:00:02.618889403Z",
    "duration": "316.965514706s",
    "endTime": "2026-07-25T17:05:19.584404109Z",
    "name": "projects/420804682491/locations/asia-east1/workflows/msklad-pipeline-hourly/executions/a155c113-0b10-4736-addb-88e63b7ff69c",
    "startTime": "2026-07-25T17:00:02.618889403Z",
    "state": "SUCCEEDED",
    "status": {
      "currentSteps": [
        {
          "routine": "main",
          "step": "return_result"
        }
      ]
    },
    "workflowRevisionId": "000003-f02"
  },
  {
    "createTime": "2026-07-25T16:00:02.406919783Z",
    "duration": "336.689733034s",
    "endTime": "2026-07-25T16:05:39.096652817Z",
    "name": "projects/420804682491/locations/asia-east1/workflows/msklad-pipeline-hourly/executions/456b1d06-c7e0-48da-a47a-b87576bec62a",
    "startTime": "2026-07-25T16:00:02.406919783Z",
    "state": "SUCCEEDED",
    "status": {
      "currentSteps": [
        {
          "routine": "main",
          "step": "return_result"
        }
      ]
    },
    "workflowRevisionId": "000003-f02"
  },
  {
    "createTime": "2026-07-25T15:00:02.686313132Z",
    "duration": "317.034428672s",
    "endTime": "2026-07-25T15:05:19.720741804Z",
    "name": "projects/420804682491/locations/asia-east1/workflows/msklad-pipeline-hourly/executions/2e3ff478-1ed1-4c37-ae96-ee630e19f6dc",
    "startTime": "2026-07-25T15:00:02.686313132Z",
    "state": "SUCCEEDED",
    "status": {
      "currentSteps": [
        {
          "routine": "main",
          "step": "return_result"
        }
      ]
    },
    "workflowRevisionId": "000003-f02"
  },
  {
    "createTime": "2026-07-25T14:00:02.654657749Z",
    "duration": "330.200229610s",
    "endTime": "2026-07-25T14:05:32.854887359Z",
    "name": "projects/420804682491/locations/asia-east1/workflows/msklad-pipeline-hourly/executions/3a254e4a-99f9-4848-b7ab-b852bb2f1f20",
    "startTime": "2026-07-25T14:00:02.654657749Z",
    "state": "SUCCEEDED",
    "status": {
      "currentSteps": [
        {
          "routine": "main",
          "step": "return_result"
        }
      ]
    },
    "workflowRevisionId": "000003-f02"
  },
  {
    "createTime": "2026-07-25T13:00:02.246109927Z",
    "duration": "337.783385019s",
    "endTime": "2026-07-25T13:05:40.029494946Z",
    "name": "projects/420804682491/locations/asia-east1/workflows/msklad-pipeline-hourly/executions/105684bf-72ed-4159-9c33-165a881b3822",
    "startTime": "2026-07-25T13:00:02.246109927Z",
    "state": "SUCCEEDED",
    "status": {
      "currentSteps": [
        {
          "routine": "main",
          "step": "return_result"
        }
      ]
    },
    "workflowRevisionId": "000003-f02"
  },
  {
    "createTime": "2026-07-25T12:00:02.713696739Z",
    "duration": "323.177453473s",
    "endTime": "2026-07-25T12:05:25.891150212Z",
    "name": "projects/420804682491/locations/asia-east1/workflows/msklad-pipeline-hourly/executions/f9a61ad1-6d2b-4b90-ae0a-4a1749d2182c",
    "startTime": "2026-07-25T12:00:02.713696739Z",
    "state": "SUCCEEDED",
    "status": {
      "currentSteps": [
        {
          "routine": "main",
          "step": "return_result"
        }
      ]
    },
    "workflowRevisionId": "000003-f02"
  },
  {
    "createTime": "2026-07-25T11:00:02.385935235Z",
    "duration": "333.504061564s",
    "endTime": "2026-07-25T11:05:35.889996799Z",
    "name": "projects/420804682491/locations/asia-east1/workflows/msklad-pipeline-hourly/executions/d0d5e572-9f5a-46fa-97ba-bf0f4012d786",
    "startTime": "2026-07-25T11:00:02.385935235Z",
    "state": "SUCCEEDED",
    "status": {
      "currentSteps": [
        {
          "routine": "main",
          "step": "return_result"
        }
      ]
    },
    "workflowRevisionId": "000003-f02"
  },
  {
    "createTime": "2026-07-25T10:00:02.720743742Z",
    "duration": "328.800338973s",
    "endTime": "2026-07-25T10:05:31.521082715Z",
    "name": "projects/420804682491/locations/asia-east1/workflows/msklad-pipeline-hourly/executions/d6f9c71e-9746-4994-a34d-5a8b66259e36",
    "startTime": "2026-07-25T10:00:02.720743742Z",
    "state": "SUCCEEDED",
    "status": {
      "currentSteps": [
        {
          "routine": "main",
          "step": "return_result"
        }
      ]
    },
    "workflowRevisionId": "000003-f02"
  },
  {
    "createTime": "2026-07-25T09:00:02.612780310Z",
    "duration": "336.840646556s",
    "endTime": "2026-07-25T09:05:39.453426866Z",
    "name": "projects/420804682491/locations/asia-east1/workflows/msklad-pipeline-hourly/executions/e70bfd33-b386-4b51-9f2e-4a980c36d2a8",
    "startTime": "2026-07-25T09:00:02.612780310Z",
    "state": "SUCCEEDED",
    "status": {
      "currentSteps": [
        {
          "routine": "main",
          "step": "return_result"
        }
      ]
    },
    "workflowRevisionId": "000003-f02"
  },
  {
    "createTime": "2026-07-25T08:00:02.632255417Z",
    "duration": "323.744075337s",
    "endTime": "2026-07-25T08:05:26.376330754Z",
    "name": "projects/420804682491/locations/asia-east1/workflows/msklad-pipeline-hourly/executions/401b166e-32a7-40a3-883e-8bc84da6ec6d",
    "startTime": "2026-07-25T08:00:02.632255417Z",
    "state": "SUCCEEDED",
    "status": {
      "currentSteps": [
        {
          "routine": "main",
          "step": "return_result"
        }
      ]
    },
    "workflowRevisionId": "000003-f02"
  },
  {
    "createTime": "2026-07-25T07:00:02.776539929Z",
    "duration": "318.612559487s",
    "endTime": "2026-07-25T07:05:21.389099416Z",
    "name": "projects/420804682491/locations/asia-east1/workflows/msklad-pipeline-hourly/executions/186cdfd1-94d9-4446-859b-359738fc6e5c",
    "startTime": "2026-07-25T07:00:02.776539929Z",
    "state": "SUCCEEDED",
    "status": {
      "currentSteps": [
        {
          "routine": "main",
          "step": "return_result"
        }
      ]
    },
    "workflowRevisionId": "000003-f02"
  },
  {
    "createTime": "2026-07-25T06:00:02.659869127Z",
    "duration": "329.090160824s",
    "endTime": "2026-07-25T06:05:31.750029951Z",
    "name": "projects/420804682491/locations/asia-east1/workflows/msklad-pipeline-hourly/executions/7cb0ae7e-b8ed-45f4-be29-5b005602d320",
    "startTime": "2026-07-25T06:00:02.659869127Z",
    "state": "SUCCEEDED",
    "status": {
      "currentSteps": [
        {
          "routine": "main",
          "step": "return_result"
        }
      ]
    },
    "workflowRevisionId": "000003-f02"
  },
  {
    "createTime": "2026-07-25T05:00:02.331092319Z",
    "duration": "312.946332588s",
    "endTime": "2026-07-25T05:05:15.277424907Z",
    "name": "projects/420804682491/locations/asia-east1/workflows/msklad-pipeline-hourly/executions/29ef9fe8-f7c2-441b-9cc0-d3082a4f5a05",
    "startTime": "2026-07-25T05:00:02.331092319Z",
    "state": "SUCCEEDED",
    "status": {
      "currentSteps": [
        {
          "routine": "main",
          "step": "return_result"
        }
      ]
    },
    "workflowRevisionId": "000003-f02"
  },
  {
    "createTime": "2026-07-25T04:00:02.566433810Z",
    "duration": "306.373844299s",
    "endTime": "2026-07-25T04:05:08.940278109Z",
    "name": "projects/420804682491/locations/asia-east1/workflows/msklad-pipeline-hourly/executions/647e808e-df42-426e-9065-636eafc7bfb7",
    "startTime": "2026-07-25T04:00:02.566433810Z",
    "state": "SUCCEEDED",
    "status": {
      "currentSteps": [
        {
          "routine": "main",
          "step": "return_result"
        }
      ]
    },
    "workflowRevisionId": "000003-f02"
  },
  {
    "createTime": "2026-07-25T03:00:02.360116999Z",
    "duration": "305.100106448s",
    "endTime": "2026-07-25T03:05:07.460223447Z",
    "name": "projects/420804682491/locations/asia-east1/workflows/msklad-pipeline-hourly/executions/20fcb6b8-d889-4509-b7ab-f7eb28594f5e",
    "startTime": "2026-07-25T03:00:02.360116999Z",
    "state": "SUCCEEDED",
    "status": {
      "currentSteps": [
        {
          "routine": "main",
          "step": "return_result"
        }
      ]
    },
    "workflowRevisionId": "000003-f02"
  },
  {
    "createTime": "2026-07-25T02:00:02.323923925Z",
    "duration": "296.910438289s",
    "endTime": "2026-07-25T02:04:59.234362214Z",
    "name": "projects/420804682491/locations/asia-east1/workflows/msklad-pipeline-hourly/executions/5ed8402f-046e-4314-87fb-d0236b5aeb03",
    "startTime": "2026-07-25T02:00:02.323923925Z",
    "state": "SUCCEEDED",
    "status": {
      "currentSteps": [
        {
          "routine": "main",
          "step": "return_result"
        }
      ]
    },
    "workflowRevisionId": "000003-f02"
  },
  {
    "createTime": "2026-07-25T01:00:02.545267204Z",
    "duration": "299.066811266s",
    "endTime": "2026-07-25T01:05:01.612078470Z",
    "name": "projects/420804682491/locations/asia-east1/workflows/msklad-pipeline-hourly/executions/774cfc8b-a4be-44b2-89d5-f744b3b2dc34",
    "startTime": "2026-07-25T01:00:02.545267204Z",
    "state": "SUCCEEDED",
    "status": {
      "currentSteps": [
        {
          "routine": "main",
          "step": "return_result"
        }
      ]
    },
    "workflowRevisionId": "000003-f02"
  },
  {
    "createTime": "2026-07-25T00:00:02.590990686Z",
    "duration": "330.705047864s",
    "endTime": "2026-07-25T00:05:33.296038550Z",
    "name": "projects/420804682491/locations/asia-east1/workflows/msklad-pipeline-hourly/executions/88ee8fa6-3dae-44df-9c8f-d0ceb0f563e9",
    "startTime": "2026-07-25T00:00:02.590990686Z",
    "state": "SUCCEEDED",
    "status": {
      "currentSteps": [
        {
          "routine": "main",
          "step": "return_result"
        }
      ]
    },
    "workflowRevisionId": "000003-f02"
  },
  {
    "createTime": "2026-07-24T23:00:02.373929759Z",
    "duration": "305.409608228s",
    "endTime": "2026-07-24T23:05:07.783537987Z",
    "name": "projects/420804682491/locations/asia-east1/workflows/msklad-pipeline-hourly/executions/8d3544df-5390-4fd9-a69a-8217fb1353f5",
    "startTime": "2026-07-24T23:00:02.373929759Z",
    "state": "SUCCEEDED",
    "status": {
      "currentSteps": [
        {
          "routine": "main",
          "step": "return_result"
        }
      ]
    },
    "workflowRevisionId": "000003-f02"
  },
  {
    "createTime": "2026-07-24T22:00:02.321308971Z",
    "duration": "299.357324966s",
    "endTime": "2026-07-24T22:05:01.678633937Z",
    "name": "projects/420804682491/locations/asia-east1/workflows/msklad-pipeline-hourly/executions/cc6e29a0-cde7-48f3-a8c8-5f056a90b3b5",
    "startTime": "2026-07-24T22:00:02.321308971Z",
    "state": "SUCCEEDED",
    "status": {
      "currentSteps": [
        {
          "routine": "main",
          "step": "return_result"
        }
      ]
    },
    "workflowRevisionId": "000003-f02"
  },
  {
    "createTime": "2026-07-24T21:00:02.960538735Z",
    "duration": "344.667087682s",
    "endTime": "2026-07-24T21:05:47.627626417Z",
    "name": "projects/420804682491/locations/asia-east1/workflows/msklad-pipeline-hourly/executions/e0a584b9-5ad6-4d3c-88d6-5d8dac3023d4",
    "startTime": "2026-07-24T21:00:02.960538735Z",
    "state": "SUCCEEDED",
    "status": {
      "currentSteps": [
        {
          "routine": "main",
          "step": "return_result"
        }
      ]
    },
    "workflowRevisionId": "000003-f02"
  },
  {
    "createTime": "2026-07-24T20:00:02.527756691Z",
    "duration": "306.680800830s",
    "endTime": "2026-07-24T20:05:09.208557521Z",
    "name": "projects/420804682491/locations/asia-east1/workflows/msklad-pipeline-hourly/executions/496169b0-429f-4897-902a-6d5b40338f72",
    "startTime": "2026-07-24T20:00:02.527756691Z",
    "state": "SUCCEEDED",
    "status": {
      "currentSteps": [
        {
          "routine": "main",
          "step": "return_result"
        }
      ]
    },
    "workflowRevisionId": "000003-f02"
  },
  {
    "createTime": "2026-07-24T19:00:02.336740938Z",
    "duration": "317.797035292s",
    "endTime": "2026-07-24T19:05:20.133776230Z",
    "name": "projects/420804682491/locations/asia-east1/workflows/msklad-pipeline-hourly/executions/d796269f-81db-42ab-9961-f089960fa33d",
    "startTime": "2026-07-24T19:00:02.336740938Z",
    "state": "SUCCEEDED",
    "status": {
      "currentSteps": [
        {
          "routine": "main",
          "step": "return_result"
        }
      ]
    },
    "workflowRevisionId": "000003-f02"
  },
  {
    "createTime": "2026-07-24T18:00:02.550879690Z",
    "duration": "335.412638162s",
    "endTime": "2026-07-24T18:05:37.963517852Z",
    "name": "projects/420804682491/locations/asia-east1/workflows/msklad-pipeline-hourly/executions/d1c6a476-f573-402f-8cfd-84ce9fca6338",
    "startTime": "2026-07-24T18:00:02.550879690Z",
    "state": "SUCCEEDED",
    "status": {
      "currentSteps": [
        {
          "routine": "main",
          "step": "return_result"
        }
      ]
    },
    "workflowRevisionId": "000003-f02"
  },
  {
    "createTime": "2026-07-24T17:00:02.257276511Z",
    "duration": "331.297009691s",
    "endTime": "2026-07-24T17:05:33.554286202Z",
    "name": "projects/420804682491/locations/asia-east1/workflows/msklad-pipeline-hourly/executions/c74bf20b-d520-4573-b9d4-bc9dbff0953f",
    "startTime": "2026-07-24T17:00:02.257276511Z",
    "state": "SUCCEEDED",
    "status": {
      "currentSteps": [
        {
          "routine": "main",
          "step": "return_result"
        }
      ]
    },
    "workflowRevisionId": "000003-f02"
  },
  {
    "createTime": "2026-07-24T16:00:02.668824600Z",
    "duration": "329.785082237s",
    "endTime": "2026-07-24T16:05:32.453906837Z",
    "name": "projects/420804682491/locations/asia-east1/workflows/msklad-pipeline-hourly/executions/b7987897-ef01-4ad8-bfc7-f51f610d90a7",
    "startTime": "2026-07-24T16:00:02.668824600Z",
    "state": "SUCCEEDED",
    "status": {
      "currentSteps": [
        {
          "routine": "main",
          "step": "return_result"
        }
      ]
    },
    "workflowRevisionId": "000003-f02"
  },
  {
    "createTime": "2026-07-24T15:00:02.660000763Z",
    "duration": "344.305222074s",
    "endTime": "2026-07-24T15:05:46.965222837Z",
    "name": "projects/420804682491/locations/asia-east1/workflows/msklad-pipeline-hourly/executions/0b83f207-3969-42e5-8f97-49d64c674a0d",
    "startTime": "2026-07-24T15:00:02.660000763Z",
    "state": "SUCCEEDED",
    "status": {
      "currentSteps": [
        {
          "routine": "main",
          "step": "return_result"
        }
      ]
    },
    "workflowRevisionId": "000003-f02"
  },
  {
    "createTime": "2026-07-24T14:00:02.410617799Z",
    "duration": "338.170697990s",
    "endTime": "2026-07-24T14:05:40.581315789Z",
    "name": "projects/420804682491/locations/asia-east1/workflows/msklad-pipeline-hourly/executions/3b3818fe-f1b9-4567-9ed5-a7fc53a30b31",
    "startTime": "2026-07-24T14:00:02.410617799Z",
    "state": "SUCCEEDED",
    "status": {
      "currentSteps": [
        {
          "routine": "main",
          "step": "return_result"
        }
      ]
    },
    "workflowRevisionId": "000003-f02"
  },
  {
    "createTime": "2026-07-24T13:00:02.213428390Z",
    "duration": "336.009224580s",
    "endTime": "2026-07-24T13:05:38.222652970Z",
    "name": "projects/420804682491/locations/asia-east1/workflows/msklad-pipeline-hourly/executions/afec248f-6bf8-484f-ad01-6702969572bb",
    "startTime": "2026-07-24T13:00:02.213428390Z",
    "state": "SUCCEEDED",
    "status": {
      "currentSteps": [
        {
          "routine": "main",
          "step": "return_result"
        }
      ]
    },
    "workflowRevisionId": "000003-f02"
  },
  {
    "createTime": "2026-07-24T12:00:02.612664510Z",
    "duration": "356.214971609s",
    "endTime": "2026-07-24T12:05:58.827636119Z",
    "name": "projects/420804682491/locations/asia-east1/workflows/msklad-pipeline-hourly/executions/019dda99-02d6-46e0-bc97-6e7bbdf0146e",
    "startTime": "2026-07-24T12:00:02.612664510Z",
    "state": "SUCCEEDED",
    "status": {
      "currentSteps": [
        {
          "routine": "main",
          "step": "return_result"
        }
      ]
    },
    "workflowRevisionId": "000003-f02"
  },
  {
    "createTime": "2026-07-24T11:00:02.640243805Z",
    "duration": "353.574890751s",
    "endTime": "2026-07-24T11:05:56.215134556Z",
    "name": "projects/420804682491/locations/asia-east1/workflows/msklad-pipeline-hourly/executions/90b25eb5-2e12-4504-bb73-257d47b86d7b",
    "startTime": "2026-07-24T11:00:02.640243805Z",
    "state": "SUCCEEDED",
    "status": {
      "currentSteps": [
        {
          "routine": "main",
          "step": "return_result"
        }
      ]
    },
    "workflowRevisionId": "000003-f02"
  },
  {
    "createTime": "2026-07-24T10:00:02.643715373Z",
    "duration": "355.992657250s",
    "endTime": "2026-07-24T10:05:58.636372623Z",
    "name": "projects/420804682491/locations/asia-east1/workflows/msklad-pipeline-hourly/executions/c2684ed2-46ce-41d8-8057-df25f23ba0f5",
    "startTime": "2026-07-24T10:00:02.643715373Z",
    "state": "SUCCEEDED",
    "status": {
      "currentSteps": [
        {
          "routine": "main",
          "step": "return_result"
        }
      ]
    },
    "workflowRevisionId": "000003-f02"
  },
  {
    "createTime": "2026-07-24T09:00:02.645467604Z",
    "duration": "385.080256460s",
    "endTime": "2026-07-24T09:06:27.725724064Z",
    "name": "projects/420804682491/locations/asia-east1/workflows/msklad-pipeline-hourly/executions/aa4ec899-6705-4604-b90a-0a1a18cf8775",
    "startTime": "2026-07-24T09:00:02.645467604Z",
    "state": "SUCCEEDED",
    "status": {
      "currentSteps": [
        {
          "routine": "main",
          "step": "return_result"
        }
      ]
    },
    "workflowRevisionId": "000003-f02"
  },
  {
    "createTime": "2026-07-24T08:00:02.422551803Z",
    "duration": "333.620572872s",
    "endTime": "2026-07-24T08:05:36.043124675Z",
    "name": "projects/420804682491/locations/asia-east1/workflows/msklad-pipeline-hourly/executions/02cdb9be-452a-4714-84e2-213db7a9d4b3",
    "startTime": "2026-07-24T08:00:02.422551803Z",
    "state": "SUCCEEDED",
    "status": {
      "currentSteps": [
        {
          "routine": "main",
          "step": "return_result"
        }
      ]
    },
    "workflowRevisionId": "000003-f02"
  },
  {
    "createTime": "2026-07-24T07:00:02.647941230Z",
    "duration": "326.990282298s",
    "endTime": "2026-07-24T07:05:29.638223528Z",
    "name": "projects/420804682491/locations/asia-east1/workflows/msklad-pipeline-hourly/executions/33943539-db10-4c5f-a31d-856e2e482ad6",
    "startTime": "2026-07-24T07:00:02.647941230Z",
    "state": "SUCCEEDED",
    "status": {
      "currentSteps": [
        {
          "routine": "main",
          "step": "return_result"
        }
      ]
    },
    "workflowRevisionId": "000003-f02"
  },
  {
    "createTime": "2026-07-24T06:00:02.634916585Z",
    "duration": "334.815773896s",
    "endTime": "2026-07-24T06:05:37.450690481Z",
    "name": "projects/420804682491/locations/asia-east1/workflows/msklad-pipeline-hourly/executions/969c024d-d6d5-44ca-9505-550ceade8fd6",
    "startTime": "2026-07-24T06:00:02.634916585Z",
    "state": "SUCCEEDED",
    "status": {
      "currentSteps": [
        {
          "routine": "main",
          "step": "return_result"
        }
      ]
    },
    "workflowRevisionId": "000003-f02"
  },
  {
    "createTime": "2026-07-24T05:00:02.395178842Z",
    "duration": "330.941005972s",
    "endTime": "2026-07-24T05:05:33.336184814Z",
    "name": "projects/420804682491/locations/asia-east1/workflows/msklad-pipeline-hourly/executions/88861948-3ce1-4e89-9239-4d239e73b37a",
    "startTime": "2026-07-24T05:00:02.395178842Z",
    "state": "SUCCEEDED",
    "status": {
      "currentSteps": [
        {
          "routine": "main",
          "step": "return_result"
        }
      ]
    },
    "workflowRevisionId": "000003-f02"
  },
  {
    "createTime": "2026-07-24T04:00:02.596579915Z",
    "duration": "299.787366543s",
    "endTime": "2026-07-24T04:05:02.383946458Z",
    "name": "projects/420804682491/locations/asia-east1/workflows/msklad-pipeline-hourly/executions/0dc531f1-d4c6-4654-8791-6736aec5f10e",
    "startTime": "2026-07-24T04:00:02.596579915Z",
    "state": "SUCCEEDED",
    "status": {
      "currentSteps": [
        {
          "routine": "main",
          "step": "return_result"
        }
      ]
    },
    "workflowRevisionId": "000003-f02"
  },
  {
    "createTime": "2026-07-24T03:00:02.726143696Z",
    "duration": "331.937706042s",
    "endTime": "2026-07-24T03:05:34.663849738Z",
    "name": "projects/420804682491/locations/asia-east1/workflows/msklad-pipeline-hourly/executions/0ad91508-0761-4987-9847-8ecbe2b4c814",
    "startTime": "2026-07-24T03:00:02.726143696Z",
    "state": "SUCCEEDED",
    "status": {
      "currentSteps": [
        {
          "routine": "main",
          "step": "return_result"
        }
      ]
    },
    "workflowRevisionId": "000003-f02"
  },
  {
    "createTime": "2026-07-24T02:00:02.359315841Z",
    "duration": "293.174644264s",
    "endTime": "2026-07-24T02:04:55.533960105Z",
    "name": "projects/420804682491/locations/asia-east1/workflows/msklad-pipeline-hourly/executions/eb002db5-6362-49a2-a529-27ed51d11827",
    "startTime": "2026-07-24T02:00:02.359315841Z",
    "state": "SUCCEEDED",
    "status": {
      "currentSteps": [
        {
          "routine": "main",
          "step": "return_result"
        }
      ]
    },
    "workflowRevisionId": "000003-f02"
  },
  {
    "createTime": "2026-07-24T01:00:02.368902300Z",
    "duration": "291.634065317s",
    "endTime": "2026-07-24T01:04:54.002967617Z",
    "name": "projects/420804682491/locations/asia-east1/workflows/msklad-pipeline-hourly/executions/37ca7b28-d0f6-4d3d-8129-0666f8e93ab1",
    "startTime": "2026-07-24T01:00:02.368902300Z",
    "state": "SUCCEEDED",
    "status": {
      "currentSteps": [
        {
          "routine": "main",
          "step": "return_result"
        }
      ]
    },
    "workflowRevisionId": "000003-f02"
  },
  {
    "createTime": "2026-07-24T00:00:02.262361615Z",
    "duration": "330.805921445s",
    "endTime": "2026-07-24T00:05:33.068283060Z",
    "name": "projects/420804682491/locations/asia-east1/workflows/msklad-pipeline-hourly/executions/b5e32ae8-bf6e-4cde-adb0-09edea4e2809",
    "startTime": "2026-07-24T00:00:02.262361615Z",
    "state": "SUCCEEDED",
    "status": {
      "currentSteps": [
        {
          "routine": "main",
          "step": "return_result"
        }
      ]
    },
    "workflowRevisionId": "000003-f02"
  },
  {
    "createTime": "2026-07-23T23:00:02.609740912Z",
    "duration": "306.578563202s",
    "endTime": "2026-07-23T23:05:09.188304114Z",
    "name": "projects/420804682491/locations/asia-east1/workflows/msklad-pipeline-hourly/executions/b62ec593-325d-4ac9-9ba7-b9036779f4eb",
    "startTime": "2026-07-23T23:00:02.609740912Z",
    "state": "SUCCEEDED",
    "status": {
      "currentSteps": [
        {
          "routine": "main",
          "step": "return_result"
        }
      ]
    },
    "workflowRevisionId": "000003-f02"
  },
  {
    "createTime": "2026-07-23T22:00:02.260936689Z",
    "duration": "319.714275164s",
    "endTime": "2026-07-23T22:05:21.975211853Z",
    "name": "projects/420804682491/locations/asia-east1/workflows/msklad-pipeline-hourly/executions/1375aa7d-14f3-4c93-b629-94c12613424d",
    "startTime": "2026-07-23T22:00:02.260936689Z",
    "state": "SUCCEEDED",
    "status": {
      "currentSteps": [
        {
          "routine": "main",
          "step": "return_result"
        }
      ]
    },
    "workflowRevisionId": "000003-f02"
  },
  {
    "createTime": "2026-07-23T21:00:02.673272789Z",
    "duration": "326.734666570s",
    "endTime": "2026-07-23T21:05:29.407939359Z",
    "name": "projects/420804682491/locations/asia-east1/workflows/msklad-pipeline-hourly/executions/030631b2-4e87-4bae-906c-bf7f106733f5",
    "startTime": "2026-07-23T21:00:02.673272789Z",
    "state": "SUCCEEDED",
    "status": {
      "currentSteps": [
        {
          "routine": "main",
          "step": "return_result"
        }
      ]
    },
    "workflowRevisionId": "000003-f02"
  },
  {
    "createTime": "2026-07-23T20:00:02.608160705Z",
    "duration": "302.474796574s",
    "endTime": "2026-07-23T20:05:05.082957279Z",
    "name": "projects/420804682491/locations/asia-east1/workflows/msklad-pipeline-hourly/executions/d4240b36-b418-4937-bbcd-8d93690b575e",
    "startTime": "2026-07-23T20:00:02.608160705Z",
    "state": "SUCCEEDED",
    "status": {
      "currentSteps": [
        {
          "routine": "main",
          "step": "return_result"
        }
      ]
    },
    "workflowRevisionId": "000003-f02"
  },
  {
    "createTime": "2026-07-23T19:00:02.609762397Z",
    "duration": "301.950334089s",
    "endTime": "2026-07-23T19:05:04.560096486Z",
    "name": "projects/420804682491/locations/asia-east1/workflows/msklad-pipeline-hourly/executions/b8af6ad7-591e-4cc4-a1ef-f169d17eef2f",
    "startTime": "2026-07-23T19:00:02.609762397Z",
    "state": "SUCCEEDED",
    "status": {
      "currentSteps": [
        {
          "routine": "main",
          "step": "return_result"
        }
      ]
    },
    "workflowRevisionId": "000003-f02"
  },
  {
    "createTime": "2026-07-23T18:00:02.609620611Z",
    "duration": "322.741029970s",
    "endTime": "2026-07-23T18:05:25.350650581Z",
    "name": "projects/420804682491/locations/asia-east1/workflows/msklad-pipeline-hourly/executions/78c430c8-e59f-4dd8-bc71-7d59523bb519",
    "startTime": "2026-07-23T18:00:02.609620611Z",
    "state": "SUCCEEDED",
    "status": {
      "currentSteps": [
        {
          "routine": "main",
          "step": "return_result"
        }
      ]
    },
    "workflowRevisionId": "000003-f02"
  },
  {
    "createTime": "2026-07-23T17:00:02.320720159Z",
    "duration": "316.291740322s",
    "endTime": "2026-07-23T17:05:18.612460481Z",
    "name": "projects/420804682491/locations/asia-east1/workflows/msklad-pipeline-hourly/executions/ecb5a7af-c09b-4b8b-beac-6b4e7c04209a",
    "startTime": "2026-07-23T17:00:02.320720159Z",
    "state": "SUCCEEDED",
    "status": {
      "currentSteps": [
        {
          "routine": "main",
          "step": "return_result"
        }
      ]
    },
    "workflowRevisionId": "000003-f02"
  },
  {
    "createTime": "2026-07-23T16:00:02.652913759Z",
    "duration": "333.320068786s",
    "endTime": "2026-07-23T16:05:35.972982545Z",
    "name": "projects/420804682491/locations/asia-east1/workflows/msklad-pipeline-hourly/executions/17f0371c-edb7-4806-acb2-f2c7f0a3f12f",
    "startTime": "2026-07-23T16:00:02.652913759Z",
    "state": "SUCCEEDED",
    "status": {
      "currentSteps": [
        {
          "routine": "main",
          "step": "return_result"
        }
      ]
    },
    "workflowRevisionId": "000003-f02"
  },
  {
    "createTime": "2026-07-23T15:00:02.603164626Z",
    "duration": "325.617320511s",
    "endTime": "2026-07-23T15:05:28.220485137Z",
    "name": "projects/420804682491/locations/asia-east1/workflows/msklad-pipeline-hourly/executions/11c85483-cd88-4121-ab30-019e34b54c46",
    "startTime": "2026-07-23T15:00:02.603164626Z",
    "state": "SUCCEEDED",
    "status": {
      "currentSteps": [
        {
          "routine": "main",
          "step": "return_result"
        }
      ]
    },
    "workflowRevisionId": "000003-f02"
  },
  {
    "createTime": "2026-07-23T14:00:02.701476718Z",
    "duration": "323.206176509s",
    "endTime": "2026-07-23T14:05:25.907653227Z",
    "name": "projects/420804682491/locations/asia-east1/workflows/msklad-pipeline-hourly/executions/6608a888-25f5-4170-a3b0-76a9c0e5cb05",
    "startTime": "2026-07-23T14:00:02.701476718Z",
    "state": "SUCCEEDED",
    "status": {
      "currentSteps": [
        {
          "routine": "main",
          "step": "return_result"
        }
      ]
    },
    "workflowRevisionId": "000003-f02"
  },
  {
    "createTime": "2026-07-23T13:00:02.638855081Z",
    "duration": "345.058807760s",
    "endTime": "2026-07-23T13:05:47.697662841Z",
    "name": "projects/420804682491/locations/asia-east1/workflows/msklad-pipeline-hourly/executions/5a2a2a76-9bcd-4404-8871-04749287faa0",
    "startTime": "2026-07-23T13:00:02.638855081Z",
    "state": "SUCCEEDED",
    "status": {
      "currentSteps": [
        {
          "routine": "main",
          "step": "return_result"
        }
      ]
    },
    "workflowRevisionId": "000003-f02"
  },
  {
    "createTime": "2026-07-23T12:00:02.368196281Z",
    "duration": "349.501017408s",
    "endTime": "2026-07-23T12:05:51.869213689Z",
    "name": "projects/420804682491/locations/asia-east1/workflows/msklad-pipeline-hourly/executions/8a6ec387-3275-40c0-a626-4b58afbf8099",
    "startTime": "2026-07-23T12:00:02.368196281Z",
    "state": "SUCCEEDED",
    "status": {
      "currentSteps": [
        {
          "routine": "main",
          "step": "return_result"
        }
      ]
    },
    "workflowRevisionId": "000003-f02"
  },
  {
    "createTime": "2026-07-23T11:00:02.719440073Z",
    "duration": "352.120230562s",
    "endTime": "2026-07-23T11:05:54.839670635Z",
    "name": "projects/420804682491/locations/asia-east1/workflows/msklad-pipeline-hourly/executions/59e89dd9-ae66-4379-b7ef-24dfc9a934dd",
    "startTime": "2026-07-23T11:00:02.719440073Z",
    "state": "SUCCEEDED",
    "status": {
      "currentSteps": [
        {
          "routine": "main",
          "step": "return_result"
        }
      ]
    },
    "workflowRevisionId": "000003-f02"
  },
  {
    "createTime": "2026-07-23T10:00:02.365144639Z",
    "duration": "324.820161847s",
    "endTime": "2026-07-23T10:05:27.185306486Z",
    "name": "projects/420804682491/locations/asia-east1/workflows/msklad-pipeline-hourly/executions/69d5e45f-acf7-4500-beb1-5974c60514b6",
    "startTime": "2026-07-23T10:00:02.365144639Z",
    "state": "SUCCEEDED",
    "status": {
      "currentSteps": [
        {
          "routine": "main",
          "step": "return_result"
        }
      ]
    },
    "workflowRevisionId": "000003-f02"
  },
  {
    "createTime": "2026-07-23T09:00:02.696496554Z",
    "duration": "369.768019324s",
    "endTime": "2026-07-23T09:06:12.464515878Z",
    "name": "projects/420804682491/locations/asia-east1/workflows/msklad-pipeline-hourly/executions/6617da7b-c56c-474c-b619-64a23d3fd641",
    "startTime": "2026-07-23T09:00:02.696496554Z",
    "state": "SUCCEEDED",
    "status": {
      "currentSteps": [
        {
          "routine": "main",
          "step": "return_result"
        }
      ]
    },
    "workflowRevisionId": "000003-f02"
  },
  {
    "createTime": "2026-07-23T08:00:02.668573090Z",
    "duration": "326.886045318s",
    "endTime": "2026-07-23T08:05:29.554618408Z",
    "name": "projects/420804682491/locations/asia-east1/workflows/msklad-pipeline-hourly/executions/7144e5ec-0f0e-486c-b3f1-c5279f552fc7",
    "startTime": "2026-07-23T08:00:02.668573090Z",
    "state": "SUCCEEDED",
    "status": {
      "currentSteps": [
        {
          "routine": "main",
          "step": "return_result"
        }
      ]
    },
    "workflowRevisionId": "000003-f02"
  },
  {
    "createTime": "2026-07-23T07:00:02.641714897Z",
    "duration": "341.380591818s",
    "endTime": "2026-07-23T07:05:44.022306715Z",
    "name": "projects/420804682491/locations/asia-east1/workflows/msklad-pipeline-hourly/executions/796ccf04-529d-4380-a2a0-93797083dc17",
    "startTime": "2026-07-23T07:00:02.641714897Z",
    "state": "SUCCEEDED",
    "status": {
      "currentSteps": [
        {
          "routine": "main",
          "step": "return_result"
        }
      ]
    },
    "workflowRevisionId": "000003-f02"
  },
  {
    "createTime": "2026-07-23T06:00:02.569580687Z",
    "duration": "323.573191406s",
    "endTime": "2026-07-23T06:05:26.142772093Z",
    "name": "projects/420804682491/locations/asia-east1/workflows/msklad-pipeline-hourly/executions/01913ccb-7917-43eb-bef6-0470f76b1c83",
    "startTime": "2026-07-23T06:00:02.569580687Z",
    "state": "SUCCEEDED",
    "status": {
      "currentSteps": [
        {
          "routine": "main",
          "step": "return_result"
        }
      ]
    },
    "workflowRevisionId": "000003-f02"
  },
  {
    "createTime": "2026-07-23T05:00:02.971521715Z",
    "duration": "322.859602915s",
    "endTime": "2026-07-23T05:05:25.831124630Z",
    "name": "projects/420804682491/locations/asia-east1/workflows/msklad-pipeline-hourly/executions/15fa7741-5d3d-4479-aa79-ebbb097db935",
    "startTime": "2026-07-23T05:00:02.971521715Z",
    "state": "SUCCEEDED",
    "status": {
      "currentSteps": [
        {
          "routine": "main",
          "step": "return_result"
        }
      ]
    },
    "workflowRevisionId": "000003-f02"
  },
  {
    "createTime": "2026-07-23T04:00:02.589220799Z",
    "duration": "54.744452650s",
    "endTime": "2026-07-23T04:00:57.333673449Z",
    "name": "projects/420804682491/locations/asia-east1/workflows/msklad-pipeline-hourly/executions/38ebcabb-7e35-47ab-ac4d-2d05a2dc4816",
    "startTime": "2026-07-23T04:00:02.589220799Z",
    "state": "FAILED",
    "status": {
      "currentSteps": [
        {
          "routine": "main",
          "step": "raise_dim"
        }
      ]
    },
    "workflowRevisionId": "000003-f02"
  },
  {
    "createTime": "2026-07-23T03:00:02.594533043Z",
    "duration": "291.443623730s",
    "endTime": "2026-07-23T03:04:54.038156773Z",
    "name": "projects/420804682491/locations/asia-east1/workflows/msklad-pipeline-hourly/executions/4a4629b3-1672-4860-8e15-604ef8e08a60",
    "startTime": "2026-07-23T03:00:02.594533043Z",
    "state": "SUCCEEDED",
    "status": {
      "currentSteps": [
        {
          "routine": "main",
          "step": "return_result"
        }
      ]
    },
    "workflowRevisionId": "000003-f02"
  },
  {
    "createTime": "2026-07-23T02:00:02.320104498Z",
    "duration": "299.595431005s",
    "endTime": "2026-07-23T02:05:01.915535503Z",
    "name": "projects/420804682491/locations/asia-east1/workflows/msklad-pipeline-hourly/executions/edf684cf-3398-4ab6-bb38-8d292a1a38df",
    "startTime": "2026-07-23T02:00:02.320104498Z",
    "state": "SUCCEEDED",
    "status": {
      "currentSteps": [
        {
          "routine": "main",
          "step": "return_result"
        }
      ]
    },
    "workflowRevisionId": "000003-f02"
  },
  {
    "createTime": "2026-07-23T01:00:02.307127293Z",
    "duration": "297.310774958s",
    "endTime": "2026-07-23T01:04:59.617902251Z",
    "name": "projects/420804682491/locations/asia-east1/workflows/msklad-pipeline-hourly/executions/e7054527-1638-4422-a88f-71dbd3f2f4cc",
    "startTime": "2026-07-23T01:00:02.307127293Z",
    "state": "SUCCEEDED",
    "status": {
      "currentSteps": [
        {
          "routine": "main",
          "step": "return_result"
        }
      ]
    },
    "workflowRevisionId": "000003-f02"
  },
  {
    "createTime": "2026-07-23T00:00:02.377857551Z",
    "duration": "326.687717376s",
    "endTime": "2026-07-23T00:05:29.065574927Z",
    "name": "projects/420804682491/locations/asia-east1/workflows/msklad-pipeline-hourly/executions/06c05e05-c9da-4b15-a602-c5037da9083e",
    "startTime": "2026-07-23T00:00:02.377857551Z",
    "state": "SUCCEEDED",
    "status": {
      "currentSteps": [
        {
          "routine": "main",
          "step": "return_result"
        }
      ]
    },
    "workflowRevisionId": "000003-f02"
  },
  {
    "createTime": "2026-07-22T23:00:02.384535109Z",
    "duration": "319.094118916s",
    "endTime": "2026-07-22T23:05:21.478654025Z",
    "name": "projects/420804682491/locations/asia-east1/workflows/msklad-pipeline-hourly/executions/d10d584d-149e-4b2c-b690-6463c1173860",
    "startTime": "2026-07-22T23:00:02.384535109Z",
    "state": "SUCCEEDED",
    "status": {
      "currentSteps": [
        {
          "routine": "main",
          "step": "return_result"
        }
      ]
    },
    "workflowRevisionId": "000003-f02"
  },
  {
    "createTime": "2026-07-22T22:00:02.571185698Z",
    "duration": "312.019210561s",
    "endTime": "2026-07-22T22:05:14.590396259Z",
    "name": "projects/420804682491/locations/asia-east1/workflows/msklad-pipeline-hourly/executions/0e0c445c-8b80-4799-90d1-60c3fa49ad82",
    "startTime": "2026-07-22T22:00:02.571185698Z",
    "state": "SUCCEEDED",
    "status": {
      "currentSteps": [
        {
          "routine": "main",
          "step": "return_result"
        }
      ]
    },
    "workflowRevisionId": "000003-f02"
  },
  {
    "createTime": "2026-07-22T21:00:02.103236583Z",
    "duration": "335.870043927s",
    "endTime": "2026-07-22T21:05:37.973280510Z",
    "name": "projects/420804682491/locations/asia-east1/workflows/msklad-pipeline-hourly/executions/c8f31e96-ea25-48af-a214-00c8a37d95a6",
    "startTime": "2026-07-22T21:00:02.103236583Z",
    "state": "SUCCEEDED",
    "status": {
      "currentSteps": [
        {
          "routine": "main",
          "step": "return_result"
        }
      ]
    },
    "workflowRevisionId": "000003-f02"
  },
  {
    "createTime": "2026-07-22T20:00:02.709467314Z",
    "duration": "297.906337681s",
    "endTime": "2026-07-22T20:05:00.615804995Z",
    "name": "projects/420804682491/locations/asia-east1/workflows/msklad-pipeline-hourly/executions/de1bb4ad-9a3d-4116-9f00-fa598a6a1df5",
    "startTime": "2026-07-22T20:00:02.709467314Z",
    "state": "SUCCEEDED",
    "status": {
      "currentSteps": [
        {
          "routine": "main",
          "step": "return_result"
        }
      ]
    },
    "workflowRevisionId": "000003-f02"
  },
  {
    "createTime": "2026-07-22T19:00:02.508859161Z",
    "duration": "313.500148872s",
    "endTime": "2026-07-22T19:05:16.009008033Z",
    "name": "projects/420804682491/locations/asia-east1/workflows/msklad-pipeline-hourly/executions/68ab9dac-5c99-416b-b9f1-31c4695fe4f5",
    "startTime": "2026-07-22T19:00:02.508859161Z",
    "state": "SUCCEEDED",
    "status": {
      "currentSteps": [
        {
          "routine": "main",
          "step": "return_result"
        }
      ]
    },
    "workflowRevisionId": "000003-f02"
  },
  {
    "createTime": "2026-07-22T18:00:02.639333587Z",
    "duration": "310.980142065s",
    "endTime": "2026-07-22T18:05:13.619475652Z",
    "name": "projects/420804682491/locations/asia-east1/workflows/msklad-pipeline-hourly/executions/cff577b0-114c-42e4-acb4-1c4b94f9139d",
    "startTime": "2026-07-22T18:00:02.639333587Z",
    "state": "SUCCEEDED",
    "status": {
      "currentSteps": [
        {
          "routine": "main",
          "step": "return_result"
        }
      ]
    },
    "workflowRevisionId": "000003-f02"
  },
  {
    "createTime": "2026-07-22T17:00:02.363871924Z",
    "duration": "329.979743978s",
    "endTime": "2026-07-22T17:05:32.343615902Z",
    "name": "projects/420804682491/locations/asia-east1/workflows/msklad-pipeline-hourly/executions/a769adcf-ed8f-449e-ba01-e5387b362980",
    "startTime": "2026-07-22T17:00:02.363871924Z",
    "state": "SUCCEEDED",
    "status": {
      "currentSteps": [
        {
          "routine": "main",
          "step": "return_result"
        }
      ]
    },
    "workflowRevisionId": "000003-f02"
  },
  {
    "createTime": "2026-07-22T16:00:02.671697041Z",
    "duration": "315.856237335s",
    "endTime": "2026-07-22T16:05:18.527934376Z",
    "name": "projects/420804682491/locations/asia-east1/workflows/msklad-pipeline-hourly/executions/3f689ced-c2ef-44a7-90df-4d7f3aa7670f",
    "startTime": "2026-07-22T16:00:02.671697041Z",
    "state": "SUCCEEDED",
    "status": {
      "currentSteps": [
        {
          "routine": "main",
          "step": "return_result"
        }
      ]
    },
    "workflowRevisionId": "000003-f02"
  },
  {
    "createTime": "2026-07-22T15:00:03.130732254Z",
    "duration": "321.317808383s",
    "endTime": "2026-07-22T15:05:24.448540637Z",
    "name": "projects/420804682491/locations/asia-east1/workflows/msklad-pipeline-hourly/executions/787a4e07-5f2d-4cc6-a318-5586efb6baa1",
    "startTime": "2026-07-22T15:00:03.130732254Z",
    "state": "SUCCEEDED",
    "status": {
      "currentSteps": [
        {
          "routine": "main",
          "step": "return_result"
        }
      ]
    },
    "workflowRevisionId": "000003-f02"
  },
  {
    "createTime": "2026-07-22T14:00:02.396600250Z",
    "duration": "328.025533584s",
    "endTime": "2026-07-22T14:05:30.422133834Z",
    "name": "projects/420804682491/locations/asia-east1/workflows/msklad-pipeline-hourly/executions/1765f787-d757-4235-9871-a5a7b2644bbf",
    "startTime": "2026-07-22T14:00:02.396600250Z",
    "state": "SUCCEEDED",
    "status": {
      "currentSteps": [
        {
          "routine": "main",
          "step": "return_result"
        }
      ]
    },
    "workflowRevisionId": "000003-f02"
  },
  {
    "createTime": "2026-07-22T13:00:02.638000474Z",
    "duration": "348.296193371s",
    "endTime": "2026-07-22T13:05:50.934193845Z",
    "name": "projects/420804682491/locations/asia-east1/workflows/msklad-pipeline-hourly/executions/f6c0c365-99ae-46ad-8b8d-e2c6d9aa122d",
    "startTime": "2026-07-22T13:00:02.638000474Z",
    "state": "SUCCEEDED",
    "status": {
      "currentSteps": [
        {
          "routine": "main",
          "step": "return_result"
        }
      ]
    },
    "workflowRevisionId": "000003-f02"
  },
  {
    "createTime": "2026-07-22T12:00:02.305515235Z",
    "duration": "344.498635811s",
    "endTime": "2026-07-22T12:05:46.804151046Z",
    "name": "projects/420804682491/locations/asia-east1/workflows/msklad-pipeline-hourly/executions/87da53c6-2116-4fca-86c2-7ba9ebcb901a",
    "startTime": "2026-07-22T12:00:02.305515235Z",
    "state": "SUCCEEDED",
    "status": {
      "currentSteps": [
        {
          "routine": "main",
          "step": "return_result"
        }
      ]
    },
    "workflowRevisionId": "000003-f02"
  },
  {
    "createTime": "2026-07-22T11:00:02.440940772Z",
    "duration": "334.076241079s",
    "endTime": "2026-07-22T11:05:36.517181851Z",
    "name": "projects/420804682491/locations/asia-east1/workflows/msklad-pipeline-hourly/executions/031093d0-7b0e-4356-8db9-89750b44f47e",
    "startTime": "2026-07-22T11:00:02.440940772Z",
    "state": "SUCCEEDED",
    "status": {
      "currentSteps": [
        {
          "routine": "main",
          "step": "return_result"
        }
      ]
    },
    "workflowRevisionId": "000003-f02"
  },
  {
    "createTime": "2026-07-22T10:00:02.586947878Z",
    "duration": "343.273368796s",
    "endTime": "2026-07-22T10:05:45.860316674Z",
    "name": "projects/420804682491/locations/asia-east1/workflows/msklad-pipeline-hourly/executions/69e3398d-f9ca-4be7-9852-b6495dc866c7",
    "startTime": "2026-07-22T10:00:02.586947878Z",
    "state": "SUCCEEDED",
    "status": {
      "currentSteps": [
        {
          "routine": "main",
          "step": "return_result"
        }
      ]
    },
    "workflowRevisionId": "000003-f02"
  },
  {
    "createTime": "2026-07-22T09:00:02.749991668Z",
    "duration": "331.398088935s",
    "endTime": "2026-07-22T09:05:34.148080603Z",
    "name": "projects/420804682491/locations/asia-east1/workflows/msklad-pipeline-hourly/executions/3a8e8865-a68d-4493-afae-3d10ddf90957",
    "startTime": "2026-07-22T09:00:02.749991668Z",
    "state": "SUCCEEDED",
    "status": {
      "currentSteps": [
        {
          "routine": "main",
          "step": "return_result"
        }
      ]
    },
    "workflowRevisionId": "000003-f02"
  },
  {
    "createTime": "2026-07-22T08:00:02.352291504Z",
    "duration": "326.394916722s",
    "endTime": "2026-07-22T08:05:28.747208226Z",
    "name": "projects/420804682491/locations/asia-east1/workflows/msklad-pipeline-hourly/executions/a7b34839-88a8-44bb-b386-daf2d82b0698",
    "startTime": "2026-07-22T08:00:02.352291504Z",
    "state": "SUCCEEDED",
    "status": {
      "currentSteps": [
        {
          "routine": "main",
          "step": "return_result"
        }
      ]
    },
    "workflowRevisionId": "000003-f02"
  },
  {
    "createTime": "2026-07-22T07:00:02.746175492Z",
    "duration": "304.780956476s",
    "endTime": "2026-07-22T07:05:07.527131968Z",
    "name": "projects/420804682491/locations/asia-east1/workflows/msklad-pipeline-hourly/executions/24f5968a-f369-40f3-b6e9-d44f8bb067d5",
    "startTime": "2026-07-22T07:00:02.746175492Z",
    "state": "SUCCEEDED",
    "status": {
      "currentSteps": [
        {
          "routine": "main",
          "step": "return_result"
        }
      ]
    },
    "workflowRevisionId": "000003-f02"
  },
  {
    "createTime": "2026-07-22T06:00:02.654303969Z",
    "duration": "309.366941646s",
    "endTime": "2026-07-22T06:05:12.021245615Z",
    "name": "projects/420804682491/locations/asia-east1/workflows/msklad-pipeline-hourly/executions/378bf4ba-2585-46b2-ab81-f79aa5b35b03",
    "startTime": "2026-07-22T06:00:02.654303969Z",
    "state": "SUCCEEDED",
    "status": {
      "currentSteps": [
        {
          "routine": "main",
          "step": "return_result"
        }
      ]
    },
    "workflowRevisionId": "000003-f02"
  },
  {
    "createTime": "2026-07-22T05:00:02.752577864Z",
    "duration": "298.980631973s",
    "endTime": "2026-07-22T05:05:01.733209837Z",
    "name": "projects/420804682491/locations/asia-east1/workflows/msklad-pipeline-hourly/executions/c8d27994-ccc3-4093-9dd1-45ecdd04a976",
    "startTime": "2026-07-22T05:00:02.752577864Z",
    "state": "SUCCEEDED",
    "status": {
      "currentSteps": [
        {
          "routine": "main",
          "step": "return_result"
        }
      ]
    },
    "workflowRevisionId": "000003-f02"
  },
  {
    "createTime": "2026-07-22T04:00:02.655422566Z",
    "duration": "289.451705820s",
    "endTime": "2026-07-22T04:04:52.107128386Z",
    "name": "projects/420804682491/locations/asia-east1/workflows/msklad-pipeline-hourly/executions/339f2c03-6f25-48b9-9d20-7f1582f2c0f2",
    "startTime": "2026-07-22T04:00:02.655422566Z",
    "state": "SUCCEEDED",
    "status": {
      "currentSteps": [
        {
          "routine": "main",
          "step": "return_result"
        }
      ]
    },
    "workflowRevisionId": "000003-f02"
  },
  {
    "createTime": "2026-07-22T03:00:02.352948068Z",
    "duration": "306.843122229s",
    "endTime": "2026-07-22T03:05:09.196070297Z",
    "name": "projects/420804682491/locations/asia-east1/workflows/msklad-pipeline-hourly/executions/4a3f20b5-7714-49a0-9c25-7abafd4893b5",
    "startTime": "2026-07-22T03:00:02.352948068Z",
    "state": "SUCCEEDED",
    "status": {
      "currentSteps": [
        {
          "routine": "main",
          "step": "return_result"
        }
      ]
    },
    "workflowRevisionId": "000003-f02"
  },
  {
    "createTime": "2026-07-22T02:00:02.579338689Z",
    "duration": "297.996524943s",
    "endTime": "2026-07-22T02:05:00.575863632Z",
    "name": "projects/420804682491/locations/asia-east1/workflows/msklad-pipeline-hourly/executions/9887f63d-0213-45e6-a93b-15f76037ca51",
    "startTime": "2026-07-22T02:00:02.579338689Z",
    "state": "SUCCEEDED",
    "status": {
      "currentSteps": [
        {
          "routine": "main",
          "step": "return_result"
        }
      ]
    },
    "workflowRevisionId": "000003-f02"
  },
  {
    "createTime": "2026-07-22T01:00:02.589411509Z",
    "duration": "296.730046983s",
    "endTime": "2026-07-22T01:04:59.319458492Z",
    "name": "projects/420804682491/locations/asia-east1/workflows/msklad-pipeline-hourly/executions/69484b6f-9cf6-4ec7-9962-a1165ec4c4f1",
    "startTime": "2026-07-22T01:00:02.589411509Z",
    "state": "SUCCEEDED",
    "status": {
      "currentSteps": [
        {
          "routine": "main",
          "step": "return_result"
        }
      ]
    },
    "workflowRevisionId": "000003-f02"
  },
  {
    "createTime": "2026-07-22T00:00:02.333459153Z",
    "duration": "341.139635689s",
    "endTime": "2026-07-22T00:05:43.473094842Z",
    "name": "projects/420804682491/locations/asia-east1/workflows/msklad-pipeline-hourly/executions/24c71adc-3336-4ed8-8253-815484b6db34",
    "startTime": "2026-07-22T00:00:02.333459153Z",
    "state": "SUCCEEDED",
    "status": {
      "currentSteps": [
        {
          "routine": "main",
          "step": "return_result"
        }
      ]
    },
    "workflowRevisionId": "000003-f02"
  },
  {
    "createTime": "2026-07-21T23:00:02.690134650Z",
    "duration": "333.004662959s",
    "endTime": "2026-07-21T23:05:35.694797609Z",
    "name": "projects/420804682491/locations/asia-east1/workflows/msklad-pipeline-hourly/executions/d2dd27f6-7b04-4f06-b796-0b7da297c673",
    "startTime": "2026-07-21T23:00:02.690134650Z",
    "state": "SUCCEEDED",
    "status": {
      "currentSteps": [
        {
          "routine": "main",
          "step": "return_result"
        }
      ]
    },
    "workflowRevisionId": "000003-f02"
  },
  {
    "createTime": "2026-07-21T22:00:02.357886485Z",
    "duration": "333.756440670s",
    "endTime": "2026-07-21T22:05:36.114327155Z",
    "name": "projects/420804682491/locations/asia-east1/workflows/msklad-pipeline-hourly/executions/d25f43e2-d569-4383-b6cc-406d3583cf37",
    "startTime": "2026-07-21T22:00:02.357886485Z",
    "state": "SUCCEEDED",
    "status": {
      "currentSteps": [
        {
          "routine": "main",
          "step": "return_result"
        }
      ]
    },
    "workflowRevisionId": "000003-f02"
  },
  {
    "createTime": "2026-07-21T21:00:02.622353382Z",
    "duration": "315.002203066s",
    "endTime": "2026-07-21T21:05:17.624556448Z",
    "name": "projects/420804682491/locations/asia-east1/workflows/msklad-pipeline-hourly/executions/8612bf65-62b5-4a1e-9158-bf6ef1247025",
    "startTime": "2026-07-21T21:00:02.622353382Z",
    "state": "SUCCEEDED",
    "status": {
      "currentSteps": [
        {
          "routine": "main",
          "step": "return_result"
        }
      ]
    },
    "workflowRevisionId": "000003-f02"
  },
  {
    "createTime": "2026-07-21T20:00:04.144476795Z",
    "duration": "329.733623833s",
    "endTime": "2026-07-21T20:05:33.878100628Z",
    "name": "projects/420804682491/locations/asia-east1/workflows/msklad-pipeline-hourly/executions/8461871c-781e-476d-879c-17c7d5a7cfc9",
    "startTime": "2026-07-21T20:00:04.144476795Z",
    "state": "SUCCEEDED",
    "status": {
      "currentSteps": [
        {
          "routine": "main",
          "step": "return_result"
        }
      ]
    },
    "workflowRevisionId": "000003-f02"
  },
  {
    "createTime": "2026-07-21T19:00:02.329422713Z",
    "duration": "180.517390203s",
    "endTime": "2026-07-21T19:03:02.846812916Z",
    "name": "projects/420804682491/locations/asia-east1/workflows/msklad-pipeline-hourly/executions/259b1211-d8ba-4ee6-a488-ade1695b53df",
    "startTime": "2026-07-21T19:00:02.329422713Z",
    "state": "SUCCEEDED",
    "status": {
      "currentSteps": [
        {
          "routine": "main",
          "step": "return_result"
        }
      ]
    },
    "workflowRevisionId": "000003-f02"
  },
  {
    "createTime": "2026-07-21T18:00:02.272633988Z",
    "duration": "304.258496949s",
    "endTime": "2026-07-21T18:05:06.531130937Z",
    "name": "projects/420804682491/locations/asia-east1/workflows/msklad-pipeline-hourly/executions/7340ee75-b7ad-4828-88ec-8db8640663e6",
    "startTime": "2026-07-21T18:00:02.272633988Z",
    "state": "SUCCEEDED",
    "status": {
      "currentSteps": [
        {
          "routine": "main",
          "step": "return_result"
        }
      ]
    },
    "workflowRevisionId": "000003-f02"
  },
  {
    "createTime": "2026-07-21T17:00:02.364246864Z",
    "duration": "263.796291084s",
    "endTime": "2026-07-21T17:04:26.160537948Z",
    "name": "projects/420804682491/locations/asia-east1/workflows/msklad-pipeline-hourly/executions/8be4d433-c506-4af9-82cb-f48760b6bc2f",
    "startTime": "2026-07-21T17:00:02.364246864Z",
    "state": "FAILED",
    "status": {
      "currentSteps": [
        {
          "routine": "main",
          "step": "raise_facts"
        }
      ]
    },
    "workflowRevisionId": "000003-f02"
  },
  {
    "createTime": "2026-07-21T16:00:02.673871565Z",
    "duration": "322.410453748s",
    "endTime": "2026-07-21T16:05:25.084325313Z",
    "name": "projects/420804682491/locations/asia-east1/workflows/msklad-pipeline-hourly/executions/9ee7e578-c337-4e00-9b9f-33e50fd88db2",
    "startTime": "2026-07-21T16:00:02.673871565Z",
    "state": "SUCCEEDED",
    "status": {
      "currentSteps": [
        {
          "routine": "main",
          "step": "return_result"
        }
      ]
    },
    "workflowRevisionId": "000003-f02"
  },
  {
    "createTime": "2026-07-21T15:00:02.587582365Z",
    "duration": "321.581343331s",
    "endTime": "2026-07-21T15:05:24.168925696Z",
    "name": "projects/420804682491/locations/asia-east1/workflows/msklad-pipeline-hourly/executions/52e795c5-317a-4688-adcd-8e252cc7510b",
    "startTime": "2026-07-21T15:00:02.587582365Z",
    "state": "SUCCEEDED",
    "status": {
      "currentSteps": [
        {
          "routine": "main",
          "step": "return_result"
        }
      ]
    },
    "workflowRevisionId": "000003-f02"
  },
  {
    "createTime": "2026-07-21T14:00:02.724633262Z",
    "duration": "325.609896177s",
    "endTime": "2026-07-21T14:05:28.334529439Z",
    "name": "projects/420804682491/locations/asia-east1/workflows/msklad-pipeline-hourly/executions/7f6589f3-b774-4c51-a216-41042ccc1f9d",
    "startTime": "2026-07-21T14:00:02.724633262Z",
    "state": "SUCCEEDED",
    "status": {
      "currentSteps": [
        {
          "routine": "main",
          "step": "return_result"
        }
      ]
    },
    "workflowRevisionId": "000003-f02"
  },
  {
    "createTime": "2026-07-21T13:00:02.630605270Z",
    "duration": "353.296535260s",
    "endTime": "2026-07-21T13:05:55.927140530Z",
    "name": "projects/420804682491/locations/asia-east1/workflows/msklad-pipeline-hourly/executions/6886666b-b56f-405f-add6-83a4769d356b",
    "startTime": "2026-07-21T13:00:02.630605270Z",
    "state": "SUCCEEDED",
    "status": {
      "currentSteps": [
        {
          "routine": "main",
          "step": "return_result"
        }
      ]
    },
    "workflowRevisionId": "000003-f02"
  },
  {
    "createTime": "2026-07-21T12:00:02.674497868Z",
    "duration": "360.370562721s",
    "endTime": "2026-07-21T12:06:03.045060589Z",
    "name": "projects/420804682491/locations/asia-east1/workflows/msklad-pipeline-hourly/executions/e4ab00da-b393-4f49-ad85-8871403e2984",
    "startTime": "2026-07-21T12:00:02.674497868Z",
    "state": "SUCCEEDED",
    "status": {
      "currentSteps": [
        {
          "routine": "main",
          "step": "return_result"
        }
      ]
    },
    "workflowRevisionId": "000003-f02"
  },
  {
    "createTime": "2026-07-21T11:00:02.591897272Z",
    "duration": "333.301468219s",
    "endTime": "2026-07-21T11:05:35.893365491Z",
    "name": "projects/420804682491/locations/asia-east1/workflows/msklad-pipeline-hourly/executions/e81da305-dd07-40fa-89b4-1223df89715a",
    "startTime": "2026-07-21T11:00:02.591897272Z",
    "state": "SUCCEEDED",
    "status": {
      "currentSteps": [
        {
          "routine": "main",
          "step": "return_result"
        }
      ]
    },
    "workflowRevisionId": "000003-f02"
  },
  {
    "createTime": "2026-07-21T10:00:02.396940316Z",
    "duration": "365.945066571s",
    "endTime": "2026-07-21T10:06:08.342006887Z",
    "name": "projects/420804682491/locations/asia-east1/workflows/msklad-pipeline-hourly/executions/970b51d3-3db8-42ef-9288-ea92071c5470",
    "startTime": "2026-07-21T10:00:02.396940316Z",
    "state": "SUCCEEDED",
    "status": {
      "currentSteps": [
        {
          "routine": "main",
          "step": "return_result"
        }
      ]
    },
    "workflowRevisionId": "000003-f02"
  },
  {
    "createTime": "2026-07-21T09:00:02.399678647Z",
    "duration": "348.734061069s",
    "endTime": "2026-07-21T09:05:51.133739716Z",
    "name": "projects/420804682491/locations/asia-east1/workflows/msklad-pipeline-hourly/executions/4402a7a8-baa4-4c80-b94d-ac8288e803cd",
    "startTime": "2026-07-21T09:00:02.399678647Z",
    "state": "SUCCEEDED",
    "status": {
      "currentSteps": [
        {
          "routine": "main",
          "step": "return_result"
        }
      ]
    },
    "workflowRevisionId": "000003-f02"
  },
  {
    "createTime": "2026-07-21T08:00:02.632568050Z",
    "duration": "344.057860162s",
    "endTime": "2026-07-21T08:05:46.690428212Z",
    "name": "projects/420804682491/locations/asia-east1/workflows/msklad-pipeline-hourly/executions/79fa2bd9-dfdf-4a49-8ca3-93f84033a806",
    "startTime": "2026-07-21T08:00:02.632568050Z",
    "state": "SUCCEEDED",
    "status": {
      "currentSteps": [
        {
          "routine": "main",
          "step": "return_result"
        }
      ]
    },
    "workflowRevisionId": "000003-f02"
  },
  {
    "createTime": "2026-07-21T07:00:02.687791752Z",
    "duration": "331.624798770s",
    "endTime": "2026-07-21T07:05:34.312590522Z",
    "name": "projects/420804682491/locations/asia-east1/workflows/msklad-pipeline-hourly/executions/17873012-c0ee-4402-b50c-60e38fa75e06",
    "startTime": "2026-07-21T07:00:02.687791752Z",
    "state": "SUCCEEDED",
    "status": {
      "currentSteps": [
        {
          "routine": "main",
          "step": "return_result"
        }
      ]
    },
    "workflowRevisionId": "000003-f02"
  },
  {
    "createTime": "2026-07-21T06:00:02.382462649Z",
    "duration": "306.664219173s",
    "endTime": "2026-07-21T06:05:09.046681822Z",
    "name": "projects/420804682491/locations/asia-east1/workflows/msklad-pipeline-hourly/executions/e796b8a6-f26e-44a1-89c2-93b3bfd2cfaa",
    "startTime": "2026-07-21T06:00:02.382462649Z",
    "state": "SUCCEEDED",
    "status": {
      "currentSteps": [
        {
          "routine": "main",
          "step": "return_result"
        }
      ]
    },
    "workflowRevisionId": "000003-f02"
  },
  {
    "createTime": "2026-07-21T05:00:02.578560604Z",
    "duration": "308.085815106s",
    "endTime": "2026-07-21T05:05:10.664375710Z",
    "name": "projects/420804682491/locations/asia-east1/workflows/msklad-pipeline-hourly/executions/086a3106-60bc-4e1e-9810-06575a2cbe6a",
    "startTime": "2026-07-21T05:00:02.578560604Z",
    "state": "SUCCEEDED",
    "status": {
      "currentSteps": [
        {
          "routine": "main",
          "step": "return_result"
        }
      ]
    },
    "workflowRevisionId": "000003-f02"
  },
  {
    "createTime": "2026-07-21T04:00:03.188205885Z",
    "duration": "296.556590939s",
    "endTime": "2026-07-21T04:04:59.744796824Z",
    "name": "projects/420804682491/locations/asia-east1/workflows/msklad-pipeline-hourly/executions/d629c65c-ab47-494f-91b2-33e840bae847",
    "startTime": "2026-07-21T04:00:03.188205885Z",
    "state": "SUCCEEDED",
    "status": {
      "currentSteps": [
        {
          "routine": "main",
          "step": "return_result"
        }
      ]
    },
    "workflowRevisionId": "000003-f02"
  },
  {
    "createTime": "2026-07-21T03:00:02.665875776Z",
    "duration": "306.772981788s",
    "endTime": "2026-07-21T03:05:09.438857564Z",
    "name": "projects/420804682491/locations/asia-east1/workflows/msklad-pipeline-hourly/executions/34adffc8-39d6-4733-8b48-4ab904075025",
    "startTime": "2026-07-21T03:00:02.665875776Z",
    "state": "SUCCEEDED",
    "status": {
      "currentSteps": [
        {
          "routine": "main",
          "step": "return_result"
        }
      ]
    },
    "workflowRevisionId": "000003-f02"
  },
  {
    "createTime": "2026-07-21T02:00:02.377991286Z",
    "duration": "304.622159812s",
    "endTime": "2026-07-21T02:05:07.000151098Z",
    "name": "projects/420804682491/locations/asia-east1/workflows/msklad-pipeline-hourly/executions/a5b141e5-a23b-4d14-96b9-50556a7cf83a",
    "startTime": "2026-07-21T02:00:02.377991286Z",
    "state": "SUCCEEDED",
    "status": {
      "currentSteps": [
        {
          "routine": "main",
          "step": "return_result"
        }
      ]
    },
    "workflowRevisionId": "000003-f02"
  },
  {
    "createTime": "2026-07-21T01:00:02.529637992Z",
    "duration": "301.995032531s",
    "endTime": "2026-07-21T01:05:04.524670523Z",
    "name": "projects/420804682491/locations/asia-east1/workflows/msklad-pipeline-hourly/executions/219f68de-9c63-48c4-926b-af17b47ffafd",
    "startTime": "2026-07-21T01:00:02.529637992Z",
    "state": "SUCCEEDED",
    "status": {
      "currentSteps": [
        {
          "routine": "main",
          "step": "return_result"
        }
      ]
    },
    "workflowRevisionId": "000003-f02"
  },
  {
    "createTime": "2026-07-21T00:00:02.607276679Z",
    "duration": "402.856195402s",
    "endTime": "2026-07-21T00:06:45.463472081Z",
    "name": "projects/420804682491/locations/asia-east1/workflows/msklad-pipeline-hourly/executions/c800cb44-4f4f-4656-9803-6c4236aa3d23",
    "startTime": "2026-07-21T00:00:02.607276679Z",
    "state": "SUCCEEDED",
    "status": {
      "currentSteps": [
        {
          "routine": "main",
          "step": "return_result"
        }
      ]
    },
    "workflowRevisionId": "000003-f02"
  },
  {
    "createTime": "2026-07-20T23:00:02.381111871Z",
    "duration": "301.686946418s",
    "endTime": "2026-07-20T23:05:04.068058289Z",
    "name": "projects/420804682491/locations/asia-east1/workflows/msklad-pipeline-hourly/executions/89c315d4-a0c4-4c16-a136-531a93862415",
    "startTime": "2026-07-20T23:00:02.381111871Z",
    "state": "SUCCEEDED",
    "status": {
      "currentSteps": [
        {
          "routine": "main",
          "step": "return_result"
        }
      ]
    },
    "workflowRevisionId": "000003-f02"
  },
  {
    "createTime": "2026-07-20T22:00:02.656565056Z",
    "duration": "300.312368809s",
    "endTime": "2026-07-20T22:05:02.968933865Z",
    "name": "projects/420804682491/locations/asia-east1/workflows/msklad-pipeline-hourly/executions/89495d32-6fb9-40bf-a35d-6b73f6a78d56",
    "startTime": "2026-07-20T22:00:02.656565056Z",
    "state": "SUCCEEDED",
    "status": {
      "currentSteps": [
        {
          "routine": "main",
          "step": "return_result"
        }
      ]
    },
    "workflowRevisionId": "000003-f02"
  },
  {
    "createTime": "2026-07-20T21:00:02.021658755Z",
    "duration": "328.459238378s",
    "endTime": "2026-07-20T21:05:30.480897133Z",
    "name": "projects/420804682491/locations/asia-east1/workflows/msklad-pipeline-hourly/executions/ee424968-9e9f-4bba-9882-904ee68fe7ac",
    "startTime": "2026-07-20T21:00:02.021658755Z",
    "state": "SUCCEEDED",
    "status": {
      "currentSteps": [
        {
          "routine": "main",
          "step": "return_result"
        }
      ]
    },
    "workflowRevisionId": "000003-f02"
  },
  {
    "createTime": "2026-07-20T20:00:02.546276111Z",
    "duration": "284.516108333s",
    "endTime": "2026-07-20T20:04:47.062384444Z",
    "name": "projects/420804682491/locations/asia-east1/workflows/msklad-pipeline-hourly/executions/02085d7e-bd52-404a-a653-3441d9ea158f",
    "startTime": "2026-07-20T20:00:02.546276111Z",
    "state": "SUCCEEDED",
    "status": {
      "currentSteps": [
        {
          "routine": "main",
          "step": "return_result"
        }
      ]
    },
    "workflowRevisionId": "000003-f02"
  },
  {
    "createTime": "2026-07-20T19:00:02.607123480Z",
    "duration": "307.461476330s",
    "endTime": "2026-07-20T19:05:10.068599810Z",
    "name": "projects/420804682491/locations/asia-east1/workflows/msklad-pipeline-hourly/executions/b4fdaf1a-497d-417f-9883-3473acdc7dba",
    "startTime": "2026-07-20T19:00:02.607123480Z",
    "state": "SUCCEEDED",
    "status": {
      "currentSteps": [
        {
          "routine": "main",
          "step": "return_result"
        }
      ]
    },
    "workflowRevisionId": "000003-f02"
  },
  {
    "createTime": "2026-07-20T18:00:02.380364843Z",
    "duration": "293.640872550s",
    "endTime": "2026-07-20T18:04:56.021237393Z",
    "name": "projects/420804682491/locations/asia-east1/workflows/msklad-pipeline-hourly/executions/c8386cd4-b93d-4c7d-8b93-a147083363ae",
    "startTime": "2026-07-20T18:00:02.380364843Z",
    "state": "SUCCEEDED",
    "status": {
      "currentSteps": [
        {
          "routine": "main",
          "step": "return_result"
        }
      ]
    },
    "workflowRevisionId": "000003-f02"
  },
  {
    "createTime": "2026-07-20T17:00:02.393523787Z",
    "duration": "309.560820617s",
    "endTime": "2026-07-20T17:05:11.954344404Z",
    "name": "projects/420804682491/locations/asia-east1/workflows/msklad-pipeline-hourly/executions/64b113fb-30a1-4e2e-87d7-484fe86882e1",
    "startTime": "2026-07-20T17:00:02.393523787Z",
    "state": "SUCCEEDED",
    "status": {
      "currentSteps": [
        {
          "routine": "main",
          "step": "return_result"
        }
      ]
    },
    "workflowRevisionId": "000003-f02"
  },
  {
    "createTime": "2026-07-20T16:00:02.296540414Z",
    "duration": "395.392003014s",
    "endTime": "2026-07-20T16:06:37.688543428Z",
    "name": "projects/420804682491/locations/asia-east1/workflows/msklad-pipeline-hourly/executions/68ac4df5-d6b1-4063-b774-544ccf6c78c0",
    "startTime": "2026-07-20T16:00:02.296540414Z",
    "state": "SUCCEEDED",
    "status": {
      "currentSteps": [
        {
          "routine": "main",
          "step": "return_result"
        }
      ]
    },
    "workflowRevisionId": "000003-f02"
  },
  {
    "createTime": "2026-07-20T15:00:02.615876671Z",
    "duration": "326.222834424s",
    "endTime": "2026-07-20T15:05:28.838711095Z",
    "name": "projects/420804682491/locations/asia-east1/workflows/msklad-pipeline-hourly/executions/a64eb786-169c-4d25-bc84-b668ae39299e",
    "startTime": "2026-07-20T15:00:02.615876671Z",
    "state": "SUCCEEDED",
    "status": {
      "currentSteps": [
        {
          "routine": "main",
          "step": "return_result"
        }
      ]
    },
    "workflowRevisionId": "000003-f02"
  },
  {
    "createTime": "2026-07-20T14:00:02.354684144Z",
    "duration": "341.214575344s",
    "endTime": "2026-07-20T14:05:43.569259488Z",
    "name": "projects/420804682491/locations/asia-east1/workflows/msklad-pipeline-hourly/executions/bcfbcf51-3281-4abb-9ed4-72ffa5eb5206",
    "startTime": "2026-07-20T14:00:02.354684144Z",
    "state": "SUCCEEDED",
    "status": {
      "currentSteps": [
        {
          "routine": "main",
          "step": "return_result"
        }
      ]
    },
    "workflowRevisionId": "000003-f02"
  },
  {
    "createTime": "2026-07-20T13:00:02.442544142Z",
    "duration": "343.943763828s",
    "endTime": "2026-07-20T13:05:46.386307970Z",
    "name": "projects/420804682491/locations/asia-east1/workflows/msklad-pipeline-hourly/executions/91e18c5a-b586-4b86-8468-3d86c043f187",
    "startTime": "2026-07-20T13:00:02.442544142Z",
    "state": "SUCCEEDED",
    "status": {
      "currentSteps": [
        {
          "routine": "main",
          "step": "return_result"
        }
      ]
    },
    "workflowRevisionId": "000003-f02"
  },
  {
    "createTime": "2026-07-20T12:00:02.594320944Z",
    "duration": "381.290163604s",
    "endTime": "2026-07-20T12:06:23.884484548Z",
    "name": "projects/420804682491/locations/asia-east1/workflows/msklad-pipeline-hourly/executions/12217a36-32e3-46e5-b8aa-0fecd3d691dc",
    "startTime": "2026-07-20T12:00:02.594320944Z",
    "state": "SUCCEEDED",
    "status": {
      "currentSteps": [
        {
          "routine": "main",
          "step": "return_result"
        }
      ]
    },
    "workflowRevisionId": "000003-f02"
  },
  {
    "createTime": "2026-07-20T11:00:02.522475513Z",
    "duration": "327.216852357s",
    "endTime": "2026-07-20T11:05:29.739327870Z",
    "name": "projects/420804682491/locations/asia-east1/workflows/msklad-pipeline-hourly/executions/d50d94ed-d27f-4027-83db-cd65301332e1",
    "startTime": "2026-07-20T11:00:02.522475513Z",
    "state": "SUCCEEDED",
    "status": {
      "currentSteps": [
        {
          "routine": "main",
          "step": "return_result"
        }
      ]
    },
    "workflowRevisionId": "000003-f02"
  },
  {
    "createTime": "2026-07-20T10:00:02.650446351Z",
    "duration": "357.740339300s",
    "endTime": "2026-07-20T10:06:00.390785651Z",
    "name": "projects/420804682491/locations/asia-east1/workflows/msklad-pipeline-hourly/executions/f773f6a1-30bc-4276-b288-8e2307c9a0bc",
    "startTime": "2026-07-20T10:00:02.650446351Z",
    "state": "SUCCEEDED",
    "status": {
      "currentSteps": [
        {
          "routine": "main",
          "step": "return_result"
        }
      ]
    },
    "workflowRevisionId": "000003-f02"
  },
  {
    "createTime": "2026-07-20T09:00:02.237251017Z",
    "duration": "345.545406018s",
    "endTime": "2026-07-20T09:05:47.782657035Z",
    "name": "projects/420804682491/locations/asia-east1/workflows/msklad-pipeline-hourly/executions/50671426-d1d4-46a9-b48e-d1d297660cc2",
    "startTime": "2026-07-20T09:00:02.237251017Z",
    "state": "SUCCEEDED",
    "status": {
      "currentSteps": [
        {
          "routine": "main",
          "step": "return_result"
        }
      ]
    },
    "workflowRevisionId": "000003-f02"
  },
  {
    "createTime": "2026-07-20T08:00:02.539449423Z",
    "duration": "359.359161852s",
    "endTime": "2026-07-20T08:06:01.898611275Z",
    "name": "projects/420804682491/locations/asia-east1/workflows/msklad-pipeline-hourly/executions/31fe6a38-6457-494c-929d-142acb317ac4",
    "startTime": "2026-07-20T08:00:02.539449423Z",
    "state": "SUCCEEDED",
    "status": {
      "currentSteps": [
        {
          "routine": "main",
          "step": "return_result"
        }
      ]
    },
    "workflowRevisionId": "000003-f02"
  },
  {
    "createTime": "2026-07-20T07:00:02.512491528Z",
    "duration": "347.444538810s",
    "endTime": "2026-07-20T07:05:49.957030338Z",
    "name": "projects/420804682491/locations/asia-east1/workflows/msklad-pipeline-hourly/executions/da7fa441-1f59-4d41-bf6c-500f515a9646",
    "startTime": "2026-07-20T07:00:02.512491528Z",
    "state": "SUCCEEDED",
    "status": {
      "currentSteps": [
        {
          "routine": "main",
          "step": "return_result"
        }
      ]
    },
    "workflowRevisionId": "000003-f02"
  },
  {
    "createTime": "2026-07-20T06:00:02.555176720Z",
    "duration": "319.627007392s",
    "endTime": "2026-07-20T06:05:22.182184112Z",
    "name": "projects/420804682491/locations/asia-east1/workflows/msklad-pipeline-hourly/executions/d4753ae2-3749-497d-8700-d83814212892",
    "startTime": "2026-07-20T06:00:02.555176720Z",
    "state": "SUCCEEDED",
    "status": {
      "currentSteps": [
        {
          "routine": "main",
          "step": "return_result"
        }
      ]
    },
    "workflowRevisionId": "000003-f02"
  },
  {
    "createTime": "2026-07-20T05:00:02.619183122Z",
    "duration": "316.834391812s",
    "endTime": "2026-07-20T05:05:19.453574934Z",
    "name": "projects/420804682491/locations/asia-east1/workflows/msklad-pipeline-hourly/executions/22b5a76d-31f3-44f9-b452-a491a7d3b901",
    "startTime": "2026-07-20T05:00:02.619183122Z",
    "state": "SUCCEEDED",
    "status": {
      "currentSteps": [
        {
          "routine": "main",
          "step": "return_result"
        }
      ]
    },
    "workflowRevisionId": "000003-f02"
  },
  {
    "createTime": "2026-07-20T04:00:02.571660797Z",
    "duration": "286.725979689s",
    "endTime": "2026-07-20T04:04:49.297640486Z",
    "name": "projects/420804682491/locations/asia-east1/workflows/msklad-pipeline-hourly/executions/50c114bf-7d1b-4044-94fa-b11504f18260",
    "startTime": "2026-07-20T04:00:02.571660797Z",
    "state": "SUCCEEDED",
    "status": {
      "currentSteps": [
        {
          "routine": "main",
          "step": "return_result"
        }
      ]
    },
    "workflowRevisionId": "000003-f02"
  },
  {
    "createTime": "2026-07-20T03:00:02.647009892Z",
    "duration": "278.791066651s",
    "endTime": "2026-07-20T03:04:41.438076543Z",
    "name": "projects/420804682491/locations/asia-east1/workflows/msklad-pipeline-hourly/executions/2f376972-11e3-42b7-9ba5-fb2f5e24e088",
    "startTime": "2026-07-20T03:00:02.647009892Z",
    "state": "SUCCEEDED",
    "status": {
      "currentSteps": [
        {
          "routine": "main",
          "step": "return_result"
        }
      ]
    },
    "workflowRevisionId": "000003-f02"
  },
  {
    "createTime": "2026-07-20T02:00:02.591961963Z",
    "duration": "309.077883561s",
    "endTime": "2026-07-20T02:05:11.669845524Z",
    "name": "projects/420804682491/locations/asia-east1/workflows/msklad-pipeline-hourly/executions/3867b257-60a2-457e-8428-818a8b506fd2",
    "startTime": "2026-07-20T02:00:02.591961963Z",
    "state": "SUCCEEDED",
    "status": {
      "currentSteps": [
        {
          "routine": "main",
          "step": "return_result"
        }
      ]
    },
    "workflowRevisionId": "000003-f02"
  },
  {
    "createTime": "2026-07-20T01:00:02.268277149Z",
    "duration": "293.162093264s",
    "endTime": "2026-07-20T01:04:55.430370413Z",
    "name": "projects/420804682491/locations/asia-east1/workflows/msklad-pipeline-hourly/executions/0a08cace-3316-488f-bd73-4b4fd03a3d2d",
    "startTime": "2026-07-20T01:00:02.268277149Z",
    "state": "SUCCEEDED",
    "status": {
      "currentSteps": [
        {
          "routine": "main",
          "step": "return_result"
        }
      ]
    },
    "workflowRevisionId": "000003-f02"
  },
  {
    "createTime": "2026-07-20T00:00:02.607645478Z",
    "duration": "298.299277040s",
    "endTime": "2026-07-20T00:05:00.906922518Z",
    "name": "projects/420804682491/locations/asia-east1/workflows/msklad-pipeline-hourly/executions/a28fa64c-28be-4629-ae82-62e665a31843",
    "startTime": "2026-07-20T00:00:02.607645478Z",
    "state": "SUCCEEDED",
    "status": {
      "currentSteps": [
        {
          "routine": "main",
          "step": "return_result"
        }
      ]
    },
    "workflowRevisionId": "000003-f02"
  },
  {
    "createTime": "2026-07-19T23:00:02.583495810Z",
    "duration": "299.756394330s",
    "endTime": "2026-07-19T23:05:02.339890140Z",
    "name": "projects/420804682491/locations/asia-east1/workflows/msklad-pipeline-hourly/executions/9c1aa27c-695a-429e-a99d-338bd877aecc",
    "startTime": "2026-07-19T23:00:02.583495810Z",
    "state": "SUCCEEDED",
    "status": {
      "currentSteps": [
        {
          "routine": "main",
          "step": "return_result"
        }
      ]
    },
    "workflowRevisionId": "000003-f02"
  },
  {
    "createTime": "2026-07-19T22:00:02.207397898Z",
    "duration": "297.597419441s",
    "endTime": "2026-07-19T22:04:59.804817339Z",
    "name": "projects/420804682491/locations/asia-east1/workflows/msklad-pipeline-hourly/executions/d3ffae37-6340-4b42-a86d-f66a45020a7c",
    "startTime": "2026-07-19T22:00:02.207397898Z",
    "state": "SUCCEEDED",
    "status": {
      "currentSteps": [
        {
          "routine": "main",
          "step": "return_result"
        }
      ]
    },
    "workflowRevisionId": "000003-f02"
  },
  {
    "createTime": "2026-07-19T21:00:02.548868046Z",
    "duration": "314.280641910s",
    "endTime": "2026-07-19T21:05:16.829509956Z",
    "name": "projects/420804682491/locations/asia-east1/workflows/msklad-pipeline-hourly/executions/99480b1c-ca53-4aec-bcdd-6c667fe613ac",
    "startTime": "2026-07-19T21:00:02.548868046Z",
    "state": "SUCCEEDED",
    "status": {
      "currentSteps": [
        {
          "routine": "main",
          "step": "return_result"
        }
      ]
    },
    "workflowRevisionId": "000003-f02"
  },
  {
    "createTime": "2026-07-19T20:00:02.337545399Z",
    "duration": "299.626796780s",
    "endTime": "2026-07-19T20:05:01.964342179Z",
    "name": "projects/420804682491/locations/asia-east1/workflows/msklad-pipeline-hourly/executions/b2c0cbbe-fb48-45d9-a08f-d9e202fd950f",
    "startTime": "2026-07-19T20:00:02.337545399Z",
    "state": "SUCCEEDED",
    "status": {
      "currentSteps": [
        {
          "routine": "main",
          "step": "return_result"
        }
      ]
    },
    "workflowRevisionId": "000003-f02"
  },
  {
    "createTime": "2026-07-19T19:00:02.365216361Z",
    "duration": "299.380482521s",
    "endTime": "2026-07-19T19:05:01.745698882Z",
    "name": "projects/420804682491/locations/asia-east1/workflows/msklad-pipeline-hourly/executions/de846f31-42d6-4cc4-9a8f-8379bb7906b2",
    "startTime": "2026-07-19T19:00:02.365216361Z",
    "state": "SUCCEEDED",
    "status": {
      "currentSteps": [
        {
          "routine": "main",
          "step": "return_result"
        }
      ]
    },
    "workflowRevisionId": "000003-f02"
  },
  {
    "createTime": "2026-07-19T18:00:02.218597312Z",
    "duration": "300.029498057s",
    "endTime": "2026-07-19T18:05:02.248095369Z",
    "name": "projects/420804682491/locations/asia-east1/workflows/msklad-pipeline-hourly/executions/ce1c74bc-1380-4ac2-a4fa-53c925e7573d",
    "startTime": "2026-07-19T18:00:02.218597312Z",
    "state": "SUCCEEDED",
    "status": {
      "currentSteps": [
        {
          "routine": "main",
          "step": "return_result"
        }
      ]
    },
    "workflowRevisionId": "000003-f02"
  },
  {
    "createTime": "2026-07-19T17:00:02.516123795Z",
    "duration": "309.409826477s",
    "endTime": "2026-07-19T17:05:11.925950272Z",
    "name": "projects/420804682491/locations/asia-east1/workflows/msklad-pipeline-hourly/executions/66d06638-75c0-43ae-9164-f5c8d039a8aa",
    "startTime": "2026-07-19T17:00:02.516123795Z",
    "state": "SUCCEEDED",
    "status": {
      "currentSteps": [
        {
          "routine": "main",
          "step": "return_result"
        }
      ]
    },
    "workflowRevisionId": "000003-f02"
  },
  {
    "createTime": "2026-07-19T16:00:03.082211100Z",
    "duration": "300.294290412s",
    "endTime": "2026-07-19T16:05:03.376501512Z",
    "name": "projects/420804682491/locations/asia-east1/workflows/msklad-pipeline-hourly/executions/5680ef60-5a0d-470c-a7c3-590d8fcf53fd",
    "startTime": "2026-07-19T16:00:03.082211100Z",
    "state": "SUCCEEDED",
    "status": {
      "currentSteps": [
        {
          "routine": "main",
          "step": "return_result"
        }
      ]
    },
    "workflowRevisionId": "000003-f02"
  },
  {
    "createTime": "2026-07-19T15:00:02.631865109Z",
    "duration": "310.291799995s",
    "endTime": "2026-07-19T15:05:12.923665104Z",
    "name": "projects/420804682491/locations/asia-east1/workflows/msklad-pipeline-hourly/executions/916fafb6-8403-427e-b832-11b278346448",
    "startTime": "2026-07-19T15:00:02.631865109Z",
    "state": "SUCCEEDED",
    "status": {
      "currentSteps": [
        {
          "routine": "main",
          "step": "return_result"
        }
      ]
    },
    "workflowRevisionId": "000003-f02"
  },
  {
    "createTime": "2026-07-19T14:00:02.597305293Z",
    "duration": "297.013957046s",
    "endTime": "2026-07-19T14:04:59.611262339Z",
    "name": "projects/420804682491/locations/asia-east1/workflows/msklad-pipeline-hourly/executions/8475a452-6d6f-4d41-a36f-86f8fe019222",
    "startTime": "2026-07-19T14:00:02.597305293Z",
    "state": "SUCCEEDED",
    "status": {
      "currentSteps": [
        {
          "routine": "main",
          "step": "return_result"
        }
      ]
    },
    "workflowRevisionId": "000003-f02"
  },
  {
    "createTime": "2026-07-19T13:00:02.261114536Z",
    "duration": "313.081351940s",
    "endTime": "2026-07-19T13:05:15.342466476Z",
    "name": "projects/420804682491/locations/asia-east1/workflows/msklad-pipeline-hourly/executions/6626122a-d11c-45f9-9b8f-9b5c93cd18fa",
    "startTime": "2026-07-19T13:00:02.261114536Z",
    "state": "SUCCEEDED",
    "status": {
      "currentSteps": [
        {
          "routine": "main",
          "step": "return_result"
        }
      ]
    },
    "workflowRevisionId": "000003-f02"
  },
  {
    "createTime": "2026-07-19T12:00:02.491744300Z",
    "duration": "307.790440815s",
    "endTime": "2026-07-19T12:05:10.282185115Z",
    "name": "projects/420804682491/locations/asia-east1/workflows/msklad-pipeline-hourly/executions/398b30bc-84a4-49dd-b914-eed1e57f11dc",
    "startTime": "2026-07-19T12:00:02.491744300Z",
    "state": "SUCCEEDED",
    "status": {
      "currentSteps": [
        {
          "routine": "main",
          "step": "return_result"
        }
      ]
    },
    "workflowRevisionId": "000003-f02"
  },
  {
    "createTime": "2026-07-19T11:00:02.655952604Z",
    "duration": "299.852890887s",
    "endTime": "2026-07-19T11:05:02.508843491Z",
    "name": "projects/420804682491/locations/asia-east1/workflows/msklad-pipeline-hourly/executions/5d267d4d-81d5-4d7b-a64f-e9a7f2410ecd",
    "startTime": "2026-07-19T11:00:02.655952604Z",
    "state": "SUCCEEDED",
    "status": {
      "currentSteps": [
        {
          "routine": "main",
          "step": "return_result"
        }
      ]
    },
    "workflowRevisionId": "000003-f02"
  },
  {
    "createTime": "2026-07-19T10:00:02.581578460Z",
    "duration": "303.981620338s",
    "endTime": "2026-07-19T10:05:06.563198798Z",
    "name": "projects/420804682491/locations/asia-east1/workflows/msklad-pipeline-hourly/executions/a4be2635-7e8e-4611-8254-dd9069f4acff",
    "startTime": "2026-07-19T10:00:02.581578460Z",
    "state": "SUCCEEDED",
    "status": {
      "currentSteps": [
        {
          "routine": "main",
          "step": "return_result"
        }
      ]
    },
    "workflowRevisionId": "000003-f02"
  },
  {
    "createTime": "2026-07-19T09:00:02.799183869Z",
    "duration": "306.777345858s",
    "endTime": "2026-07-19T09:05:09.576529727Z",
    "name": "projects/420804682491/locations/asia-east1/workflows/msklad-pipeline-hourly/executions/45a39f98-1927-4a6d-b2c1-9a0f334475e0",
    "startTime": "2026-07-19T09:00:02.799183869Z",
    "state": "SUCCEEDED",
    "status": {
      "currentSteps": [
        {
          "routine": "main",
          "step": "return_result"
        }
      ]
    },
    "workflowRevisionId": "000003-f02"
  },
  {
    "createTime": "2026-07-19T08:00:02.379598672Z",
    "duration": "297.504799445s",
    "endTime": "2026-07-19T08:04:59.884398117Z",
    "name": "projects/420804682491/locations/asia-east1/workflows/msklad-pipeline-hourly/executions/01c96a59-383e-489c-bb90-5a06465fc633",
    "startTime": "2026-07-19T08:00:02.379598672Z",
    "state": "SUCCEEDED",
    "status": {
      "currentSteps": [
        {
          "routine": "main",
          "step": "return_result"
        }
      ]
    },
    "workflowRevisionId": "000003-f02"
  },
  {
    "createTime": "2026-07-19T07:00:02.965811182Z",
    "duration": "299.384808950s",
    "endTime": "2026-07-19T07:05:02.350620132Z",
    "name": "projects/420804682491/locations/asia-east1/workflows/msklad-pipeline-hourly/executions/fa165462-2a22-4a86-beff-06a0b7bc115e",
    "startTime": "2026-07-19T07:00:02.965811182Z",
    "state": "SUCCEEDED",
    "status": {
      "currentSteps": [
        {
          "routine": "main",
          "step": "return_result"
        }
      ]
    },
    "workflowRevisionId": "000003-f02"
  },
  {
    "createTime": "2026-07-19T06:00:02.578396278Z",
    "duration": "287.758913770s",
    "endTime": "2026-07-19T06:04:50.337310048Z",
    "name": "projects/420804682491/locations/asia-east1/workflows/msklad-pipeline-hourly/executions/dabb2c9c-8559-4e54-ae8c-53601623affb",
    "startTime": "2026-07-19T06:00:02.578396278Z",
    "state": "SUCCEEDED",
    "status": {
      "currentSteps": [
        {
          "routine": "main",
          "step": "return_result"
        }
      ]
    },
    "workflowRevisionId": "000003-f02"
  },
  {
    "createTime": "2026-07-19T05:00:02.686469384Z",
    "duration": "281.321451595s",
    "endTime": "2026-07-19T05:04:44.007920979Z",
    "name": "projects/420804682491/locations/asia-east1/workflows/msklad-pipeline-hourly/executions/0038abaa-52d3-4f21-bf8e-0a62ee369f1a",
    "startTime": "2026-07-19T05:00:02.686469384Z",
    "state": "SUCCEEDED",
    "status": {
      "currentSteps": [
        {
          "routine": "main",
          "step": "return_result"
        }
      ]
    },
    "workflowRevisionId": "000003-f02"
  },
  {
    "createTime": "2026-07-19T04:00:02.661657550Z",
    "duration": "278.642246157s",
    "endTime": "2026-07-19T04:04:41.303903707Z",
    "name": "projects/420804682491/locations/asia-east1/workflows/msklad-pipeline-hourly/executions/b77fc964-d360-4cae-a4ab-41d93f75000a",
    "startTime": "2026-07-19T04:00:02.661657550Z",
    "state": "SUCCEEDED",
    "status": {
      "currentSteps": [
        {
          "routine": "main",
          "step": "return_result"
        }
      ]
    },
    "workflowRevisionId": "000003-f02"
  },
  {
    "createTime": "2026-07-19T03:00:02.530845779Z",
    "duration": "302.690068183s",
    "endTime": "2026-07-19T03:05:05.220913962Z",
    "name": "projects/420804682491/locations/asia-east1/workflows/msklad-pipeline-hourly/executions/41adbeb0-3883-4759-82cc-020f1704cb72",
    "startTime": "2026-07-19T03:00:02.530845779Z",
    "state": "SUCCEEDED",
    "status": {
      "currentSteps": [
        {
          "routine": "main",
          "step": "return_result"
        }
      ]
    },
    "workflowRevisionId": "000003-f02"
  },
  {
    "createTime": "2026-07-19T02:00:02.242551272Z",
    "duration": "306.373427931s",
    "endTime": "2026-07-19T02:05:08.615979203Z",
    "name": "projects/420804682491/locations/asia-east1/workflows/msklad-pipeline-hourly/executions/6cd64b1b-77a3-401c-8600-a4259e03bc21",
    "startTime": "2026-07-19T02:00:02.242551272Z",
    "state": "SUCCEEDED",
    "status": {
      "currentSteps": [
        {
          "routine": "main",
          "step": "return_result"
        }
      ]
    },
    "workflowRevisionId": "000003-f02"
  },
  {
    "createTime": "2026-07-19T01:00:02.517842528Z",
    "duration": "295.039867928s",
    "endTime": "2026-07-19T01:04:57.557710456Z",
    "name": "projects/420804682491/locations/asia-east1/workflows/msklad-pipeline-hourly/executions/ce8cc10b-c684-4716-b0b0-7b918cb53268",
    "startTime": "2026-07-19T01:00:02.517842528Z",
    "state": "SUCCEEDED",
    "status": {
      "currentSteps": [
        {
          "routine": "main",
          "step": "return_result"
        }
      ]
    },
    "workflowRevisionId": "000003-f02"
  },
  {
    "createTime": "2026-07-19T00:00:02.350708336Z",
    "duration": "303.570644823s",
    "endTime": "2026-07-19T00:05:05.921353159Z",
    "name": "projects/420804682491/locations/asia-east1/workflows/msklad-pipeline-hourly/executions/6a05cc11-31d6-487f-bacb-76785e907eb1",
    "startTime": "2026-07-19T00:00:02.350708336Z",
    "state": "SUCCEEDED",
    "status": {
      "currentSteps": [
        {
          "routine": "main",
          "step": "return_result"
        }
      ]
    },
    "workflowRevisionId": "000003-f02"
  },
  {
    "createTime": "2026-07-18T23:00:02.352345443Z",
    "duration": "323.730156797s",
    "endTime": "2026-07-18T23:05:26.082502240Z",
    "name": "projects/420804682491/locations/asia-east1/workflows/msklad-pipeline-hourly/executions/abb85290-078e-4c8f-99bf-588d619a21d4",
    "startTime": "2026-07-18T23:00:02.352345443Z",
    "state": "SUCCEEDED",
    "status": {
      "currentSteps": [
        {
          "routine": "main",
          "step": "return_result"
        }
      ]
    },
    "workflowRevisionId": "000003-f02"
  },
  {
    "createTime": "2026-07-18T22:00:02.234091945Z",
    "duration": "306.198601754s",
    "endTime": "2026-07-18T22:05:08.432693699Z",
    "name": "projects/420804682491/locations/asia-east1/workflows/msklad-pipeline-hourly/executions/e586a043-a22d-44e2-853e-69fcc87baa51",
    "startTime": "2026-07-18T22:00:02.234091945Z",
    "state": "SUCCEEDED",
    "status": {
      "currentSteps": [
        {
          "routine": "main",
          "step": "return_result"
        }
      ]
    },
    "workflowRevisionId": "000003-f02"
  },
  {
    "createTime": "2026-07-18T21:00:02.536796782Z",
    "duration": "287.760798382s",
    "endTime": "2026-07-18T21:04:50.297595164Z",
    "name": "projects/420804682491/locations/asia-east1/workflows/msklad-pipeline-hourly/executions/4c80d805-32f4-49ac-bb52-0ca3afda892d",
    "startTime": "2026-07-18T21:00:02.536796782Z",
    "state": "SUCCEEDED",
    "status": {
      "currentSteps": [
        {
          "routine": "main",
          "step": "return_result"
        }
      ]
    },
    "workflowRevisionId": "000003-f02"
  },
  {
    "createTime": "2026-07-18T20:00:02.657526331Z",
    "duration": "293.805937522s",
    "endTime": "2026-07-18T20:04:56.463463853Z",
    "name": "projects/420804682491/locations/asia-east1/workflows/msklad-pipeline-hourly/executions/718a908b-b069-447c-a780-42ee46ead3af",
    "startTime": "2026-07-18T20:00:02.657526331Z",
    "state": "SUCCEEDED",
    "status": {
      "currentSteps": [
        {
          "routine": "main",
          "step": "return_result"
        }
      ]
    },
    "workflowRevisionId": "000003-f02"
  },
  {
    "createTime": "2026-07-18T19:00:02.488708399Z",
    "duration": "313.647024970s",
    "endTime": "2026-07-18T19:05:16.135733369Z",
    "name": "projects/420804682491/locations/asia-east1/workflows/msklad-pipeline-hourly/executions/8305914e-27b0-44c2-9626-1746ccbac525",
    "startTime": "2026-07-18T19:00:02.488708399Z",
    "state": "SUCCEEDED",
    "status": {
      "currentSteps": [
        {
          "routine": "main",
          "step": "return_result"
        }
      ]
    },
    "workflowRevisionId": "000003-f02"
  },
  {
    "createTime": "2026-07-18T18:00:02.526477067Z",
    "duration": "301.168899590s",
    "endTime": "2026-07-18T18:05:03.695376657Z",
    "name": "projects/420804682491/locations/asia-east1/workflows/msklad-pipeline-hourly/executions/a4d5b1b4-0bae-40c4-a4a1-50d865ded94f",
    "startTime": "2026-07-18T18:00:02.526477067Z",
    "state": "SUCCEEDED",
    "status": {
      "currentSteps": [
        {
          "routine": "main",
          "step": "return_result"
        }
      ]
    },
    "workflowRevisionId": "000003-f02"
  },
  {
    "createTime": "2026-07-18T17:00:02.527437029Z",
    "duration": "324.226553652s",
    "endTime": "2026-07-18T17:05:26.753990681Z",
    "name": "projects/420804682491/locations/asia-east1/workflows/msklad-pipeline-hourly/executions/23220b74-56f3-4243-a47b-a54c56c2fcfe",
    "startTime": "2026-07-18T17:00:02.527437029Z",
    "state": "SUCCEEDED",
    "status": {
      "currentSteps": [
        {
          "routine": "main",
          "step": "return_result"
        }
      ]
    },
    "workflowRevisionId": "000003-f02"
  },
  {
    "createTime": "2026-07-18T16:00:02.711269606Z",
    "duration": "317.000516356s",
    "endTime": "2026-07-18T16:05:19.711785962Z",
    "name": "projects/420804682491/locations/asia-east1/workflows/msklad-pipeline-hourly/executions/c1e24a49-ec40-4c3a-b653-7e2a5aabcfa9",
    "startTime": "2026-07-18T16:00:02.711269606Z",
    "state": "SUCCEEDED",
    "status": {
      "currentSteps": [
        {
          "routine": "main",
          "step": "return_result"
        }
      ]
    },
    "workflowRevisionId": "000003-f02"
  },
  {
    "createTime": "2026-07-18T15:00:02.728086491Z",
    "duration": "299.466325916s",
    "endTime": "2026-07-18T15:05:02.194412407Z",
    "name": "projects/420804682491/locations/asia-east1/workflows/msklad-pipeline-hourly/executions/1f3b3205-560f-4e12-bea5-66bd77f9c7b1",
    "startTime": "2026-07-18T15:00:02.728086491Z",
    "state": "SUCCEEDED",
    "status": {
      "currentSteps": [
        {
          "routine": "main",
          "step": "return_result"
        }
      ]
    },
    "workflowRevisionId": "000003-f02"
  },
  {
    "createTime": "2026-07-18T14:00:02.500844934Z",
    "duration": "295.578196550s",
    "endTime": "2026-07-18T14:04:58.079041484Z",
    "name": "projects/420804682491/locations/asia-east1/workflows/msklad-pipeline-hourly/executions/380f0c77-b1c7-4484-8755-803ce1280059",
    "startTime": "2026-07-18T14:00:02.500844934Z",
    "state": "SUCCEEDED",
    "status": {
      "currentSteps": [
        {
          "routine": "main",
          "step": "return_result"
        }
      ]
    },
    "workflowRevisionId": "000003-f02"
  },
  {
    "createTime": "2026-07-18T13:00:02.309681246Z",
    "duration": "324.321229475s",
    "endTime": "2026-07-18T13:05:26.630910721Z",
    "name": "projects/420804682491/locations/asia-east1/workflows/msklad-pipeline-hourly/executions/ee3f93f0-efea-4917-82dc-85ad4b1a4957",
    "startTime": "2026-07-18T13:00:02.309681246Z",
    "state": "SUCCEEDED",
    "status": {
      "currentSteps": [
        {
          "routine": "main",
          "step": "return_result"
        }
      ]
    },
    "workflowRevisionId": "000003-f02"
  },
  {
    "createTime": "2026-07-18T12:00:02.679959372Z",
    "duration": "316.277781645s",
    "endTime": "2026-07-18T12:05:18.957741017Z",
    "name": "projects/420804682491/locations/asia-east1/workflows/msklad-pipeline-hourly/executions/ad47d1fd-ac3d-447d-8e00-b7c8ef6894ad",
    "startTime": "2026-07-18T12:00:02.679959372Z",
    "state": "SUCCEEDED",
    "status": {
      "currentSteps": [
        {
          "routine": "main",
          "step": "return_result"
        }
      ]
    },
    "workflowRevisionId": "000003-f02"
  },
  {
    "createTime": "2026-07-18T11:00:02.549528209Z",
    "duration": "310.395120255s",
    "endTime": "2026-07-18T11:05:12.944648464Z",
    "name": "projects/420804682491/locations/asia-east1/workflows/msklad-pipeline-hourly/executions/291a7e41-5c01-4929-bc8f-9c009588cce0",
    "startTime": "2026-07-18T11:00:02.549528209Z",
    "state": "SUCCEEDED",
    "status": {
      "currentSteps": [
        {
          "routine": "main",
          "step": "return_result"
        }
      ]
    },
    "workflowRevisionId": "000003-f02"
  },
  {
    "createTime": "2026-07-18T10:00:02.256836755Z",
    "duration": "316.023417800s",
    "endTime": "2026-07-18T10:05:18.280254555Z",
    "name": "projects/420804682491/locations/asia-east1/workflows/msklad-pipeline-hourly/executions/797eb107-41c0-4972-835a-cfe1eaaef351",
    "startTime": "2026-07-18T10:00:02.256836755Z",
    "state": "SUCCEEDED",
    "status": {
      "currentSteps": [
        {
          "routine": "main",
          "step": "return_result"
        }
      ]
    },
    "workflowRevisionId": "000003-f02"
  },
  {
    "createTime": "2026-07-18T09:00:02.581967277Z",
    "duration": "326.044704045s",
    "endTime": "2026-07-18T09:05:28.626671322Z",
    "name": "projects/420804682491/locations/asia-east1/workflows/msklad-pipeline-hourly/executions/564e31b0-eb11-4570-b5ce-a2285f7f4192",
    "startTime": "2026-07-18T09:00:02.581967277Z",
    "state": "SUCCEEDED",
    "status": {
      "currentSteps": [
        {
          "routine": "main",
          "step": "return_result"
        }
      ]
    },
    "workflowRevisionId": "000003-f02"
  },
  {
    "createTime": "2026-07-18T08:00:02.627628498Z",
    "duration": "45.086765025s",
    "endTime": "2026-07-18T08:00:47.714393523Z",
    "name": "projects/420804682491/locations/asia-east1/workflows/msklad-pipeline-hourly/executions/29aeccd8-c09f-4cb7-a7d7-ab96732061ff",
    "startTime": "2026-07-18T08:00:02.627628498Z",
    "state": "FAILED",
    "status": {
      "currentSteps": [
        {
          "routine": "main",
          "step": "raise_dim"
        }
      ]
    },
    "workflowRevisionId": "000003-f02"
  },
  {
    "createTime": "2026-07-18T07:00:02.225097466Z",
    "duration": "311.219111806s",
    "endTime": "2026-07-18T07:05:13.444209272Z",
    "name": "projects/420804682491/locations/asia-east1/workflows/msklad-pipeline-hourly/executions/9e4fd2b8-81f7-41cc-a8d5-2306f9844f69",
    "startTime": "2026-07-18T07:00:02.225097466Z",
    "state": "SUCCEEDED",
    "status": {
      "currentSteps": [
        {
          "routine": "main",
          "step": "return_result"
        }
      ]
    },
    "workflowRevisionId": "000003-f02"
  },
  {
    "createTime": "2026-07-18T06:00:02.522772670Z",
    "duration": "303.437568581s",
    "endTime": "2026-07-18T06:05:05.960341251Z",
    "name": "projects/420804682491/locations/asia-east1/workflows/msklad-pipeline-hourly/executions/f3a499b4-6c1f-4e9e-9412-d8b5ac45f2c9",
    "startTime": "2026-07-18T06:00:02.522772670Z",
    "state": "SUCCEEDED",
    "status": {
      "currentSteps": [
        {
          "routine": "main",
          "step": "return_result"
        }
      ]
    },
    "workflowRevisionId": "000003-f02"
  },
  {
    "createTime": "2026-07-18T05:00:02.513394255Z",
    "duration": "279.565721682s",
    "endTime": "2026-07-18T05:04:42.079115937Z",
    "name": "projects/420804682491/locations/asia-east1/workflows/msklad-pipeline-hourly/executions/0678e919-7e16-4d07-9fef-5a4bfaaedaa7",
    "startTime": "2026-07-18T05:00:02.513394255Z",
    "state": "SUCCEEDED",
    "status": {
      "currentSteps": [
        {
          "routine": "main",
          "step": "return_result"
        }
      ]
    },
    "workflowRevisionId": "000003-f02"
  },
  {
    "createTime": "2026-07-18T04:00:02.561111374Z",
    "duration": "287.222035884s",
    "endTime": "2026-07-18T04:04:49.783147258Z",
    "name": "projects/420804682491/locations/asia-east1/workflows/msklad-pipeline-hourly/executions/9bcdc112-e466-4cbb-9a82-13e3fe9caab8",
    "startTime": "2026-07-18T04:00:02.561111374Z",
    "state": "SUCCEEDED",
    "status": {
      "currentSteps": [
        {
          "routine": "main",
          "step": "return_result"
        }
      ]
    },
    "workflowRevisionId": "000003-f02"
  },
  {
    "createTime": "2026-07-18T03:00:02.234697980Z",
    "duration": "288.944899961s",
    "endTime": "2026-07-18T03:04:51.179597941Z",
    "name": "projects/420804682491/locations/asia-east1/workflows/msklad-pipeline-hourly/executions/55dc40f1-0af7-414f-ba76-6a98cc4b1b0c",
    "startTime": "2026-07-18T03:00:02.234697980Z",
    "state": "SUCCEEDED",
    "status": {
      "currentSteps": [
        {
          "routine": "main",
          "step": "return_result"
        }
      ]
    },
    "workflowRevisionId": "000003-f02"
  },
  {
    "createTime": "2026-07-18T02:00:02.744740165Z",
    "duration": "301.642510542s",
    "endTime": "2026-07-18T02:05:04.387250707Z",
    "name": "projects/420804682491/locations/asia-east1/workflows/msklad-pipeline-hourly/executions/dcb19d95-960a-4c9c-9bd8-15204df29681",
    "startTime": "2026-07-18T02:00:02.744740165Z",
    "state": "SUCCEEDED",
    "status": {
      "currentSteps": [
        {
          "routine": "main",
          "step": "return_result"
        }
      ]
    },
    "workflowRevisionId": "000003-f02"
  },
  {
    "createTime": "2026-07-18T01:00:02.592838947Z",
    "duration": "297.249903466s",
    "endTime": "2026-07-18T01:04:59.842742413Z",
    "name": "projects/420804682491/locations/asia-east1/workflows/msklad-pipeline-hourly/executions/46d25f71-8004-4fd0-85ab-6510f05b1145",
    "startTime": "2026-07-18T01:00:02.592838947Z",
    "state": "SUCCEEDED",
    "status": {
      "currentSteps": [
        {
          "routine": "main",
          "step": "return_result"
        }
      ]
    },
    "workflowRevisionId": "000003-f02"
  },
  {
    "createTime": "2026-07-18T00:00:02.607219723Z",
    "duration": "307.924487057s",
    "endTime": "2026-07-18T00:05:10.531706780Z",
    "name": "projects/420804682491/locations/asia-east1/workflows/msklad-pipeline-hourly/executions/03305ad0-ab88-4588-a303-6dbc6a755227",
    "startTime": "2026-07-18T00:00:02.607219723Z",
    "state": "SUCCEEDED",
    "status": {
      "currentSteps": [
        {
          "routine": "main",
          "step": "return_result"
        }
      ]
    },
    "workflowRevisionId": "000003-f02"
  },
  {
    "createTime": "2026-07-17T23:00:02.335820142Z",
    "duration": "297.420332793s",
    "endTime": "2026-07-17T23:04:59.756152935Z",
    "name": "projects/420804682491/locations/asia-east1/workflows/msklad-pipeline-hourly/executions/998878f5-e84a-485b-b369-3df80a7d8aff",
    "startTime": "2026-07-17T23:00:02.335820142Z",
    "state": "SUCCEEDED",
    "status": {
      "currentSteps": [
        {
          "routine": "main",
          "step": "return_result"
        }
      ]
    },
    "workflowRevisionId": "000003-f02"
  },
  {
    "createTime": "2026-07-17T22:00:02.282862347Z",
    "duration": "292.134297485s",
    "endTime": "2026-07-17T22:04:54.417159832Z",
    "name": "projects/420804682491/locations/asia-east1/workflows/msklad-pipeline-hourly/executions/9dada68e-7898-4335-9bf0-d092a0d1fd24",
    "startTime": "2026-07-17T22:00:02.282862347Z",
    "state": "SUCCEEDED",
    "status": {
      "currentSteps": [
        {
          "routine": "main",
          "step": "return_result"
        }
      ]
    },
    "workflowRevisionId": "000003-f02"
  },
  {
    "createTime": "2026-07-17T21:00:02.481262760Z",
    "duration": "296.085279853s",
    "endTime": "2026-07-17T21:04:58.566542613Z",
    "name": "projects/420804682491/locations/asia-east1/workflows/msklad-pipeline-hourly/executions/fb75df34-249c-4923-83fa-6e1f81b395a5",
    "startTime": "2026-07-17T21:00:02.481262760Z",
    "state": "SUCCEEDED",
    "status": {
      "currentSteps": [
        {
          "routine": "main",
          "step": "return_result"
        }
      ]
    },
    "workflowRevisionId": "000003-f02"
  },
  {
    "createTime": "2026-07-17T20:00:02.629697144Z",
    "duration": "285.910091991s",
    "endTime": "2026-07-17T20:04:48.539789135Z",
    "name": "projects/420804682491/locations/asia-east1/workflows/msklad-pipeline-hourly/executions/64856a75-c0d0-4319-ab49-57d4a1a58b21",
    "startTime": "2026-07-17T20:00:02.629697144Z",
    "state": "SUCCEEDED",
    "status": {
      "currentSteps": [
        {
          "routine": "main",
          "step": "return_result"
        }
      ]
    },
    "workflowRevisionId": "000003-f02"
  },
  {
    "createTime": "2026-07-17T19:00:02.469670469Z",
    "duration": "304.577345755s",
    "endTime": "2026-07-17T19:05:07.047016224Z",
    "name": "projects/420804682491/locations/asia-east1/workflows/msklad-pipeline-hourly/executions/4902f1c4-0634-4b0d-a5e5-2c20501db83b",
    "startTime": "2026-07-17T19:00:02.469670469Z",
    "state": "SUCCEEDED",
    "status": {
      "currentSteps": [
        {
          "routine": "main",
          "step": "return_result"
        }
      ]
    },
    "workflowRevisionId": "000003-f02"
  },
  {
    "createTime": "2026-07-17T18:00:02.524393243Z",
    "duration": "282.601685247s",
    "endTime": "2026-07-17T18:04:45.126078490Z",
    "name": "projects/420804682491/locations/asia-east1/workflows/msklad-pipeline-hourly/executions/edcbb8d3-a197-4b91-8d5d-5a762f3b6bcd",
    "startTime": "2026-07-17T18:00:02.524393243Z",
    "state": "SUCCEEDED",
    "status": {
      "currentSteps": [
        {
          "routine": "main",
          "step": "return_result"
        }
      ]
    },
    "workflowRevisionId": "000003-f02"
  },
  {
    "createTime": "2026-07-17T17:00:02.686297626Z",
    "duration": "304.933371243s",
    "endTime": "2026-07-17T17:05:07.619668869Z",
    "name": "projects/420804682491/locations/asia-east1/workflows/msklad-pipeline-hourly/executions/692045ff-3bc9-44e8-9e17-4a9692cf5b7a",
    "startTime": "2026-07-17T17:00:02.686297626Z",
    "state": "SUCCEEDED",
    "status": {
      "currentSteps": [
        {
          "routine": "main",
          "step": "return_result"
        }
      ]
    },
    "workflowRevisionId": "000003-f02"
  },
  {
    "createTime": "2026-07-17T16:00:02.773591935Z",
    "duration": "296.620840247s",
    "endTime": "2026-07-17T16:04:59.394432182Z",
    "name": "projects/420804682491/locations/asia-east1/workflows/msklad-pipeline-hourly/executions/09969bc0-aec9-4dbe-868e-e599701df05f",
    "startTime": "2026-07-17T16:00:02.773591935Z",
    "state": "SUCCEEDED",
    "status": {
      "currentSteps": [
        {
          "routine": "main",
          "step": "return_result"
        }
      ]
    },
    "workflowRevisionId": "000003-f02"
  },
  {
    "createTime": "2026-07-17T15:00:02.687296692Z",
    "duration": "307.758797712s",
    "endTime": "2026-07-17T15:05:10.446094404Z",
    "name": "projects/420804682491/locations/asia-east1/workflows/msklad-pipeline-hourly/executions/2ddf5cf5-2cf5-45b6-9151-bf18bab4b6f5",
    "startTime": "2026-07-17T15:00:02.687296692Z",
    "state": "SUCCEEDED",
    "status": {
      "currentSteps": [
        {
          "routine": "main",
          "step": "return_result"
        }
      ]
    },
    "workflowRevisionId": "000003-f02"
  },
  {
    "createTime": "2026-07-17T14:00:02.281143765Z",
    "duration": "308.514290527s",
    "endTime": "2026-07-17T14:05:10.795434292Z",
    "name": "projects/420804682491/locations/asia-east1/workflows/msklad-pipeline-hourly/executions/c96c035b-9df3-4f04-aa6b-8e4582577bab",
    "startTime": "2026-07-17T14:00:02.281143765Z",
    "state": "SUCCEEDED",
    "status": {
      "currentSteps": [
        {
          "routine": "main",
          "step": "return_result"
        }
      ]
    },
    "workflowRevisionId": "000003-f02"
  },
  {
    "createTime": "2026-07-17T13:00:02.752647551Z",
    "duration": "297.761187862s",
    "endTime": "2026-07-17T13:05:00.513835413Z",
    "name": "projects/420804682491/locations/asia-east1/workflows/msklad-pipeline-hourly/executions/aaec9062-bbc7-4554-8eed-7218b4acacea",
    "startTime": "2026-07-17T13:00:02.752647551Z",
    "state": "SUCCEEDED",
    "status": {
      "currentSteps": [
        {
          "routine": "main",
          "step": "return_result"
        }
      ]
    },
    "workflowRevisionId": "000003-f02"
  },
  {
    "createTime": "2026-07-17T12:00:02.314592842Z",
    "duration": "305.388550299s",
    "endTime": "2026-07-17T12:05:07.703143141Z",
    "name": "projects/420804682491/locations/asia-east1/workflows/msklad-pipeline-hourly/executions/2b3fe6f3-e147-45d2-ac43-83c7d6676e39",
    "startTime": "2026-07-17T12:00:02.314592842Z",
    "state": "SUCCEEDED",
    "status": {
      "currentSteps": [
        {
          "routine": "main",
          "step": "return_result"
        }
      ]
    },
    "workflowRevisionId": "000003-f02"
  },
  {
    "createTime": "2026-07-17T11:00:02.268027909Z",
    "duration": "312.585525017s",
    "endTime": "2026-07-17T11:05:14.853552926Z",
    "name": "projects/420804682491/locations/asia-east1/workflows/msklad-pipeline-hourly/executions/4b90a3d3-ba58-446c-8b4e-55af2a19ec06",
    "startTime": "2026-07-17T11:00:02.268027909Z",
    "state": "SUCCEEDED",
    "status": {
      "currentSteps": [
        {
          "routine": "main",
          "step": "return_result"
        }
      ]
    },
    "workflowRevisionId": "000003-f02"
  },
  {
    "createTime": "2026-07-17T10:00:02.580129328Z",
    "duration": "303.675155651s",
    "endTime": "2026-07-17T10:05:06.255284979Z",
    "name": "projects/420804682491/locations/asia-east1/workflows/msklad-pipeline-hourly/executions/13cbfb71-a245-4678-b0a2-9bdc649354b4",
    "startTime": "2026-07-17T10:00:02.580129328Z",
    "state": "SUCCEEDED",
    "status": {
      "currentSteps": [
        {
          "routine": "main",
          "step": "return_result"
        }
      ]
    },
    "workflowRevisionId": "000003-f02"
  },
  {
    "createTime": "2026-07-17T09:00:02.532936921Z",
    "duration": "329.678326171s",
    "endTime": "2026-07-17T09:05:32.211263092Z",
    "name": "projects/420804682491/locations/asia-east1/workflows/msklad-pipeline-hourly/executions/286696af-a79e-4fed-8f00-ae75da31ca7d",
    "startTime": "2026-07-17T09:00:02.532936921Z",
    "state": "SUCCEEDED",
    "status": {
      "currentSteps": [
        {
          "routine": "main",
          "step": "return_result"
        }
      ]
    },
    "workflowRevisionId": "000003-f02"
  },
  {
    "createTime": "2026-07-17T08:00:02.308969917Z",
    "duration": "308.903504880s",
    "endTime": "2026-07-17T08:05:11.212474797Z",
    "name": "projects/420804682491/locations/asia-east1/workflows/msklad-pipeline-hourly/executions/95ac83c5-02c8-43d8-b2bd-acb9e96326c7",
    "startTime": "2026-07-17T08:00:02.308969917Z",
    "state": "SUCCEEDED",
    "status": {
      "currentSteps": [
        {
          "routine": "main",
          "step": "return_result"
        }
      ]
    },
    "workflowRevisionId": "000003-f02"
  },
  {
    "createTime": "2026-07-17T07:00:02.526832243Z",
    "duration": "310.008842973s",
    "endTime": "2026-07-17T07:05:12.535675216Z",
    "name": "projects/420804682491/locations/asia-east1/workflows/msklad-pipeline-hourly/executions/5719dd30-de52-4694-88f8-fbe4003a80b6",
    "startTime": "2026-07-17T07:00:02.526832243Z",
    "state": "SUCCEEDED",
    "status": {
      "currentSteps": [
        {
          "routine": "main",
          "step": "return_result"
        }
      ]
    },
    "workflowRevisionId": "000003-f02"
  },
  {
    "createTime": "2026-07-17T06:00:02.471208674Z",
    "duration": "294.841920310s",
    "endTime": "2026-07-17T06:04:57.313128984Z",
    "name": "projects/420804682491/locations/asia-east1/workflows/msklad-pipeline-hourly/executions/6bc7bfd3-00c3-4821-a5cd-c250f4f97deb",
    "startTime": "2026-07-17T06:00:02.471208674Z",
    "state": "SUCCEEDED",
    "status": {
      "currentSteps": [
        {
          "routine": "main",
          "step": "return_result"
        }
      ]
    },
    "workflowRevisionId": "000003-f02"
  },
  {
    "createTime": "2026-07-17T05:00:02.660600696Z",
    "duration": "303.794038281s",
    "endTime": "2026-07-17T05:05:06.454638977Z",
    "name": "projects/420804682491/locations/asia-east1/workflows/msklad-pipeline-hourly/executions/878d46aa-71cb-41e0-ba88-564bc6d06882",
    "startTime": "2026-07-17T05:00:02.660600696Z",
    "state": "SUCCEEDED",
    "status": {
      "currentSteps": [
        {
          "routine": "main",
          "step": "return_result"
        }
      ]
    },
    "workflowRevisionId": "000003-f02"
  },
  {
    "createTime": "2026-07-17T04:00:02.258512354Z",
    "duration": "283.026435597s",
    "endTime": "2026-07-17T04:04:45.284947951Z",
    "name": "projects/420804682491/locations/asia-east1/workflows/msklad-pipeline-hourly/executions/0390681b-832a-44d1-90f5-5e1a832fe756",
    "startTime": "2026-07-17T04:00:02.258512354Z",
    "state": "SUCCEEDED",
    "status": {
      "currentSteps": [
        {
          "routine": "main",
          "step": "return_result"
        }
      ]
    },
    "workflowRevisionId": "000003-f02"
  },
  {
    "createTime": "2026-07-17T03:00:02.625369511Z",
    "duration": "277.277121567s",
    "endTime": "2026-07-17T03:04:39.902491078Z",
    "name": "projects/420804682491/locations/asia-east1/workflows/msklad-pipeline-hourly/executions/e9e3e618-dd7a-477d-b4dd-cdc38f9e806c",
    "startTime": "2026-07-17T03:00:02.625369511Z",
    "state": "SUCCEEDED",
    "status": {
      "currentSteps": [
        {
          "routine": "main",
          "step": "return_result"
        }
      ]
    },
    "workflowRevisionId": "000003-f02"
  },
  {
    "createTime": "2026-07-17T02:00:02.489153426Z",
    "duration": "286.023601133s",
    "endTime": "2026-07-17T02:04:48.512754559Z",
    "name": "projects/420804682491/locations/asia-east1/workflows/msklad-pipeline-hourly/executions/b02ba6b7-66b8-4ac8-a6f5-2eae0f20495a",
    "startTime": "2026-07-17T02:00:02.489153426Z",
    "state": "SUCCEEDED",
    "status": {
      "currentSteps": [
        {
          "routine": "main",
          "step": "return_result"
        }
      ]
    },
    "workflowRevisionId": "000003-f02"
  },
  {
    "createTime": "2026-07-17T01:00:02.637760012Z",
    "duration": "279.301193948s",
    "endTime": "2026-07-17T01:04:41.938953960Z",
    "name": "projects/420804682491/locations/asia-east1/workflows/msklad-pipeline-hourly/executions/af98e966-284f-4d99-97cd-13cce72ff895",
    "startTime": "2026-07-17T01:00:02.637760012Z",
    "state": "SUCCEEDED",
    "status": {
      "currentSteps": [
        {
          "routine": "main",
          "step": "return_result"
        }
      ]
    },
    "workflowRevisionId": "000003-f02"
  },
  {
    "createTime": "2026-07-17T00:00:02.712121194Z",
    "duration": "284.179826644s",
    "endTime": "2026-07-17T00:04:46.891947838Z",
    "name": "projects/420804682491/locations/asia-east1/workflows/msklad-pipeline-hourly/executions/75e3c9f5-0c45-49a8-a0e3-2111e9552174",
    "startTime": "2026-07-17T00:00:02.712121194Z",
    "state": "SUCCEEDED",
    "status": {
      "currentSteps": [
        {
          "routine": "main",
          "step": "return_result"
        }
      ]
    },
    "workflowRevisionId": "000003-f02"
  },
  {
    "createTime": "2026-07-16T23:00:02.487888966Z",
    "duration": "299.631962433s",
    "endTime": "2026-07-16T23:05:02.119851399Z",
    "name": "projects/420804682491/locations/asia-east1/workflows/msklad-pipeline-hourly/executions/33546b6d-904e-4ea4-80fe-7c7bad05d3f1",
    "startTime": "2026-07-16T23:00:02.487888966Z",
    "state": "SUCCEEDED",
    "status": {
      "currentSteps": [
        {
          "routine": "main",
          "step": "return_result"
        }
      ]
    },
    "workflowRevisionId": "000003-f02"
  },
  {
    "createTime": "2026-07-16T22:00:02.310128557Z",
    "duration": "333.369044559s",
    "endTime": "2026-07-16T22:05:35.679173116Z",
    "name": "projects/420804682491/locations/asia-east1/workflows/msklad-pipeline-hourly/executions/4c41e7fa-8212-4e8f-bcea-bdbba6a006db",
    "startTime": "2026-07-16T22:00:02.310128557Z",
    "state": "SUCCEEDED",
    "status": {
      "currentSteps": [
        {
          "routine": "main",
          "step": "return_result"
        }
      ]
    },
    "workflowRevisionId": "000003-f02"
  },
  {
    "createTime": "2026-07-16T21:00:02.326431397Z",
    "duration": "362.143645004s",
    "endTime": "2026-07-16T21:06:04.470076401Z",
    "name": "projects/420804682491/locations/asia-east1/workflows/msklad-pipeline-hourly/executions/837c1c01-3489-410a-86d7-b6b6b08453f6",
    "startTime": "2026-07-16T21:00:02.326431397Z",
    "state": "SUCCEEDED",
    "status": {
      "currentSteps": [
        {
          "routine": "main",
          "step": "return_result"
        }
      ]
    },
    "workflowRevisionId": "000003-f02"
  },
  {
    "createTime": "2026-07-16T20:00:03.104317761Z",
    "duration": "300.132867258s",
    "endTime": "2026-07-16T20:05:03.237185019Z",
    "name": "projects/420804682491/locations/asia-east1/workflows/msklad-pipeline-hourly/executions/13affd78-6c14-4c61-a891-e2d7417d783e",
    "startTime": "2026-07-16T20:00:03.104317761Z",
    "state": "SUCCEEDED",
    "status": {
      "currentSteps": [
        {
          "routine": "main",
          "step": "return_result"
        }
      ]
    },
    "workflowRevisionId": "000003-f02"
  },
  {
    "createTime": "2026-07-16T19:00:02.486344151Z",
    "duration": "289.944814248s",
    "endTime": "2026-07-16T19:04:52.431158399Z",
    "name": "projects/420804682491/locations/asia-east1/workflows/msklad-pipeline-hourly/executions/9f5c2d15-ca27-4381-a91c-17bec80e89bb",
    "startTime": "2026-07-16T19:00:02.486344151Z",
    "state": "SUCCEEDED",
    "status": {
      "currentSteps": [
        {
          "routine": "main",
          "step": "return_result"
        }
      ]
    },
    "workflowRevisionId": "000003-f02"
  },
  {
    "createTime": "2026-07-16T18:00:02.280057638Z",
    "duration": "307.397822423s",
    "endTime": "2026-07-16T18:05:09.677880061Z",
    "name": "projects/420804682491/locations/asia-east1/workflows/msklad-pipeline-hourly/executions/c6bfc867-37dc-49a0-afe3-e939a9ccb704",
    "startTime": "2026-07-16T18:00:02.280057638Z",
    "state": "SUCCEEDED",
    "status": {
      "currentSteps": [
        {
          "routine": "main",
          "step": "return_result"
        }
      ]
    },
    "workflowRevisionId": "000003-f02"
  },
  {
    "createTime": "2026-07-16T17:00:02.593249254Z",
    "duration": "303.041185252s",
    "endTime": "2026-07-16T17:05:05.634434506Z",
    "name": "projects/420804682491/locations/asia-east1/workflows/msklad-pipeline-hourly/executions/2a7aec22-37d3-4082-9525-61ee8cc79983",
    "startTime": "2026-07-16T17:00:02.593249254Z",
    "state": "SUCCEEDED",
    "status": {
      "currentSteps": [
        {
          "routine": "main",
          "step": "return_result"
        }
      ]
    },
    "workflowRevisionId": "000003-f02"
  },
  {
    "createTime": "2026-07-16T16:00:02.538479412Z",
    "duration": "301.543855744s",
    "endTime": "2026-07-16T16:05:04.082335156Z",
    "name": "projects/420804682491/locations/asia-east1/workflows/msklad-pipeline-hourly/executions/fe70995a-9673-4120-bd1d-1f1599cedd93",
    "startTime": "2026-07-16T16:00:02.538479412Z",
    "state": "SUCCEEDED",
    "status": {
      "currentSteps": [
        {
          "routine": "main",
          "step": "return_result"
        }
      ]
    },
    "workflowRevisionId": "000003-f02"
  },
  {
    "createTime": "2026-07-16T15:00:02.648152460Z",
    "duration": "320.622365570s",
    "endTime": "2026-07-16T15:05:23.270518030Z",
    "name": "projects/420804682491/locations/asia-east1/workflows/msklad-pipeline-hourly/executions/65a938ac-cef2-4cba-b51a-cb394af4ffa7",
    "startTime": "2026-07-16T15:00:02.648152460Z",
    "state": "SUCCEEDED",
    "status": {
      "currentSteps": [
        {
          "routine": "main",
          "step": "return_result"
        }
      ]
    },
    "workflowRevisionId": "000003-f02"
  },
  {
    "createTime": "2026-07-16T14:00:02.337152690Z",
    "duration": "323.530226563s",
    "endTime": "2026-07-16T14:05:25.867379253Z",
    "name": "projects/420804682491/locations/asia-east1/workflows/msklad-pipeline-hourly/executions/7324dd66-2a27-4985-adf7-840a29766f29",
    "startTime": "2026-07-16T14:00:02.337152690Z",
    "state": "SUCCEEDED",
    "status": {
      "currentSteps": [
        {
          "routine": "main",
          "step": "return_result"
        }
      ]
    },
    "workflowRevisionId": "000003-f02"
  },
  {
    "createTime": "2026-07-16T13:00:02.538074643Z",
    "duration": "319.374258592s",
    "endTime": "2026-07-16T13:05:21.912333235Z",
    "name": "projects/420804682491/locations/asia-east1/workflows/msklad-pipeline-hourly/executions/217325de-6496-4169-8283-922888ac669d",
    "startTime": "2026-07-16T13:00:02.538074643Z",
    "state": "SUCCEEDED",
    "status": {
      "currentSteps": [
        {
          "routine": "main",
          "step": "return_result"
        }
      ]
    },
    "workflowRevisionId": "000003-f02"
  },
  {
    "createTime": "2026-07-16T12:00:02.647215676Z",
    "duration": "318.735819441s",
    "endTime": "2026-07-16T12:05:21.383035117Z",
    "name": "projects/420804682491/locations/asia-east1/workflows/msklad-pipeline-hourly/executions/1f0c109b-2990-483c-aad0-15e8c9edb232",
    "startTime": "2026-07-16T12:00:02.647215676Z",
    "state": "SUCCEEDED",
    "status": {
      "currentSteps": [
        {
          "routine": "main",
          "step": "return_result"
        }
      ]
    },
    "workflowRevisionId": "000003-f02"
  },
  {
    "createTime": "2026-07-16T11:00:02.987153165Z",
    "duration": "304.840222421s",
    "endTime": "2026-07-16T11:05:07.827375586Z",
    "name": "projects/420804682491/locations/asia-east1/workflows/msklad-pipeline-hourly/executions/c855820e-7bb8-4a62-9fb2-f80cb06aab67",
    "startTime": "2026-07-16T11:00:02.987153165Z",
    "state": "SUCCEEDED",
    "status": {
      "currentSteps": [
        {
          "routine": "main",
          "step": "return_result"
        }
      ]
    },
    "workflowRevisionId": "000003-f02"
  },
  {
    "createTime": "2026-07-16T10:00:02.292910774Z",
    "duration": "292.909706086s",
    "endTime": "2026-07-16T10:04:55.202616860Z",
    "name": "projects/420804682491/locations/asia-east1/workflows/msklad-pipeline-hourly/executions/ec8d765c-f7ee-4bdd-87ba-540076dc6325",
    "startTime": "2026-07-16T10:00:02.292910774Z",
    "state": "SUCCEEDED",
    "status": {
      "currentSteps": [
        {
          "routine": "main",
          "step": "return_result"
        }
      ]
    },
    "workflowRevisionId": "000003-f02"
  },
  {
    "createTime": "2026-07-16T09:00:02.680235351Z",
    "duration": "333.316832714s",
    "endTime": "2026-07-16T09:05:35.997068065Z",
    "name": "projects/420804682491/locations/asia-east1/workflows/msklad-pipeline-hourly/executions/6b279c23-64ac-4f76-ad43-027ac1fc089c",
    "startTime": "2026-07-16T09:00:02.680235351Z",
    "state": "SUCCEEDED",
    "status": {
      "currentSteps": [
        {
          "routine": "main",
          "step": "return_result"
        }
      ]
    },
    "workflowRevisionId": "000003-f02"
  },
  {
    "createTime": "2026-07-16T08:00:02.264414009Z",
    "duration": "309.826099575s",
    "endTime": "2026-07-16T08:05:12.090513584Z",
    "name": "projects/420804682491/locations/asia-east1/workflows/msklad-pipeline-hourly/executions/f2dcff70-31b4-477e-83d8-2365945dfbed",
    "startTime": "2026-07-16T08:00:02.264414009Z",
    "state": "SUCCEEDED",
    "status": {
      "currentSteps": [
        {
          "routine": "main",
          "step": "return_result"
        }
      ]
    },
    "workflowRevisionId": "000003-f02"
  },
  {
    "createTime": "2026-07-16T07:00:02.734009141Z",
    "duration": "315.827843439s",
    "endTime": "2026-07-16T07:05:18.561852580Z",
    "name": "projects/420804682491/locations/asia-east1/workflows/msklad-pipeline-hourly/executions/102fc830-1810-4c98-8068-978e92553efc",
    "startTime": "2026-07-16T07:00:02.734009141Z",
    "state": "SUCCEEDED",
    "status": {
      "currentSteps": [
        {
          "routine": "main",
          "step": "return_result"
        }
      ]
    },
    "workflowRevisionId": "000003-f02"
  },
  {
    "createTime": "2026-07-16T06:00:02.252550245Z",
    "duration": "307.062623787s",
    "endTime": "2026-07-16T06:05:09.315174032Z",
    "name": "projects/420804682491/locations/asia-east1/workflows/msklad-pipeline-hourly/executions/bab334bc-4251-4858-9acd-66c61b12cff1",
    "startTime": "2026-07-16T06:00:02.252550245Z",
    "state": "SUCCEEDED",
    "status": {
      "currentSteps": [
        {
          "routine": "main",
          "step": "return_result"
        }
      ]
    },
    "workflowRevisionId": "000003-f02"
  },
  {
    "createTime": "2026-07-16T05:00:02.608077797Z",
    "duration": "313.173947256s",
    "endTime": "2026-07-16T05:05:15.782025053Z",
    "name": "projects/420804682491/locations/asia-east1/workflows/msklad-pipeline-hourly/executions/b7b6d940-be9a-4b77-8778-cbce1acb4326",
    "startTime": "2026-07-16T05:00:02.608077797Z",
    "state": "SUCCEEDED",
    "status": {
      "currentSteps": [
        {
          "routine": "main",
          "step": "return_result"
        }
      ]
    },
    "workflowRevisionId": "000003-f02"
  },
  {
    "createTime": "2026-07-16T04:00:02.307037009Z",
    "duration": "292.665454451s",
    "endTime": "2026-07-16T04:04:54.972491460Z",
    "name": "projects/420804682491/locations/asia-east1/workflows/msklad-pipeline-hourly/executions/6672b5fa-9454-40ab-bb5b-dc8410f155e8",
    "startTime": "2026-07-16T04:00:02.307037009Z",
    "state": "SUCCEEDED",
    "status": {
      "currentSteps": [
        {
          "routine": "main",
          "step": "return_result"
        }
      ]
    },
    "workflowRevisionId": "000003-f02"
  },
  {
    "createTime": "2026-07-16T03:00:02.319194355Z",
    "duration": "298.864930359s",
    "endTime": "2026-07-16T03:05:01.184124714Z",
    "name": "projects/420804682491/locations/asia-east1/workflows/msklad-pipeline-hourly/executions/709f8364-6785-485e-b784-b34fef0a126e",
    "startTime": "2026-07-16T03:00:02.319194355Z",
    "state": "SUCCEEDED",
    "status": {
      "currentSteps": [
        {
          "routine": "main",
          "step": "return_result"
        }
      ]
    },
    "workflowRevisionId": "000003-f02"
  },
  {
    "createTime": "2026-07-16T02:00:02.245701973Z",
    "duration": "302.555041164s",
    "endTime": "2026-07-16T02:05:04.800743137Z",
    "name": "projects/420804682491/locations/asia-east1/workflows/msklad-pipeline-hourly/executions/4af338c2-0f96-4a7a-bcc5-07a96e869d3c",
    "startTime": "2026-07-16T02:00:02.245701973Z",
    "state": "SUCCEEDED",
    "status": {
      "currentSteps": [
        {
          "routine": "main",
          "step": "return_result"
        }
      ]
    },
    "workflowRevisionId": "000003-f02"
  },
  {
    "createTime": "2026-07-16T01:00:02.614251866Z",
    "duration": "306.647540361s",
    "endTime": "2026-07-16T01:05:09.261792227Z",
    "name": "projects/420804682491/locations/asia-east1/workflows/msklad-pipeline-hourly/executions/8969bc80-b274-410c-b09e-c992eb40c892",
    "startTime": "2026-07-16T01:00:02.614251866Z",
    "state": "SUCCEEDED",
    "status": {
      "currentSteps": [
        {
          "routine": "main",
          "step": "return_result"
        }
      ]
    },
    "workflowRevisionId": "000003-f02"
  },
  {
    "createTime": "2026-07-16T00:00:02.603206607Z",
    "duration": "312.697489923s",
    "endTime": "2026-07-16T00:05:15.300696530Z",
    "name": "projects/420804682491/locations/asia-east1/workflows/msklad-pipeline-hourly/executions/373729ae-a948-404c-870d-4e6f28f3bb6d",
    "startTime": "2026-07-16T00:00:02.603206607Z",
    "state": "SUCCEEDED",
    "status": {
      "currentSteps": [
        {
          "routine": "main",
          "step": "return_result"
        }
      ]
    },
    "workflowRevisionId": "000003-f02"
  },
  {
    "createTime": "2026-07-15T23:00:02.623083746Z",
    "duration": "297.857024752s",
    "endTime": "2026-07-15T23:05:00.480108498Z",
    "name": "projects/420804682491/locations/asia-east1/workflows/msklad-pipeline-hourly/executions/ed6852c5-98e3-4bd9-b842-c6204ea5e079",
    "startTime": "2026-07-15T23:00:02.623083746Z",
    "state": "SUCCEEDED",
    "status": {
      "currentSteps": [
        {
          "routine": "main",
          "step": "return_result"
        }
      ]
    },
    "workflowRevisionId": "000003-f02"
  },
  {
    "createTime": "2026-07-15T22:00:02.619797967Z",
    "duration": "315.343328160s",
    "endTime": "2026-07-15T22:05:17.963126127Z",
    "name": "projects/420804682491/locations/asia-east1/workflows/msklad-pipeline-hourly/executions/00f2b44a-f530-4e1f-8c32-9436af220877",
    "startTime": "2026-07-15T22:00:02.619797967Z",
    "state": "SUCCEEDED",
    "status": {
      "currentSteps": [
        {
          "routine": "main",
          "step": "return_result"
        }
      ]
    },
    "workflowRevisionId": "000003-f02"
  },
  {
    "createTime": "2026-07-15T21:00:02.578908277Z",
    "duration": "303.930152703s",
    "endTime": "2026-07-15T21:05:06.509060980Z",
    "name": "projects/420804682491/locations/asia-east1/workflows/msklad-pipeline-hourly/executions/eaebcd40-c6c1-46ea-8825-a7c4f57aa141",
    "startTime": "2026-07-15T21:00:02.578908277Z",
    "state": "SUCCEEDED",
    "status": {
      "currentSteps": [
        {
          "routine": "main",
          "step": "return_result"
        }
      ]
    },
    "workflowRevisionId": "000003-f02"
  },
  {
    "createTime": "2026-07-15T20:00:02.642155994Z",
    "duration": "282.547018970s",
    "endTime": "2026-07-15T20:04:45.189174964Z",
    "name": "projects/420804682491/locations/asia-east1/workflows/msklad-pipeline-hourly/executions/a3d9e5b4-3685-46aa-abae-cb6059b93434",
    "startTime": "2026-07-15T20:00:02.642155994Z",
    "state": "SUCCEEDED",
    "status": {
      "currentSteps": [
        {
          "routine": "main",
          "step": "return_result"
        }
      ]
    },
    "workflowRevisionId": "000003-f02"
  },
  {
    "createTime": "2026-07-15T19:00:02.516091332Z",
    "duration": "300.739125754s",
    "endTime": "2026-07-15T19:05:03.255217086Z",
    "name": "projects/420804682491/locations/asia-east1/workflows/msklad-pipeline-hourly/executions/942cb703-c1e9-4e03-b793-84a02c3fae36",
    "startTime": "2026-07-15T19:00:02.516091332Z",
    "state": "SUCCEEDED",
    "status": {
      "currentSteps": [
        {
          "routine": "main",
          "step": "return_result"
        }
      ]
    },
    "workflowRevisionId": "000003-f02"
  },
  {
    "createTime": "2026-07-15T18:00:02.581626799Z",
    "duration": "293.289418310s",
    "endTime": "2026-07-15T18:04:55.871045109Z",
    "name": "projects/420804682491/locations/asia-east1/workflows/msklad-pipeline-hourly/executions/1c58c47d-0472-4c71-a891-13573df80f35",
    "startTime": "2026-07-15T18:00:02.581626799Z",
    "state": "SUCCEEDED",
    "status": {
      "currentSteps": [
        {
          "routine": "main",
          "step": "return_result"
        }
      ]
    },
    "workflowRevisionId": "000003-f02"
  },
  {
    "createTime": "2026-07-15T17:00:02.551187672Z",
    "duration": "321.237961560s",
    "endTime": "2026-07-15T17:05:23.789149232Z",
    "name": "projects/420804682491/locations/asia-east1/workflows/msklad-pipeline-hourly/executions/f8dd8391-b668-4b6b-816f-2c0ff450a5c4",
    "startTime": "2026-07-15T17:00:02.551187672Z",
    "state": "SUCCEEDED",
    "status": {
      "currentSteps": [
        {
          "routine": "main",
          "step": "return_result"
        }
      ]
    },
    "workflowRevisionId": "000003-f02"
  },
  {
    "createTime": "2026-07-15T16:00:02.284683040Z",
    "duration": "301.332522178s",
    "endTime": "2026-07-15T16:05:03.617205218Z",
    "name": "projects/420804682491/locations/asia-east1/workflows/msklad-pipeline-hourly/executions/280f25bd-0599-4768-801a-0adafd77835c",
    "startTime": "2026-07-15T16:00:02.284683040Z",
    "state": "SUCCEEDED",
    "status": {
      "currentSteps": [
        {
          "routine": "main",
          "step": "return_result"
        }
      ]
    },
    "workflowRevisionId": "000003-f02"
  },
  {
    "createTime": "2026-07-15T15:00:02.588823968Z",
    "duration": "333.956805013s",
    "endTime": "2026-07-15T15:05:36.545628981Z",
    "name": "projects/420804682491/locations/asia-east1/workflows/msklad-pipeline-hourly/executions/b9e4d5f8-bf08-46ad-9b85-98320b91d0de",
    "startTime": "2026-07-15T15:00:02.588823968Z",
    "state": "SUCCEEDED",
    "status": {
      "currentSteps": [
        {
          "routine": "main",
          "step": "return_result"
        }
      ]
    },
    "workflowRevisionId": "000003-f02"
  },
  {
    "createTime": "2026-07-15T14:00:02.543659360Z",
    "duration": "322.417046460s",
    "endTime": "2026-07-15T14:05:24.960705820Z",
    "name": "projects/420804682491/locations/asia-east1/workflows/msklad-pipeline-hourly/executions/1bfed6be-5a1b-4227-bf6a-34093e033c89",
    "startTime": "2026-07-15T14:00:02.543659360Z",
    "state": "SUCCEEDED",
    "status": {
      "currentSteps": [
        {
          "routine": "main",
          "step": "return_result"
        }
      ]
    },
    "workflowRevisionId": "000003-f02"
  },
  {
    "createTime": "2026-07-15T13:00:02.269617570Z",
    "duration": "373.752324870s",
    "endTime": "2026-07-15T13:06:16.021942440Z",
    "name": "projects/420804682491/locations/asia-east1/workflows/msklad-pipeline-hourly/executions/bd850237-8416-400e-a1ff-4aa95f71d2d5",
    "startTime": "2026-07-15T13:00:02.269617570Z",
    "state": "SUCCEEDED",
    "status": {
      "currentSteps": [
        {
          "routine": "main",
          "step": "return_result"
        }
      ]
    },
    "workflowRevisionId": "000003-f02"
  },
  {
    "createTime": "2026-07-15T12:00:02.515784447Z",
    "duration": "342.861250322s",
    "endTime": "2026-07-15T12:05:45.377034769Z",
    "name": "projects/420804682491/locations/asia-east1/workflows/msklad-pipeline-hourly/executions/41dbdab6-b4a8-4d74-849f-d5b1dde6c57d",
    "startTime": "2026-07-15T12:00:02.515784447Z",
    "state": "SUCCEEDED",
    "status": {
      "currentSteps": [
        {
          "routine": "main",
          "step": "return_result"
        }
      ]
    },
    "workflowRevisionId": "000003-f02"
  },
  {
    "createTime": "2026-07-15T11:00:02.555732404Z",
    "duration": "332.445881892s",
    "endTime": "2026-07-15T11:05:35.001614296Z",
    "name": "projects/420804682491/locations/asia-east1/workflows/msklad-pipeline-hourly/executions/30ae9c1c-19d8-4533-a248-1d72c389dc1d",
    "startTime": "2026-07-15T11:00:02.555732404Z",
    "state": "SUCCEEDED",
    "status": {
      "currentSteps": [
        {
          "routine": "main",
          "step": "return_result"
        }
      ]
    },
    "workflowRevisionId": "000003-f02"
  },
  {
    "createTime": "2026-07-15T10:00:02.292534716Z",
    "duration": "339.497044936s",
    "endTime": "2026-07-15T10:05:41.789579652Z",
    "name": "projects/420804682491/locations/asia-east1/workflows/msklad-pipeline-hourly/executions/c1c8d5da-a979-4949-9e46-8544c54d220b",
    "startTime": "2026-07-15T10:00:02.292534716Z",
    "state": "SUCCEEDED",
    "status": {
      "currentSteps": [
        {
          "routine": "main",
          "step": "return_result"
        }
      ]
    },
    "workflowRevisionId": "000003-f02"
  },
  {
    "createTime": "2026-07-15T09:00:02.286964273Z",
    "duration": "344.357080033s",
    "endTime": "2026-07-15T09:05:46.644044306Z",
    "name": "projects/420804682491/locations/asia-east1/workflows/msklad-pipeline-hourly/executions/0d14ba58-1f50-4161-87ba-bf04835ba8d3",
    "startTime": "2026-07-15T09:00:02.286964273Z",
    "state": "SUCCEEDED",
    "status": {
      "currentSteps": [
        {
          "routine": "main",
          "step": "return_result"
        }
      ]
    },
    "workflowRevisionId": "000003-f02"
  },
  {
    "createTime": "2026-07-15T08:00:02.557956179Z",
    "duration": "311.638527951s",
    "endTime": "2026-07-15T08:05:14.196484130Z",
    "name": "projects/420804682491/locations/asia-east1/workflows/msklad-pipeline-hourly/executions/0da5730b-231e-4246-ad73-98886498622c",
    "startTime": "2026-07-15T08:00:02.557956179Z",
    "state": "SUCCEEDED",
    "status": {
      "currentSteps": [
        {
          "routine": "main",
          "step": "return_result"
        }
      ]
    },
    "workflowRevisionId": "000003-f02"
  },
  {
    "createTime": "2026-07-15T07:00:02.685883699Z",
    "duration": "334.666872603s",
    "endTime": "2026-07-15T07:05:37.352756302Z",
    "name": "projects/420804682491/locations/asia-east1/workflows/msklad-pipeline-hourly/executions/ac79d5ef-5396-4544-bac9-5059b94bcf5e",
    "startTime": "2026-07-15T07:00:02.685883699Z",
    "state": "SUCCEEDED",
    "status": {
      "currentSteps": [
        {
          "routine": "main",
          "step": "return_result"
        }
      ]
    },
    "workflowRevisionId": "000003-f02"
  },
  {
    "createTime": "2026-07-15T06:00:02.272638227Z",
    "duration": "323.292661787s",
    "endTime": "2026-07-15T06:05:25.565300014Z",
    "name": "projects/420804682491/locations/asia-east1/workflows/msklad-pipeline-hourly/executions/751b8db3-e20f-4921-ae5e-382a74d015d1",
    "startTime": "2026-07-15T06:00:02.272638227Z",
    "state": "SUCCEEDED",
    "status": {
      "currentSteps": [
        {
          "routine": "main",
          "step": "return_result"
        }
      ]
    },
    "workflowRevisionId": "000003-f02"
  },
  {
    "createTime": "2026-07-15T05:00:02.627273593Z",
    "duration": "306.737438066s",
    "endTime": "2026-07-15T05:05:09.364711659Z",
    "name": "projects/420804682491/locations/asia-east1/workflows/msklad-pipeline-hourly/executions/7cfeaa59-39ea-4c35-b726-4798e8142de9",
    "startTime": "2026-07-15T05:00:02.627273593Z",
    "state": "SUCCEEDED",
    "status": {
      "currentSteps": [
        {
          "routine": "main",
          "step": "return_result"
        }
      ]
    },
    "workflowRevisionId": "000003-f02"
  },
  {
    "createTime": "2026-07-15T04:00:02.295979643Z",
    "duration": "289.662583035s",
    "endTime": "2026-07-15T04:04:51.958562678Z",
    "name": "projects/420804682491/locations/asia-east1/workflows/msklad-pipeline-hourly/executions/2aad2a1c-f63f-4373-a175-6ebc7edeb804",
    "startTime": "2026-07-15T04:00:02.295979643Z",
    "state": "SUCCEEDED",
    "status": {
      "currentSteps": [
        {
          "routine": "main",
          "step": "return_result"
        }
      ]
    },
    "workflowRevisionId": "000003-f02"
  },
  {
    "createTime": "2026-07-15T03:00:02.307218109Z",
    "duration": "299.432167343s",
    "endTime": "2026-07-15T03:05:01.739385452Z",
    "name": "projects/420804682491/locations/asia-east1/workflows/msklad-pipeline-hourly/executions/82b7840a-fcb3-4897-aef4-d3563e85976f",
    "startTime": "2026-07-15T03:00:02.307218109Z",
    "state": "SUCCEEDED",
    "status": {
      "currentSteps": [
        {
          "routine": "main",
          "step": "return_result"
        }
      ]
    },
    "workflowRevisionId": "000003-f02"
  },
  {
    "createTime": "2026-07-15T02:00:02.301254501Z",
    "duration": "302.237724410s",
    "endTime": "2026-07-15T02:05:04.538978911Z",
    "name": "projects/420804682491/locations/asia-east1/workflows/msklad-pipeline-hourly/executions/d450447c-f3a0-4e4d-9b33-85022b5138a8",
    "startTime": "2026-07-15T02:00:02.301254501Z",
    "state": "SUCCEEDED",
    "status": {
      "currentSteps": [
        {
          "routine": "main",
          "step": "return_result"
        }
      ]
    },
    "workflowRevisionId": "000003-f02"
  },
  {
    "createTime": "2026-07-15T01:00:02.404889152Z",
    "duration": "324.411185050s",
    "endTime": "2026-07-15T01:05:26.816074202Z",
    "name": "projects/420804682491/locations/asia-east1/workflows/msklad-pipeline-hourly/executions/df3d818c-7600-42e0-937a-7123df175dba",
    "startTime": "2026-07-15T01:00:02.404889152Z",
    "state": "SUCCEEDED",
    "status": {
      "currentSteps": [
        {
          "routine": "main",
          "step": "return_result"
        }
      ]
    },
    "workflowRevisionId": "000003-f02"
  },
  {
    "createTime": "2026-07-15T00:00:02.683699760Z",
    "duration": "290.235865633s",
    "endTime": "2026-07-15T00:04:52.919565393Z",
    "name": "projects/420804682491/locations/asia-east1/workflows/msklad-pipeline-hourly/executions/a717d953-3b29-47fd-9ed3-ee7f7491c81c",
    "startTime": "2026-07-15T00:00:02.683699760Z",
    "state": "SUCCEEDED",
    "status": {
      "currentSteps": [
        {
          "routine": "main",
          "step": "return_result"
        }
      ]
    },
    "workflowRevisionId": "000003-f02"
  },
  {
    "createTime": "2026-07-14T23:00:02.581991999Z",
    "duration": "320.460868320s",
    "endTime": "2026-07-14T23:05:23.042860319Z",
    "name": "projects/420804682491/locations/asia-east1/workflows/msklad-pipeline-hourly/executions/363c2a83-9012-4a71-ad24-3c3aca24197b",
    "startTime": "2026-07-14T23:00:02.581991999Z",
    "state": "SUCCEEDED",
    "status": {
      "currentSteps": [
        {
          "routine": "main",
          "step": "return_result"
        }
      ]
    },
    "workflowRevisionId": "000003-f02"
  },
  {
    "createTime": "2026-07-14T22:00:02.580921825Z",
    "duration": "294.835281917s",
    "endTime": "2026-07-14T22:04:57.416203742Z",
    "name": "projects/420804682491/locations/asia-east1/workflows/msklad-pipeline-hourly/executions/ebc33fc9-e3aa-4051-815e-0be0313dfdcc",
    "startTime": "2026-07-14T22:00:02.580921825Z",
    "state": "SUCCEEDED",
    "status": {
      "currentSteps": [
        {
          "routine": "main",
          "step": "return_result"
        }
      ]
    },
    "workflowRevisionId": "000003-f02"
  },
  {
    "createTime": "2026-07-14T21:00:01.970544814Z",
    "duration": "357.878547894s",
    "endTime": "2026-07-14T21:05:59.849092708Z",
    "name": "projects/420804682491/locations/asia-east1/workflows/msklad-pipeline-hourly/executions/718f9538-5b80-4b6a-9fe5-da373fccb787",
    "startTime": "2026-07-14T21:00:01.970544814Z",
    "state": "SUCCEEDED",
    "status": {
      "currentSteps": [
        {
          "routine": "main",
          "step": "return_result"
        }
      ]
    },
    "workflowRevisionId": "000003-f02"
  },
  {
    "createTime": "2026-07-14T20:00:02.378574140Z",
    "duration": "337.130478952s",
    "endTime": "2026-07-14T20:05:39.509053092Z",
    "name": "projects/420804682491/locations/asia-east1/workflows/msklad-pipeline-hourly/executions/17e71b6e-10ac-477f-94b4-a2a9b5ed5b5a",
    "startTime": "2026-07-14T20:00:02.378574140Z",
    "state": "SUCCEEDED",
    "status": {
      "currentSteps": [
        {
          "routine": "main",
          "step": "return_result"
        }
      ]
    },
    "workflowRevisionId": "000003-f02"
  },
  {
    "createTime": "2026-07-14T19:00:02.637259502Z",
    "duration": "321.922905316s",
    "endTime": "2026-07-14T19:05:24.560164818Z",
    "name": "projects/420804682491/locations/asia-east1/workflows/msklad-pipeline-hourly/executions/6428eae9-e95a-4437-9ba9-742dbf4a7a9c",
    "startTime": "2026-07-14T19:00:02.637259502Z",
    "state": "SUCCEEDED",
    "status": {
      "currentSteps": [
        {
          "routine": "main",
          "step": "return_result"
        }
      ]
    },
    "workflowRevisionId": "000003-f02"
  },
  {
    "createTime": "2026-07-14T18:00:02.286246874Z",
    "duration": "325.693847105s",
    "endTime": "2026-07-14T18:05:27.980093979Z",
    "name": "projects/420804682491/locations/asia-east1/workflows/msklad-pipeline-hourly/executions/c544b780-24ac-4696-9eed-a2e9074d993d",
    "startTime": "2026-07-14T18:00:02.286246874Z",
    "state": "SUCCEEDED",
    "status": {
      "currentSteps": [
        {
          "routine": "main",
          "step": "return_result"
        }
      ]
    },
    "workflowRevisionId": "000003-f02"
  },
  {
    "createTime": "2026-07-14T17:00:02.377731966Z",
    "duration": "320.953517107s",
    "endTime": "2026-07-14T17:05:23.331249073Z",
    "name": "projects/420804682491/locations/asia-east1/workflows/msklad-pipeline-hourly/executions/1a18c088-3ae0-4b65-8db5-3104df5e6a75",
    "startTime": "2026-07-14T17:00:02.377731966Z",
    "state": "SUCCEEDED",
    "status": {
      "currentSteps": [
        {
          "routine": "main",
          "step": "return_result"
        }
      ]
    },
    "workflowRevisionId": "000003-f02"
  },
  {
    "createTime": "2026-07-14T16:00:02.657355647Z",
    "duration": "320.383200920s",
    "endTime": "2026-07-14T16:05:23.040556567Z",
    "name": "projects/420804682491/locations/asia-east1/workflows/msklad-pipeline-hourly/executions/dc1a6406-d709-4738-a0f8-8399ffb2a5be",
    "startTime": "2026-07-14T16:00:02.657355647Z",
    "state": "SUCCEEDED",
    "status": {
      "currentSteps": [
        {
          "routine": "main",
          "step": "return_result"
        }
      ]
    },
    "workflowRevisionId": "000003-f02"
  },
  {
    "createTime": "2026-07-14T15:00:02.659859111Z",
    "duration": "333.327409205s",
    "endTime": "2026-07-14T15:05:35.987268316Z",
    "name": "projects/420804682491/locations/asia-east1/workflows/msklad-pipeline-hourly/executions/d5c0d69a-3a33-4432-bc7c-9b0326d60654",
    "startTime": "2026-07-14T15:00:02.659859111Z",
    "state": "SUCCEEDED",
    "status": {
      "currentSteps": [
        {
          "routine": "main",
          "step": "return_result"
        }
      ]
    },
    "workflowRevisionId": "000003-f02"
  },
  {
    "createTime": "2026-07-14T14:00:02.592631389Z",
    "duration": "329.079174349s",
    "endTime": "2026-07-14T14:05:31.671805738Z",
    "name": "projects/420804682491/locations/asia-east1/workflows/msklad-pipeline-hourly/executions/b20cefdd-6b51-412d-bed0-4cd31cd97513",
    "startTime": "2026-07-14T14:00:02.592631389Z",
    "state": "SUCCEEDED",
    "status": {
      "currentSteps": [
        {
          "routine": "main",
          "step": "return_result"
        }
      ]
    },
    "workflowRevisionId": "000003-f02"
  },
  {
    "createTime": "2026-07-14T13:00:02.583496915Z",
    "duration": "356.329633901s",
    "endTime": "2026-07-14T13:05:58.913130816Z",
    "name": "projects/420804682491/locations/asia-east1/workflows/msklad-pipeline-hourly/executions/f9091985-6a5b-4a7d-afa1-54420c27a9fa",
    "startTime": "2026-07-14T13:00:02.583496915Z",
    "state": "SUCCEEDED",
    "status": {
      "currentSteps": [
        {
          "routine": "main",
          "step": "return_result"
        }
      ]
    },
    "workflowRevisionId": "000003-f02"
  },
  {
    "createTime": "2026-07-14T12:00:02.558446739Z",
    "duration": "37.252810872s",
    "endTime": "2026-07-14T12:00:39.811257611Z",
    "name": "projects/420804682491/locations/asia-east1/workflows/msklad-pipeline-hourly/executions/382dac8c-d893-42a1-947d-8c0718619677",
    "startTime": "2026-07-14T12:00:02.558446739Z",
    "state": "FAILED",
    "status": {
      "currentSteps": [
        {
          "routine": "main",
          "step": "raise_dim"
        }
      ]
    },
    "workflowRevisionId": "000003-f02"
  },
  {
    "createTime": "2026-07-14T11:00:02.615961913Z",
    "duration": "346.363794345s",
    "endTime": "2026-07-14T11:05:48.979756258Z",
    "name": "projects/420804682491/locations/asia-east1/workflows/msklad-pipeline-hourly/executions/5c6080f6-11c7-4fc9-a639-c11a2ad53cc2",
    "startTime": "2026-07-14T11:00:02.615961913Z",
    "state": "SUCCEEDED",
    "status": {
      "currentSteps": [
        {
          "routine": "main",
          "step": "return_result"
        }
      ]
    },
    "workflowRevisionId": "000003-f02"
  },
  {
    "createTime": "2026-07-14T10:00:02.601590648Z",
    "duration": "329.714526498s",
    "endTime": "2026-07-14T10:05:32.316117146Z",
    "name": "projects/420804682491/locations/asia-east1/workflows/msklad-pipeline-hourly/executions/44491812-ac6e-44c2-9297-240b7450261d",
    "startTime": "2026-07-14T10:00:02.601590648Z",
    "state": "SUCCEEDED",
    "status": {
      "currentSteps": [
        {
          "routine": "main",
          "step": "return_result"
        }
      ]
    },
    "workflowRevisionId": "000003-f02"
  },
  {
    "createTime": "2026-07-14T09:00:02.647393840Z",
    "duration": "352.490802778s",
    "endTime": "2026-07-14T09:05:55.138196618Z",
    "name": "projects/420804682491/locations/asia-east1/workflows/msklad-pipeline-hourly/executions/070bd19c-3461-4883-b49b-2b230462b13b",
    "startTime": "2026-07-14T09:00:02.647393840Z",
    "state": "SUCCEEDED",
    "status": {
      "currentSteps": [
        {
          "routine": "main",
          "step": "return_result"
        }
      ]
    },
    "workflowRevisionId": "000003-f02"
  },
  {
    "createTime": "2026-07-14T08:00:02.594270264Z",
    "duration": "361.570722106s",
    "endTime": "2026-07-14T08:06:04.164992370Z",
    "name": "projects/420804682491/locations/asia-east1/workflows/msklad-pipeline-hourly/executions/d2aafaec-c131-40f3-9dd4-7093d46c5f54",
    "startTime": "2026-07-14T08:00:02.594270264Z",
    "state": "SUCCEEDED",
    "status": {
      "currentSteps": [
        {
          "routine": "main",
          "step": "return_result"
        }
      ]
    },
    "workflowRevisionId": "000003-f02"
  },
  {
    "createTime": "2026-07-14T07:00:02.625634678Z",
    "duration": "325.523459360s",
    "endTime": "2026-07-14T07:05:28.149094038Z",
    "name": "projects/420804682491/locations/asia-east1/workflows/msklad-pipeline-hourly/executions/26bb7605-55ac-4c12-809e-791e882af695",
    "startTime": "2026-07-14T07:00:02.625634678Z",
    "state": "SUCCEEDED",
    "status": {
      "currentSteps": [
        {
          "routine": "main",
          "step": "return_result"
        }
      ]
    },
    "workflowRevisionId": "000003-f02"
  },
  {
    "createTime": "2026-07-14T06:00:02.294461906Z",
    "duration": "321.919881476s",
    "endTime": "2026-07-14T06:05:24.214343382Z",
    "name": "projects/420804682491/locations/asia-east1/workflows/msklad-pipeline-hourly/executions/f3233323-fb76-4010-af2c-084bad86bed0",
    "startTime": "2026-07-14T06:00:02.294461906Z",
    "state": "SUCCEEDED",
    "status": {
      "currentSteps": [
        {
          "routine": "main",
          "step": "return_result"
        }
      ]
    },
    "workflowRevisionId": "000003-f02"
  },
  {
    "createTime": "2026-07-14T05:00:02.580247092Z",
    "duration": "341.100552075s",
    "endTime": "2026-07-14T05:05:43.680799167Z",
    "name": "projects/420804682491/locations/asia-east1/workflows/msklad-pipeline-hourly/executions/1db30678-9f17-49e2-901f-e4881dc111fe",
    "startTime": "2026-07-14T05:00:02.580247092Z",
    "state": "SUCCEEDED",
    "status": {
      "currentSteps": [
        {
          "routine": "main",
          "step": "return_result"
        }
      ]
    },
    "workflowRevisionId": "000003-f02"
  },
  {
    "createTime": "2026-07-14T04:00:02.610567572Z",
    "duration": "296.153065784s",
    "endTime": "2026-07-14T04:04:58.763633356Z",
    "name": "projects/420804682491/locations/asia-east1/workflows/msklad-pipeline-hourly/executions/3169df00-cfd5-404f-ae3b-3d492c5ff787",
    "startTime": "2026-07-14T04:00:02.610567572Z",
    "state": "SUCCEEDED",
    "status": {
      "currentSteps": [
        {
          "routine": "main",
          "step": "return_result"
        }
      ]
    },
    "workflowRevisionId": "000003-f02"
  },
  {
    "createTime": "2026-07-14T03:00:02.382846489Z",
    "duration": "295.632025738s",
    "endTime": "2026-07-14T03:04:58.014872227Z",
    "name": "projects/420804682491/locations/asia-east1/workflows/msklad-pipeline-hourly/executions/343bfe09-f70d-46c7-a88a-5ebd9fabf9e8",
    "startTime": "2026-07-14T03:00:02.382846489Z",
    "state": "SUCCEEDED",
    "status": {
      "currentSteps": [
        {
          "routine": "main",
          "step": "return_result"
        }
      ]
    },
    "workflowRevisionId": "000003-f02"
  },
  {
    "createTime": "2026-07-14T02:00:02.189810203Z",
    "duration": "312.631315110s",
    "endTime": "2026-07-14T02:05:14.821125313Z",
    "name": "projects/420804682491/locations/asia-east1/workflows/msklad-pipeline-hourly/executions/e27d9b97-c485-47e2-b385-4e62c5e0441c",
    "startTime": "2026-07-14T02:00:02.189810203Z",
    "state": "SUCCEEDED",
    "status": {
      "currentSteps": [
        {
          "routine": "main",
          "step": "return_result"
        }
      ]
    },
    "workflowRevisionId": "000003-f02"
  },
  {
    "createTime": "2026-07-14T01:00:02.485804490Z",
    "duration": "300.585636440s",
    "endTime": "2026-07-14T01:05:03.071440930Z",
    "name": "projects/420804682491/locations/asia-east1/workflows/msklad-pipeline-hourly/executions/8c5a5409-5f30-4ce7-b8b2-01c57247dbfa",
    "startTime": "2026-07-14T01:00:02.485804490Z",
    "state": "SUCCEEDED",
    "status": {
      "currentSteps": [
        {
          "routine": "main",
          "step": "return_result"
        }
      ]
    },
    "workflowRevisionId": "000003-f02"
  },
  {
    "createTime": "2026-07-14T00:00:02.689329664Z",
    "duration": "287.689433733s",
    "endTime": "2026-07-14T00:04:50.378763397Z",
    "name": "projects/420804682491/locations/asia-east1/workflows/msklad-pipeline-hourly/executions/0f7f10bd-0d63-4f5a-990f-680df05bb692",
    "startTime": "2026-07-14T00:00:02.689329664Z",
    "state": "SUCCEEDED",
    "status": {
      "currentSteps": [
        {
          "routine": "main",
          "step": "return_result"
        }
      ]
    },
    "workflowRevisionId": "000003-f02"
  },
  {
    "createTime": "2026-07-13T23:00:02.526075111Z",
    "duration": "307.297546028s",
    "endTime": "2026-07-13T23:05:09.823621139Z",
    "name": "projects/420804682491/locations/asia-east1/workflows/msklad-pipeline-hourly/executions/98067900-c456-4cd7-96ae-ee60d3f7187c",
    "startTime": "2026-07-13T23:00:02.526075111Z",
    "state": "SUCCEEDED",
    "status": {
      "currentSteps": [
        {
          "routine": "main",
          "step": "return_result"
        }
      ]
    },
    "workflowRevisionId": "000003-f02"
  },
  {
    "createTime": "2026-07-13T22:00:02.485247064Z",
    "duration": "297.947615669s",
    "endTime": "2026-07-13T22:05:00.432862733Z",
    "name": "projects/420804682491/locations/asia-east1/workflows/msklad-pipeline-hourly/executions/22518449-5b8c-4c4c-a899-0cc246eae768",
    "startTime": "2026-07-13T22:00:02.485247064Z",
    "state": "SUCCEEDED",
    "status": {
      "currentSteps": [
        {
          "routine": "main",
          "step": "return_result"
        }
      ]
    },
    "workflowRevisionId": "000003-f02"
  },
  {
    "createTime": "2026-07-13T21:00:02.624126915Z",
    "duration": "303.677010754s",
    "endTime": "2026-07-13T21:05:06.301137669Z",
    "name": "projects/420804682491/locations/asia-east1/workflows/msklad-pipeline-hourly/executions/b5824b5a-c0d8-4abf-a5e9-a436ee06f1cb",
    "startTime": "2026-07-13T21:00:02.624126915Z",
    "state": "SUCCEEDED",
    "status": {
      "currentSteps": [
        {
          "routine": "main",
          "step": "return_result"
        }
      ]
    },
    "workflowRevisionId": "000003-f02"
  },
  {
    "createTime": "2026-07-13T20:00:02.317072204Z",
    "duration": "297.429822204s",
    "endTime": "2026-07-13T20:04:59.746894408Z",
    "name": "projects/420804682491/locations/asia-east1/workflows/msklad-pipeline-hourly/executions/f1a1f7aa-8824-4c7f-adfd-d74f5cfd9b01",
    "startTime": "2026-07-13T20:00:02.317072204Z",
    "state": "SUCCEEDED",
    "status": {
      "currentSteps": [
        {
          "routine": "main",
          "step": "return_result"
        }
      ]
    },
    "workflowRevisionId": "000003-f02"
  },
  {
    "createTime": "2026-07-13T19:00:02.755774354Z",
    "duration": "290.704895814s",
    "endTime": "2026-07-13T19:04:53.460670168Z",
    "name": "projects/420804682491/locations/asia-east1/workflows/msklad-pipeline-hourly/executions/25227771-8791-4699-adb0-6eed6c9f8ec5",
    "startTime": "2026-07-13T19:00:02.755774354Z",
    "state": "SUCCEEDED",
    "status": {
      "currentSteps": [
        {
          "routine": "main",
          "step": "return_result"
        }
      ]
    },
    "workflowRevisionId": "000003-f02"
  },
  {
    "createTime": "2026-07-13T18:00:02.535595758Z",
    "duration": "312.208007807s",
    "endTime": "2026-07-13T18:05:14.743603565Z",
    "name": "projects/420804682491/locations/asia-east1/workflows/msklad-pipeline-hourly/executions/0ccc6fe5-d87f-46d3-bdea-aa6c9313bc17",
    "startTime": "2026-07-13T18:00:02.535595758Z",
    "state": "SUCCEEDED",
    "status": {
      "currentSteps": [
        {
          "routine": "main",
          "step": "return_result"
        }
      ]
    },
    "workflowRevisionId": "000003-f02"
  },
  {
    "createTime": "2026-07-13T17:00:02.239789108Z",
    "duration": "305.334991388s",
    "endTime": "2026-07-13T17:05:07.574780496Z",
    "name": "projects/420804682491/locations/asia-east1/workflows/msklad-pipeline-hourly/executions/e6fddafd-c599-4d12-a582-404219d40b38",
    "startTime": "2026-07-13T17:00:02.239789108Z",
    "state": "SUCCEEDED",
    "status": {
      "currentSteps": [
        {
          "routine": "main",
          "step": "return_result"
        }
      ]
    },
    "workflowRevisionId": "000003-f02"
  },
  {
    "createTime": "2026-07-13T16:00:02.589413378Z",
    "duration": "312.059430209s",
    "endTime": "2026-07-13T16:05:14.648843587Z",
    "name": "projects/420804682491/locations/asia-east1/workflows/msklad-pipeline-hourly/executions/e3c51af0-67d7-41cb-bf2e-dc8a7d22748f",
    "startTime": "2026-07-13T16:00:02.589413378Z",
    "state": "SUCCEEDED",
    "status": {
      "currentSteps": [
        {
          "routine": "main",
          "step": "return_result"
        }
      ]
    },
    "workflowRevisionId": "000003-f02"
  },
  {
    "createTime": "2026-07-13T15:00:02.543129861Z",
    "duration": "314.719049754s",
    "endTime": "2026-07-13T15:05:17.262179615Z",
    "name": "projects/420804682491/locations/asia-east1/workflows/msklad-pipeline-hourly/executions/49a24ede-1da2-4782-901c-a4d118985bca",
    "startTime": "2026-07-13T15:00:02.543129861Z",
    "state": "SUCCEEDED",
    "status": {
      "currentSteps": [
        {
          "routine": "main",
          "step": "return_result"
        }
      ]
    },
    "workflowRevisionId": "000003-f02"
  },
  {
    "createTime": "2026-07-13T14:00:02.300481292Z",
    "duration": "314.500946696s",
    "endTime": "2026-07-13T14:05:16.801427988Z",
    "name": "projects/420804682491/locations/asia-east1/workflows/msklad-pipeline-hourly/executions/f121fafa-c28d-4c73-9e97-9dea116fc150",
    "startTime": "2026-07-13T14:00:02.300481292Z",
    "state": "SUCCEEDED",
    "status": {
      "currentSteps": [
        {
          "routine": "main",
          "step": "return_result"
        }
      ]
    },
    "workflowRevisionId": "000003-f02"
  },
  {
    "createTime": "2026-07-13T13:00:02.353960996Z",
    "duration": "334.188004447s",
    "endTime": "2026-07-13T13:05:36.541965443Z",
    "name": "projects/420804682491/locations/asia-east1/workflows/msklad-pipeline-hourly/executions/ffa138b1-ddb4-4500-88dd-bd0c668a72e2",
    "startTime": "2026-07-13T13:00:02.353960996Z",
    "state": "SUCCEEDED",
    "status": {
      "currentSteps": [
        {
          "routine": "main",
          "step": "return_result"
        }
      ]
    },
    "workflowRevisionId": "000003-f02"
  },
  {
    "createTime": "2026-07-13T12:00:02.341140416Z",
    "duration": "341.120288035s",
    "endTime": "2026-07-13T12:05:43.461428451Z",
    "name": "projects/420804682491/locations/asia-east1/workflows/msklad-pipeline-hourly/executions/b51b4943-41e0-4ea5-917d-ee945fed9b62",
    "startTime": "2026-07-13T12:00:02.341140416Z",
    "state": "SUCCEEDED",
    "status": {
      "currentSteps": [
        {
          "routine": "main",
          "step": "return_result"
        }
      ]
    },
    "workflowRevisionId": "000003-f02"
  },
  {
    "createTime": "2026-07-13T11:00:02.551374931Z",
    "duration": "314.613031063s",
    "endTime": "2026-07-13T11:05:17.164405994Z",
    "name": "projects/420804682491/locations/asia-east1/workflows/msklad-pipeline-hourly/executions/ceaeda2a-d0ff-4eec-b8b5-ac738598e17a",
    "startTime": "2026-07-13T11:00:02.551374931Z",
    "state": "SUCCEEDED",
    "status": {
      "currentSteps": [
        {
          "routine": "main",
          "step": "return_result"
        }
      ]
    },
    "workflowRevisionId": "000003-f02"
  },
  {
    "createTime": "2026-07-13T10:00:02.591906300Z",
    "duration": "316.553865128s",
    "endTime": "2026-07-13T10:05:19.145771428Z",
    "name": "projects/420804682491/locations/asia-east1/workflows/msklad-pipeline-hourly/executions/6d66f7cf-4d0c-4a06-b478-5c44dab88c19",
    "startTime": "2026-07-13T10:00:02.591906300Z",
    "state": "SUCCEEDED",
    "status": {
      "currentSteps": [
        {
          "routine": "main",
          "step": "return_result"
        }
      ]
    },
    "workflowRevisionId": "000003-f02"
  },
  {
    "createTime": "2026-07-13T09:00:02.552734725Z",
    "duration": "344.045949201s",
    "endTime": "2026-07-13T09:05:46.598683926Z",
    "name": "projects/420804682491/locations/asia-east1/workflows/msklad-pipeline-hourly/executions/71660eb5-5c43-445e-baaa-ec8af0f62c86",
    "startTime": "2026-07-13T09:00:02.552734725Z",
    "state": "SUCCEEDED",
    "status": {
      "currentSteps": [
        {
          "routine": "main",
          "step": "return_result"
        }
      ]
    },
    "workflowRevisionId": "000003-f02"
  },
  {
    "createTime": "2026-07-13T08:00:02.313915747Z",
    "duration": "331.157938946s",
    "endTime": "2026-07-13T08:05:33.471854693Z",
    "name": "projects/420804682491/locations/asia-east1/workflows/msklad-pipeline-hourly/executions/e3978744-a5d4-4635-a12f-da50cf88c9bd",
    "startTime": "2026-07-13T08:00:02.313915747Z",
    "state": "SUCCEEDED",
    "status": {
      "currentSteps": [
        {
          "routine": "main",
          "step": "return_result"
        }
      ]
    },
    "workflowRevisionId": "000003-f02"
  },
  {
    "createTime": "2026-07-13T07:00:02.632994088Z",
    "duration": "315.648801480s",
    "endTime": "2026-07-13T07:05:18.281795568Z",
    "name": "projects/420804682491/locations/asia-east1/workflows/msklad-pipeline-hourly/executions/d1ee20fc-e452-4458-84f5-b5da6a688db4",
    "startTime": "2026-07-13T07:00:02.632994088Z",
    "state": "SUCCEEDED",
    "status": {
      "currentSteps": [
        {
          "routine": "main",
          "step": "return_result"
        }
      ]
    },
    "workflowRevisionId": "000003-f02"
  },
  {
    "createTime": "2026-07-13T06:00:02.278422269Z",
    "duration": "300.537940691s",
    "endTime": "2026-07-13T06:05:02.816362960Z",
    "name": "projects/420804682491/locations/asia-east1/workflows/msklad-pipeline-hourly/executions/66dbfb24-5340-4637-95be-97a87ae84b5a",
    "startTime": "2026-07-13T06:00:02.278422269Z",
    "state": "SUCCEEDED",
    "status": {
      "currentSteps": [
        {
          "routine": "main",
          "step": "return_result"
        }
      ]
    },
    "workflowRevisionId": "000003-f02"
  },
  {
    "createTime": "2026-07-13T05:00:02.661563479Z",
    "duration": "287.192401302s",
    "endTime": "2026-07-13T05:04:49.853964781Z",
    "name": "projects/420804682491/locations/asia-east1/workflows/msklad-pipeline-hourly/executions/dbe2b7cd-086e-4d9c-8753-3a78f2601ba7",
    "startTime": "2026-07-13T05:00:02.661563479Z",
    "state": "SUCCEEDED",
    "status": {
      "currentSteps": [
        {
          "routine": "main",
          "step": "return_result"
        }
      ]
    },
    "workflowRevisionId": "000003-f02"
  },
  {
    "createTime": "2026-07-13T04:00:02.603747599Z",
    "duration": "311.143893988s",
    "endTime": "2026-07-13T04:05:13.747641587Z",
    "name": "projects/420804682491/locations/asia-east1/workflows/msklad-pipeline-hourly/executions/f0c5ba15-0073-4c20-8cf7-2a2675103bc7",
    "startTime": "2026-07-13T04:00:02.603747599Z",
    "state": "SUCCEEDED",
    "status": {
      "currentSteps": [
        {
          "routine": "main",
          "step": "return_result"
        }
      ]
    },
    "workflowRevisionId": "000003-f02"
  },
  {
    "createTime": "2026-07-13T03:00:02.567556806Z",
    "duration": "314.026510124s",
    "endTime": "2026-07-13T03:05:16.594066930Z",
    "name": "projects/420804682491/locations/asia-east1/workflows/msklad-pipeline-hourly/executions/79360827-52cc-415a-b6a2-67bc83abfc2d",
    "startTime": "2026-07-13T03:00:02.567556806Z",
    "state": "SUCCEEDED",
    "status": {
      "currentSteps": [
        {
          "routine": "main",
          "step": "return_result"
        }
      ]
    },
    "workflowRevisionId": "000003-f02"
  },
  {
    "createTime": "2026-07-13T02:00:02.566884516Z",
    "duration": "280.076341371s",
    "endTime": "2026-07-13T02:04:42.643225887Z",
    "name": "projects/420804682491/locations/asia-east1/workflows/msklad-pipeline-hourly/executions/25282cc9-90c5-45bb-8966-595c079a515d",
    "startTime": "2026-07-13T02:00:02.566884516Z",
    "state": "SUCCEEDED",
    "status": {
      "currentSteps": [
        {
          "routine": "main",
          "step": "return_result"
        }
      ]
    },
    "workflowRevisionId": "000003-f02"
  },
  {
    "createTime": "2026-07-13T01:00:02.571324553Z",
    "duration": "278.661885272s",
    "endTime": "2026-07-13T01:04:41.233209825Z",
    "name": "projects/420804682491/locations/asia-east1/workflows/msklad-pipeline-hourly/executions/3ff89697-e2a3-403d-9262-708588b36fa2",
    "startTime": "2026-07-13T01:00:02.571324553Z",
    "state": "SUCCEEDED",
    "status": {
      "currentSteps": [
        {
          "routine": "main",
          "step": "return_result"
        }
      ]
    },
    "workflowRevisionId": "000003-f02"
  },
  {
    "createTime": "2026-07-13T00:00:02.658478352Z",
    "duration": "296.784638037s",
    "endTime": "2026-07-13T00:04:59.443116389Z",
    "name": "projects/420804682491/locations/asia-east1/workflows/msklad-pipeline-hourly/executions/5fa764a7-f8c7-4d80-a006-6b749dc69f1b",
    "startTime": "2026-07-13T00:00:02.658478352Z",
    "state": "SUCCEEDED",
    "status": {
      "currentSteps": [
        {
          "routine": "main",
          "step": "return_result"
        }
      ]
    },
    "workflowRevisionId": "000003-f02"
  },
  {
    "createTime": "2026-07-12T23:00:02.293553792Z",
    "duration": "290.244267569s",
    "endTime": "2026-07-12T23:04:52.537821361Z",
    "name": "projects/420804682491/locations/asia-east1/workflows/msklad-pipeline-hourly/executions/b664da2a-220b-4959-8d5c-f99b151ebd49",
    "startTime": "2026-07-12T23:00:02.293553792Z",
    "state": "SUCCEEDED",
    "status": {
      "currentSteps": [
        {
          "routine": "main",
          "step": "return_result"
        }
      ]
    },
    "workflowRevisionId": "000003-f02"
  },
  {
    "createTime": "2026-07-12T22:00:02.334812923Z",
    "duration": "284.118004692s",
    "endTime": "2026-07-12T22:04:46.452817615Z",
    "name": "projects/420804682491/locations/asia-east1/workflows/msklad-pipeline-hourly/executions/fa6ad38c-adc2-46f5-ad6d-236599e60c95",
    "startTime": "2026-07-12T22:00:02.334812923Z",
    "state": "SUCCEEDED",
    "status": {
      "currentSteps": [
        {
          "routine": "main",
          "step": "return_result"
        }
      ]
    },
    "workflowRevisionId": "000003-f02"
  },
  {
    "createTime": "2026-07-12T21:00:02.540607999Z",
    "duration": "286.441122378s",
    "endTime": "2026-07-12T21:04:48.981730377Z",
    "name": "projects/420804682491/locations/asia-east1/workflows/msklad-pipeline-hourly/executions/1324ea75-8b49-47b3-8bb1-2a19e4b0b5c8",
    "startTime": "2026-07-12T21:00:02.540607999Z",
    "state": "SUCCEEDED",
    "status": {
      "currentSteps": [
        {
          "routine": "main",
          "step": "return_result"
        }
      ]
    },
    "workflowRevisionId": "000003-f02"
  },
  {
    "createTime": "2026-07-12T20:00:02.607621510Z",
    "duration": "277.184592746s",
    "endTime": "2026-07-12T20:04:39.792214256Z",
    "name": "projects/420804682491/locations/asia-east1/workflows/msklad-pipeline-hourly/executions/10013937-ab78-47e2-a0a0-2a07c82c0fd5",
    "startTime": "2026-07-12T20:00:02.607621510Z",
    "state": "SUCCEEDED",
    "status": {
      "currentSteps": [
        {
          "routine": "main",
          "step": "return_result"
        }
      ]
    },
    "workflowRevisionId": "000003-f02"
  },
  {
    "createTime": "2026-07-12T19:00:02.279627285Z",
    "duration": "297.936760723s",
    "endTime": "2026-07-12T19:05:00.216388008Z",
    "name": "projects/420804682491/locations/asia-east1/workflows/msklad-pipeline-hourly/executions/6dc6bc31-fc5c-46d3-972c-6d6a914c4da3",
    "startTime": "2026-07-12T19:00:02.279627285Z",
    "state": "SUCCEEDED",
    "status": {
      "currentSteps": [
        {
          "routine": "main",
          "step": "return_result"
        }
      ]
    },
    "workflowRevisionId": "000003-f02"
  },
  {
    "createTime": "2026-07-12T18:00:02.266046069Z",
    "duration": "280.390167325s",
    "endTime": "2026-07-12T18:04:42.656213394Z",
    "name": "projects/420804682491/locations/asia-east1/workflows/msklad-pipeline-hourly/executions/3b74bb15-b38b-428a-85e3-1726e9f3862d",
    "startTime": "2026-07-12T18:00:02.266046069Z",
    "state": "SUCCEEDED",
    "status": {
      "currentSteps": [
        {
          "routine": "main",
          "step": "return_result"
        }
      ]
    },
    "workflowRevisionId": "000003-f02"
  },
  {
    "createTime": "2026-07-12T17:00:02.571612268Z",
    "duration": "283.827024632s",
    "endTime": "2026-07-12T17:04:46.398636900Z",
    "name": "projects/420804682491/locations/asia-east1/workflows/msklad-pipeline-hourly/executions/23b19484-1220-4c76-b214-25bf0b46ffaf",
    "startTime": "2026-07-12T17:00:02.571612268Z",
    "state": "SUCCEEDED",
    "status": {
      "currentSteps": [
        {
          "routine": "main",
          "step": "return_result"
        }
      ]
    },
    "workflowRevisionId": "000003-f02"
  },
  {
    "createTime": "2026-07-12T16:00:02.319065635Z",
    "duration": "291.604206393s",
    "endTime": "2026-07-12T16:04:53.923272028Z",
    "name": "projects/420804682491/locations/asia-east1/workflows/msklad-pipeline-hourly/executions/1a5d6347-a979-4d1e-8de7-5cc0f39b0160",
    "startTime": "2026-07-12T16:00:02.319065635Z",
    "state": "SUCCEEDED",
    "status": {
      "currentSteps": [
        {
          "routine": "main",
          "step": "return_result"
        }
      ]
    },
    "workflowRevisionId": "000003-f02"
  },
  {
    "createTime": "2026-07-12T15:00:02.232855633Z",
    "duration": "310.596555998s",
    "endTime": "2026-07-12T15:05:12.829411631Z",
    "name": "projects/420804682491/locations/asia-east1/workflows/msklad-pipeline-hourly/executions/014af5d1-68da-4d9f-8f7d-2918cf3129f1",
    "startTime": "2026-07-12T15:00:02.232855633Z",
    "state": "SUCCEEDED",
    "status": {
      "currentSteps": [
        {
          "routine": "main",
          "step": "return_result"
        }
      ]
    },
    "workflowRevisionId": "000003-f02"
  },
  {
    "createTime": "2026-07-12T14:00:02.548581484Z",
    "duration": "299.695911879s",
    "endTime": "2026-07-12T14:05:02.244493363Z",
    "name": "projects/420804682491/locations/asia-east1/workflows/msklad-pipeline-hourly/executions/271f0ca1-6e3b-416f-a69b-19ce51ae8fab",
    "startTime": "2026-07-12T14:00:02.548581484Z",
    "state": "SUCCEEDED",
    "status": {
      "currentSteps": [
        {
          "routine": "main",
          "step": "return_result"
        }
      ]
    },
    "workflowRevisionId": "000003-f02"
  },
  {
    "createTime": "2026-07-12T13:00:02.343099278Z",
    "duration": "301.185112623s",
    "endTime": "2026-07-12T13:05:03.528211901Z",
    "name": "projects/420804682491/locations/asia-east1/workflows/msklad-pipeline-hourly/executions/bf0d18f7-fb67-4f91-bb8b-749393da2944",
    "startTime": "2026-07-12T13:00:02.343099278Z",
    "state": "SUCCEEDED",
    "status": {
      "currentSteps": [
        {
          "routine": "main",
          "step": "return_result"
        }
      ]
    },
    "workflowRevisionId": "000003-f02"
  },
  {
    "createTime": "2026-07-12T12:00:02.631434375Z",
    "duration": "310.877506053s",
    "endTime": "2026-07-12T12:05:13.508940428Z",
    "name": "projects/420804682491/locations/asia-east1/workflows/msklad-pipeline-hourly/executions/d9576c04-71c8-4451-8868-001aeae2a27d",
    "startTime": "2026-07-12T12:00:02.631434375Z",
    "state": "SUCCEEDED",
    "status": {
      "currentSteps": [
        {
          "routine": "main",
          "step": "return_result"
        }
      ]
    },
    "workflowRevisionId": "000003-f02"
  },
  {
    "createTime": "2026-07-12T11:00:02.555399061Z",
    "duration": "300.415621261s",
    "endTime": "2026-07-12T11:05:02.971020322Z",
    "name": "projects/420804682491/locations/asia-east1/workflows/msklad-pipeline-hourly/executions/66334489-5a5f-4747-b21d-6444b6d4025a",
    "startTime": "2026-07-12T11:00:02.555399061Z",
    "state": "SUCCEEDED",
    "status": {
      "currentSteps": [
        {
          "routine": "main",
          "step": "return_result"
        }
      ]
    },
    "workflowRevisionId": "000003-f02"
  },
  {
    "createTime": "2026-07-12T10:00:02.579646185Z",
    "duration": "297.208314692s",
    "endTime": "2026-07-12T10:04:59.787960877Z",
    "name": "projects/420804682491/locations/asia-east1/workflows/msklad-pipeline-hourly/executions/99cda2eb-2b0b-4a4c-9cc4-4e8c230ff659",
    "startTime": "2026-07-12T10:00:02.579646185Z",
    "state": "SUCCEEDED",
    "status": {
      "currentSteps": [
        {
          "routine": "main",
          "step": "return_result"
        }
      ]
    },
    "workflowRevisionId": "000003-f02"
  },
  {
    "createTime": "2026-07-12T09:00:02.535047107Z",
    "duration": "298.817470605s",
    "endTime": "2026-07-12T09:05:01.352517712Z",
    "name": "projects/420804682491/locations/asia-east1/workflows/msklad-pipeline-hourly/executions/7db2d5ac-0cc4-40d1-b3c4-c67b264145bc",
    "startTime": "2026-07-12T09:00:02.535047107Z",
    "state": "SUCCEEDED",
    "status": {
      "currentSteps": [
        {
          "routine": "main",
          "step": "return_result"
        }
      ]
    },
    "workflowRevisionId": "000003-f02"
  },
  {
    "createTime": "2026-07-12T08:00:02.664497864Z",
    "duration": "297.625390753s",
    "endTime": "2026-07-12T08:05:00.289888617Z",
    "name": "projects/420804682491/locations/asia-east1/workflows/msklad-pipeline-hourly/executions/2aec3682-44da-4440-87d9-c740e14fd5e1",
    "startTime": "2026-07-12T08:00:02.664497864Z",
    "state": "SUCCEEDED",
    "status": {
      "currentSteps": [
        {
          "routine": "main",
          "step": "return_result"
        }
      ]
    },
    "workflowRevisionId": "000003-f02"
  },
  {
    "createTime": "2026-07-12T07:00:02.618733401Z",
    "duration": "308.290166115s",
    "endTime": "2026-07-12T07:05:10.908899516Z",
    "name": "projects/420804682491/locations/asia-east1/workflows/msklad-pipeline-hourly/executions/c222943f-8dd2-4af9-855a-a1f169e29ac6",
    "startTime": "2026-07-12T07:00:02.618733401Z",
    "state": "SUCCEEDED",
    "status": {
      "currentSteps": [
        {
          "routine": "main",
          "step": "return_result"
        }
      ]
    },
    "workflowRevisionId": "000003-f02"
  },
  {
    "createTime": "2026-07-12T06:00:02.565857361Z",
    "duration": "283.454147911s",
    "endTime": "2026-07-12T06:04:46.020005272Z",
    "name": "projects/420804682491/locations/asia-east1/workflows/msklad-pipeline-hourly/executions/e9e4e991-3c30-46c5-8a29-2d26c5a35a91",
    "startTime": "2026-07-12T06:00:02.565857361Z",
    "state": "SUCCEEDED",
    "status": {
      "currentSteps": [
        {
          "routine": "main",
          "step": "return_result"
        }
      ]
    },
    "workflowRevisionId": "000003-f02"
  },
  {
    "createTime": "2026-07-12T05:00:02.280428262Z",
    "duration": "272.366798174s",
    "endTime": "2026-07-12T05:04:34.647226436Z",
    "name": "projects/420804682491/locations/asia-east1/workflows/msklad-pipeline-hourly/executions/d2bb34ce-7d84-447e-9482-0928bacf4920",
    "startTime": "2026-07-12T05:00:02.280428262Z",
    "state": "SUCCEEDED",
    "status": {
      "currentSteps": [
        {
          "routine": "main",
          "step": "return_result"
        }
      ]
    },
    "workflowRevisionId": "000003-f02"
  },
  {
    "createTime": "2026-07-12T04:00:02.587238502Z",
    "duration": "294.302759083s",
    "endTime": "2026-07-12T04:04:56.889997585Z",
    "name": "projects/420804682491/locations/asia-east1/workflows/msklad-pipeline-hourly/executions/3bfa583f-bae7-4e55-a61c-2e1826f5b8f5",
    "startTime": "2026-07-12T04:00:02.587238502Z",
    "state": "SUCCEEDED",
    "status": {
      "currentSteps": [
        {
          "routine": "main",
          "step": "return_result"
        }
      ]
    },
    "workflowRevisionId": "000003-f02"
  },
  {
    "createTime": "2026-07-12T03:00:02.559941025Z",
    "duration": "288.535727166s",
    "endTime": "2026-07-12T03:04:51.095668191Z",
    "name": "projects/420804682491/locations/asia-east1/workflows/msklad-pipeline-hourly/executions/faf385fd-e493-41dd-a07f-772744610dfe",
    "startTime": "2026-07-12T03:00:02.559941025Z",
    "state": "SUCCEEDED",
    "status": {
      "currentSteps": [
        {
          "routine": "main",
          "step": "return_result"
        }
      ]
    },
    "workflowRevisionId": "000003-f02"
  },
  {
    "createTime": "2026-07-12T02:00:02.548532117Z",
    "duration": "278.474731793s",
    "endTime": "2026-07-12T02:04:41.023263910Z",
    "name": "projects/420804682491/locations/asia-east1/workflows/msklad-pipeline-hourly/executions/c5b12580-e424-48b8-a903-37e7d85cccc7",
    "startTime": "2026-07-12T02:00:02.548532117Z",
    "state": "SUCCEEDED",
    "status": {
      "currentSteps": [
        {
          "routine": "main",
          "step": "return_result"
        }
      ]
    },
    "workflowRevisionId": "000003-f02"
  },
  {
    "createTime": "2026-07-12T01:00:02.532268026Z",
    "duration": "296.586899882s",
    "endTime": "2026-07-12T01:04:59.119167908Z",
    "name": "projects/420804682491/locations/asia-east1/workflows/msklad-pipeline-hourly/executions/5faf83c7-0e28-43b7-a63b-633cab498dbc",
    "startTime": "2026-07-12T01:00:02.532268026Z",
    "state": "SUCCEEDED",
    "status": {
      "currentSteps": [
        {
          "routine": "main",
          "step": "return_result"
        }
      ]
    },
    "workflowRevisionId": "000003-f02"
  },
  {
    "createTime": "2026-07-12T00:00:02.603781077Z",
    "duration": "290.610295513s",
    "endTime": "2026-07-12T00:04:53.214076590Z",
    "name": "projects/420804682491/locations/asia-east1/workflows/msklad-pipeline-hourly/executions/993cb071-dce4-4038-9539-b44b94960009",
    "startTime": "2026-07-12T00:00:02.603781077Z",
    "state": "SUCCEEDED",
    "status": {
      "currentSteps": [
        {
          "routine": "main",
          "step": "return_result"
        }
      ]
    },
    "workflowRevisionId": "000003-f02"
  },
  {
    "createTime": "2026-07-11T23:00:02.590743626Z",
    "duration": "278.488308033s",
    "endTime": "2026-07-11T23:04:41.079051659Z",
    "name": "projects/420804682491/locations/asia-east1/workflows/msklad-pipeline-hourly/executions/f23b4d43-6df8-4bf8-9255-f48e8ccb5319",
    "startTime": "2026-07-11T23:00:02.590743626Z",
    "state": "SUCCEEDED",
    "status": {
      "currentSteps": [
        {
          "routine": "main",
          "step": "return_result"
        }
      ]
    },
    "workflowRevisionId": "000003-f02"
  },
  {
    "createTime": "2026-07-11T22:00:02.565872413Z",
    "duration": "278.595648751s",
    "endTime": "2026-07-11T22:04:41.161521164Z",
    "name": "projects/420804682491/locations/asia-east1/workflows/msklad-pipeline-hourly/executions/62d20acf-11a3-4999-86bf-b1c7a9e55f13",
    "startTime": "2026-07-11T22:00:02.565872413Z",
    "state": "SUCCEEDED",
    "status": {
      "currentSteps": [
        {
          "routine": "main",
          "step": "return_result"
        }
      ]
    },
    "workflowRevisionId": "000003-f02"
  },
  {
    "createTime": "2026-07-11T21:00:02.523525098Z",
    "duration": "283.411866244s",
    "endTime": "2026-07-11T21:04:45.935391342Z",
    "name": "projects/420804682491/locations/asia-east1/workflows/msklad-pipeline-hourly/executions/9acdc72a-5a9f-4235-b210-05a8394ea568",
    "startTime": "2026-07-11T21:00:02.523525098Z",
    "state": "SUCCEEDED",
    "status": {
      "currentSteps": [
        {
          "routine": "main",
          "step": "return_result"
        }
      ]
    },
    "workflowRevisionId": "000003-f02"
  },
  {
    "createTime": "2026-07-11T20:00:02.622092854Z",
    "duration": "287.991147595s",
    "endTime": "2026-07-11T20:04:50.613240449Z",
    "name": "projects/420804682491/locations/asia-east1/workflows/msklad-pipeline-hourly/executions/760920f8-759c-4fee-8079-b0609e5ce99f",
    "startTime": "2026-07-11T20:00:02.622092854Z",
    "state": "SUCCEEDED",
    "status": {
      "currentSteps": [
        {
          "routine": "main",
          "step": "return_result"
        }
      ]
    },
    "workflowRevisionId": "000003-f02"
  },
  {
    "createTime": "2026-07-11T19:00:02.597182131Z",
    "duration": "302.906665134s",
    "endTime": "2026-07-11T19:05:05.503847265Z",
    "name": "projects/420804682491/locations/asia-east1/workflows/msklad-pipeline-hourly/executions/b0622681-1db5-4c86-9553-042ab9db00f6",
    "startTime": "2026-07-11T19:00:02.597182131Z",
    "state": "SUCCEEDED",
    "status": {
      "currentSteps": [
        {
          "routine": "main",
          "step": "return_result"
        }
      ]
    },
    "workflowRevisionId": "000003-f02"
  },
  {
    "createTime": "2026-07-11T18:00:02.461255327Z",
    "duration": "271.537748196s",
    "endTime": "2026-07-11T18:04:33.999003523Z",
    "name": "projects/420804682491/locations/asia-east1/workflows/msklad-pipeline-hourly/executions/d8c0b112-0397-42bd-83ef-b475cafc7a15",
    "startTime": "2026-07-11T18:00:02.461255327Z",
    "state": "SUCCEEDED",
    "status": {
      "currentSteps": [
        {
          "routine": "main",
          "step": "return_result"
        }
      ]
    },
    "workflowRevisionId": "000003-f02"
  }
]
=== Cloud Workflows: msklad-pipeline-weekly, все выполнения, лимит 50 ===
[
  {
    "createTime": "2026-08-02T01:00:00.869139791Z",
    "duration": "560.860201443s",
    "endTime": "2026-08-02T01:09:21.729341234Z",
    "name": "projects/420804682491/locations/asia-east1/workflows/msklad-pipeline-weekly/executions/5aa84f42-d333-470d-b0b9-a107ce85878c",
    "startTime": "2026-08-02T01:00:00.869139791Z",
    "state": "FAILED",
    "status": {
      "currentSteps": [
        {
          "routine": "main",
          "step": "raise_dq_failed"
        }
      ]
    },
    "workflowRevisionId": "000003-fa9"
  },
  {
    "createTime": "2026-07-26T01:00:00.988598538Z",
    "duration": "517.171072937s",
    "endTime": "2026-07-26T01:08:38.159671475Z",
    "name": "projects/420804682491/locations/asia-east1/workflows/msklad-pipeline-weekly/executions/01f7d0b1-1922-4343-ae8b-d75c2f4c77ed",
    "startTime": "2026-07-26T01:00:00.988598538Z",
    "state": "FAILED",
    "status": {
      "currentSteps": [
        {
          "routine": "main",
          "step": "raise_dq_failed"
        }
      ]
    },
    "workflowRevisionId": "000003-fa9"
  },
  {
    "createTime": "2026-07-19T01:00:00.916272632Z",
    "duration": "717.923644389s",
    "endTime": "2026-07-19T01:11:58.839917021Z",
    "name": "projects/420804682491/locations/asia-east1/workflows/msklad-pipeline-weekly/executions/3672708e-2389-4537-bf5d-c9273786f01c",
    "startTime": "2026-07-19T01:00:00.916272632Z",
    "state": "SUCCEEDED",
    "status": {
      "currentSteps": [
        {
          "routine": "main",
          "step": "return_result"
        }
      ]
    },
    "workflowRevisionId": "000003-fa9"
  },
  {
    "createTime": "2026-07-12T01:00:01.135046555Z",
    "duration": "764.952191344s",
    "endTime": "2026-07-12T01:12:46.087237899Z",
    "name": "projects/420804682491/locations/asia-east1/workflows/msklad-pipeline-weekly/executions/60416045-915e-4d18-9ecf-93b9d50babbb",
    "startTime": "2026-07-12T01:00:01.135046555Z",
    "state": "SUCCEEDED",
    "status": {
      "currentSteps": [
        {
          "routine": "main",
          "step": "return_result"
        }
      ]
    },
    "workflowRevisionId": "000003-fa9"
  },
  {
    "createTime": "2026-07-05T01:00:01.106786689Z",
    "duration": "724.990172464s",
    "endTime": "2026-07-05T01:12:06.096959153Z",
    "name": "projects/420804682491/locations/asia-east1/workflows/msklad-pipeline-weekly/executions/d1266dbb-4ae7-4db7-9509-fb51f2375950",
    "startTime": "2026-07-05T01:00:01.106786689Z",
    "state": "SUCCEEDED",
    "status": {
      "currentSteps": [
        {
          "routine": "main",
          "step": "return_result"
        }
      ]
    },
    "workflowRevisionId": "000003-fa9"
  },
  {
    "createTime": "2026-06-28T01:00:01.103398017Z",
    "duration": "509.190252705s",
    "endTime": "2026-06-28T01:08:30.293650722Z",
    "name": "projects/420804682491/locations/asia-east1/workflows/msklad-pipeline-weekly/executions/f972f272-307f-41aa-8206-4f34dce0c315",
    "startTime": "2026-06-28T01:00:01.103398017Z",
    "state": "FAILED",
    "status": {
      "currentSteps": [
        {
          "routine": "main",
          "step": "raise_dq_failed"
        }
      ]
    },
    "workflowRevisionId": "000003-fa9"
  },
  {
    "createTime": "2026-06-21T01:00:01.036841048Z",
    "duration": "753.463579416s",
    "endTime": "2026-06-21T01:12:34.500420464Z",
    "name": "projects/420804682491/locations/asia-east1/workflows/msklad-pipeline-weekly/executions/165e2a63-8752-4ec9-9447-6513de0b40e7",
    "startTime": "2026-06-21T01:00:01.036841048Z",
    "state": "SUCCEEDED",
    "status": {
      "currentSteps": [
        {
          "routine": "main",
          "step": "return_result"
        }
      ]
    },
    "workflowRevisionId": "000003-fa9"
  },
  {
    "createTime": "2026-06-14T01:00:01.116028917Z",
    "duration": "523.114748435s",
    "endTime": "2026-06-14T01:08:44.230777352Z",
    "name": "projects/420804682491/locations/asia-east1/workflows/msklad-pipeline-weekly/executions/c93ca195-87db-46a2-9ab3-7f561777799d",
    "startTime": "2026-06-14T01:00:01.116028917Z",
    "state": "FAILED",
    "status": {
      "currentSteps": [
        {
          "routine": "main",
          "step": "raise_dq_failed"
        }
      ]
    },
    "workflowRevisionId": "000003-fa9"
  },
  {
    "createTime": "2026-06-07T01:00:00.844028384Z",
    "duration": "716.154511926s",
    "endTime": "2026-06-07T01:11:56.998540310Z",
    "name": "projects/420804682491/locations/asia-east1/workflows/msklad-pipeline-weekly/executions/cf4040a7-285a-4bb7-8f01-b4cb62f0d0fa",
    "startTime": "2026-06-07T01:00:00.844028384Z",
    "state": "SUCCEEDED",
    "status": {
      "currentSteps": [
        {
          "routine": "main",
          "step": "return_result"
        }
      ]
    },
    "workflowRevisionId": "000003-fa9"
  },
  {
    "createTime": "2026-05-31T01:00:00.972563473Z",
    "duration": "737.538280808s",
    "endTime": "2026-05-31T01:12:18.510844281Z",
    "name": "projects/420804682491/locations/asia-east1/workflows/msklad-pipeline-weekly/executions/43e06de9-ecb0-4730-a539-b08cec0e9d79",
    "startTime": "2026-05-31T01:00:00.972563473Z",
    "state": "SUCCEEDED",
    "status": {
      "currentSteps": [
        {
          "routine": "main",
          "step": "return_result"
        }
      ]
    },
    "workflowRevisionId": "000003-fa9"
  },
  {
    "createTime": "2026-05-24T01:00:01.304761069Z",
    "duration": "693.060582248s",
    "endTime": "2026-05-24T01:11:34.365343317Z",
    "name": "projects/420804682491/locations/asia-east1/workflows/msklad-pipeline-weekly/executions/f9082e53-5ed3-41e6-80b3-f8e19f1ff88d",
    "startTime": "2026-05-24T01:00:01.304761069Z",
    "state": "SUCCEEDED",
    "status": {
      "currentSteps": [
        {
          "routine": "main",
          "step": "return_result"
        }
      ]
    },
    "workflowRevisionId": "000003-fa9"
  },
  {
    "createTime": "2026-05-18T06:36:14.053041190Z",
    "duration": "535.855989249s",
    "endTime": "2026-05-18T06:45:09.909030439Z",
    "name": "projects/420804682491/locations/asia-east1/workflows/msklad-pipeline-weekly/executions/d0e37816-88b0-4a00-8214-5905e43330ed",
    "startTime": "2026-05-18T06:36:14.053041190Z",
    "state": "FAILED",
    "status": {
      "currentSteps": [
        {
          "routine": "main",
          "step": "raise_dq_failed"
        }
      ]
    },
    "workflowRevisionId": "000003-fa9"
  },
  {
    "createTime": "2026-05-17T01:00:01.199578502Z",
    "duration": "3.902060099s",
    "endTime": "2026-05-17T01:00:05.101638601Z",
    "name": "projects/420804682491/locations/asia-east1/workflows/msklad-pipeline-weekly/executions/eb316b65-2b8b-496a-83e5-7ef918e9d1d9",
    "startTime": "2026-05-17T01:00:01.199578502Z",
    "state": "FAILED",
    "status": {
      "currentSteps": [
        {
          "routine": "main",
          "step": "raise_dim"
        }
      ]
    },
    "workflowRevisionId": "000003-fa9"
  },
  {
    "createTime": "2026-05-10T01:00:00.807523732Z",
    "duration": "537.379217520s",
    "endTime": "2026-05-10T01:08:58.186741252Z",
    "name": "projects/420804682491/locations/asia-east1/workflows/msklad-pipeline-weekly/executions/0f1e35ee-6e80-4864-a09c-1dacc62e9b1d",
    "startTime": "2026-05-10T01:00:00.807523732Z",
    "state": "SUCCEEDED",
    "status": {
      "currentSteps": [
        {
          "routine": "main",
          "step": "return_result"
        }
      ]
    },
    "workflowRevisionId": "000002-7b6"
  }
]
=== BigQuery INFORMATION_SCHEMA.JOBS_BY_PROJECT (region-asia-east1): все задания с целью core.fact_sales_profit, 2026-07-15..2026-08-02 ===
[
  {
    "creation_time": "2026-07-15 00:01:53", 
    "end_time": "2026-07-15 00:01:54", 
    "error_message": null, 
    "error_reason": null, 
    "job_id": "74bb06fb-a9c2-4f2b-8d8e-a35d8af42910", 
    "state": "DONE", 
    "statement_type": "MERGE", 
    "user_email": "etl-sa@msklad-bi-prod.iam.gserviceaccount.com"
  }, 
  {
    "creation_time": "2026-07-15 01:02:24", 
    "end_time": "2026-07-15 01:02:26", 
    "error_message": null, 
    "error_reason": null, 
    "job_id": "76211bbf-af61-410d-82dc-92776794630a", 
    "state": "DONE", 
    "statement_type": "MERGE", 
    "user_email": "etl-sa@msklad-bi-prod.iam.gserviceaccount.com"
  }, 
  {
    "creation_time": "2026-07-15 02:02:09", 
    "end_time": "2026-07-15 02:02:11", 
    "error_message": null, 
    "error_reason": null, 
    "job_id": "4bff71a8-3d04-4baa-8c25-8bd8c2746ee2", 
    "state": "DONE", 
    "statement_type": "MERGE", 
    "user_email": "etl-sa@msklad-bi-prod.iam.gserviceaccount.com"
  }, 
  {
    "creation_time": "2026-07-15 03:02:03", 
    "end_time": "2026-07-15 03:02:05", 
    "error_message": null, 
    "error_reason": null, 
    "job_id": "2669fc25-27e8-43e7-b54f-11c7a4090af4", 
    "state": "DONE", 
    "statement_type": "MERGE", 
    "user_email": "etl-sa@msklad-bi-prod.iam.gserviceaccount.com"
  }, 
  {
    "creation_time": "2026-07-15 04:02:01", 
    "end_time": "2026-07-15 04:02:03", 
    "error_message": null, 
    "error_reason": null, 
    "job_id": "5300a52c-24f3-490d-aa35-77d791697fba", 
    "state": "DONE", 
    "statement_type": "MERGE", 
    "user_email": "etl-sa@msklad-bi-prod.iam.gserviceaccount.com"
  }, 
  {
    "creation_time": "2026-07-15 05:02:13", 
    "end_time": "2026-07-15 05:02:15", 
    "error_message": null, 
    "error_reason": null, 
    "job_id": "122a5c0b-fc49-471a-9220-918e93d872d8", 
    "state": "DONE", 
    "statement_type": "MERGE", 
    "user_email": "etl-sa@msklad-bi-prod.iam.gserviceaccount.com"
  }, 
  {
    "creation_time": "2026-07-15 06:02:12", 
    "end_time": "2026-07-15 06:02:14", 
    "error_message": null, 
    "error_reason": null, 
    "job_id": "2491a089-906a-4c24-abb5-35e28c388d9e", 
    "state": "DONE", 
    "statement_type": "MERGE", 
    "user_email": "etl-sa@msklad-bi-prod.iam.gserviceaccount.com"
  }, 
  {
    "creation_time": "2026-07-15 07:02:19", 
    "end_time": "2026-07-15 07:02:21", 
    "error_message": null, 
    "error_reason": null, 
    "job_id": "bf93bb3c-57ce-4b96-9658-3c7ac4849cda", 
    "state": "DONE", 
    "statement_type": "MERGE", 
    "user_email": "etl-sa@msklad-bi-prod.iam.gserviceaccount.com"
  }, 
  {
    "creation_time": "2026-07-15 08:02:04", 
    "end_time": "2026-07-15 08:02:06", 
    "error_message": null, 
    "error_reason": null, 
    "job_id": "df1fe691-4916-4f38-9502-6d599ff4a91a", 
    "state": "DONE", 
    "statement_type": "MERGE", 
    "user_email": "etl-sa@msklad-bi-prod.iam.gserviceaccount.com"
  }, 
  {
    "creation_time": "2026-07-15 09:02:35", 
    "end_time": "2026-07-15 09:02:36", 
    "error_message": null, 
    "error_reason": null, 
    "job_id": "392d78df-ae9d-4882-81ea-cd6637baad1b", 
    "state": "DONE", 
    "statement_type": "MERGE", 
    "user_email": "etl-sa@msklad-bi-prod.iam.gserviceaccount.com"
  }, 
  {
    "creation_time": "2026-07-15 10:02:27", 
    "end_time": "2026-07-15 10:02:28", 
    "error_message": null, 
    "error_reason": null, 
    "job_id": "298ed483-1792-4fff-861a-69df60247d79", 
    "state": "DONE", 
    "statement_type": "MERGE", 
    "user_email": "etl-sa@msklad-bi-prod.iam.gserviceaccount.com"
  }, 
  {
    "creation_time": "2026-07-15 11:02:17", 
    "end_time": "2026-07-15 11:02:19", 
    "error_message": null, 
    "error_reason": null, 
    "job_id": "009d42df-8473-4b5c-89e9-4820916daae4", 
    "state": "DONE", 
    "statement_type": "MERGE", 
    "user_email": "etl-sa@msklad-bi-prod.iam.gserviceaccount.com"
  }, 
  {
    "creation_time": "2026-07-15 12:02:22", 
    "end_time": "2026-07-15 12:02:24", 
    "error_message": null, 
    "error_reason": null, 
    "job_id": "c4886dc3-4d10-44d6-8ae6-e8b7d240ea89", 
    "state": "DONE", 
    "statement_type": "MERGE", 
    "user_email": "etl-sa@msklad-bi-prod.iam.gserviceaccount.com"
  }, 
  {
    "creation_time": "2026-07-15 13:02:58", 
    "end_time": "2026-07-15 13:03:00", 
    "error_message": null, 
    "error_reason": null, 
    "job_id": "cb54a047-30b8-4659-b2d8-789049e77a4b", 
    "state": "DONE", 
    "statement_type": "MERGE", 
    "user_email": "etl-sa@msklad-bi-prod.iam.gserviceaccount.com"
  }, 
  {
    "creation_time": "2026-07-15 14:02:12", 
    "end_time": "2026-07-15 14:02:14", 
    "error_message": null, 
    "error_reason": null, 
    "job_id": "ef3d6ca5-21ba-4c4d-bda5-c3addb1eaca8", 
    "state": "DONE", 
    "statement_type": "MERGE", 
    "user_email": "etl-sa@msklad-bi-prod.iam.gserviceaccount.com"
  }, 
  {
    "creation_time": "2026-07-15 15:02:31", 
    "end_time": "2026-07-15 15:02:33", 
    "error_message": null, 
    "error_reason": null, 
    "job_id": "4c70b088-0c7e-4ccb-810d-9027058494fd", 
    "state": "DONE", 
    "statement_type": "MERGE", 
    "user_email": "etl-sa@msklad-bi-prod.iam.gserviceaccount.com"
  }, 
  {
    "creation_time": "2026-07-15 16:01:59", 
    "end_time": "2026-07-15 16:02:01", 
    "error_message": null, 
    "error_reason": null, 
    "job_id": "e2025e20-5aa8-402f-af1e-ba244d0f3660", 
    "state": "DONE", 
    "statement_type": "MERGE", 
    "user_email": "etl-sa@msklad-bi-prod.iam.gserviceaccount.com"
  }, 
  {
    "creation_time": "2026-07-15 17:02:17", 
    "end_time": "2026-07-15 17:02:19", 
    "error_message": null, 
    "error_reason": null, 
    "job_id": "d1f81f66-371e-4564-9ad2-30c6aecfe160", 
    "state": "DONE", 
    "statement_type": "MERGE", 
    "user_email": "etl-sa@msklad-bi-prod.iam.gserviceaccount.com"
  }, 
  {
    "creation_time": "2026-07-15 18:02:15", 
    "end_time": "2026-07-15 18:02:17", 
    "error_message": null, 
    "error_reason": null, 
    "job_id": "22f04cf0-2232-4a9a-bea5-901189462a10", 
    "state": "DONE", 
    "statement_type": "MERGE", 
    "user_email": "etl-sa@msklad-bi-prod.iam.gserviceaccount.com"
  }, 
  {
    "creation_time": "2026-07-15 19:02:13", 
    "end_time": "2026-07-15 19:02:14", 
    "error_message": null, 
    "error_reason": null, 
    "job_id": "2d5bf7da-69d0-4f45-a455-b64802ddd778", 
    "state": "DONE", 
    "statement_type": "MERGE", 
    "user_email": "etl-sa@msklad-bi-prod.iam.gserviceaccount.com"
  }, 
  {
    "creation_time": "2026-07-15 20:02:02", 
    "end_time": "2026-07-15 20:02:03", 
    "error_message": null, 
    "error_reason": null, 
    "job_id": "b29ff8ef-cc8a-4c1f-a14c-14e6dfce8c9e", 
    "state": "DONE", 
    "statement_type": "MERGE", 
    "user_email": "etl-sa@msklad-bi-prod.iam.gserviceaccount.com"
  }, 
  {
    "creation_time": "2026-07-15 21:02:07", 
    "end_time": "2026-07-15 21:02:08", 
    "error_message": null, 
    "error_reason": null, 
    "job_id": "a31ac714-803a-4269-901d-32b1c30591ad", 
    "state": "DONE", 
    "statement_type": "MERGE", 
    "user_email": "etl-sa@msklad-bi-prod.iam.gserviceaccount.com"
  }, 
  {
    "creation_time": "2026-07-15 22:02:21", 
    "end_time": "2026-07-15 22:02:22", 
    "error_message": null, 
    "error_reason": null, 
    "job_id": "5610352f-5cac-41bf-a05f-d00c48e833b6", 
    "state": "DONE", 
    "statement_type": "MERGE", 
    "user_email": "etl-sa@msklad-bi-prod.iam.gserviceaccount.com"
  }, 
  {
    "creation_time": "2026-07-15 23:02:12", 
    "end_time": "2026-07-15 23:02:13", 
    "error_message": null, 
    "error_reason": null, 
    "job_id": "a2e364cb-581b-4710-be11-52c5d9421168", 
    "state": "DONE", 
    "statement_type": "MERGE", 
    "user_email": "etl-sa@msklad-bi-prod.iam.gserviceaccount.com"
  }, 
  {
    "creation_time": "2026-07-16 00:02:14", 
    "end_time": "2026-07-16 00:02:15", 
    "error_message": null, 
    "error_reason": null, 
    "job_id": "e207805e-4ca3-4fd5-8aac-1e20dfc39b3c", 
    "state": "DONE", 
    "statement_type": "MERGE", 
    "user_email": "etl-sa@msklad-bi-prod.iam.gserviceaccount.com"
  }, 
  {
    "creation_time": "2026-07-16 01:02:12", 
    "end_time": "2026-07-16 01:02:13", 
    "error_message": null, 
    "error_reason": null, 
    "job_id": "73f0b57c-7991-434b-bddd-5b2948e263ce", 
    "state": "DONE", 
    "statement_type": "MERGE", 
    "user_email": "etl-sa@msklad-bi-prod.iam.gserviceaccount.com"
  }, 
  {
    "creation_time": "2026-07-16 02:02:06", 
    "end_time": "2026-07-16 02:02:07", 
    "error_message": null, 
    "error_reason": null, 
    "job_id": "5c1a98c9-f365-497a-a8b2-b4db642fdbfb", 
    "state": "DONE", 
    "statement_type": "MERGE", 
    "user_email": "etl-sa@msklad-bi-prod.iam.gserviceaccount.com"
  }, 
  {
    "creation_time": "2026-07-16 03:01:56", 
    "end_time": "2026-07-16 03:01:58", 
    "error_message": null, 
    "error_reason": null, 
    "job_id": "2300602a-c1d7-4d51-a055-2ac362112e18", 
    "state": "DONE", 
    "statement_type": "MERGE", 
    "user_email": "etl-sa@msklad-bi-prod.iam.gserviceaccount.com"
  }, 
  {
    "creation_time": "2026-07-16 04:01:55", 
    "end_time": "2026-07-16 04:01:57", 
    "error_message": null, 
    "error_reason": null, 
    "job_id": "50be695f-25eb-4602-870c-0f47fb7875f9", 
    "state": "DONE", 
    "statement_type": "MERGE", 
    "user_email": "etl-sa@msklad-bi-prod.iam.gserviceaccount.com"
  }, 
  {
    "creation_time": "2026-07-16 05:02:14", 
    "end_time": "2026-07-16 05:02:15", 
    "error_message": null, 
    "error_reason": null, 
    "job_id": "24c32524-f7a7-4834-a315-e9ebff459324", 
    "state": "DONE", 
    "statement_type": "MERGE", 
    "user_email": "etl-sa@msklad-bi-prod.iam.gserviceaccount.com"
  }, 
  {
    "creation_time": "2026-07-16 06:02:02", 
    "end_time": "2026-07-16 06:02:03", 
    "error_message": null, 
    "error_reason": null, 
    "job_id": "1a6fbc03-bc68-4394-a710-e38813d87062", 
    "state": "DONE", 
    "statement_type": "MERGE", 
    "user_email": "etl-sa@msklad-bi-prod.iam.gserviceaccount.com"
  }, 
  {
    "creation_time": "2026-07-16 07:02:12", 
    "end_time": "2026-07-16 07:02:13", 
    "error_message": null, 
    "error_reason": null, 
    "job_id": "4b26c19a-4f76-4578-ac54-9e65138ba592", 
    "state": "DONE", 
    "statement_type": "MERGE", 
    "user_email": "etl-sa@msklad-bi-prod.iam.gserviceaccount.com"
  }, 
  {
    "creation_time": "2026-07-16 08:02:02", 
    "end_time": "2026-07-16 08:02:04", 
    "error_message": null, 
    "error_reason": null, 
    "job_id": "2b248e06-7d2c-40b1-99ff-4571030b04dd", 
    "state": "DONE", 
    "statement_type": "MERGE", 
    "user_email": "etl-sa@msklad-bi-prod.iam.gserviceaccount.com"
  }, 
  {
    "creation_time": "2026-07-16 09:02:23", 
    "end_time": "2026-07-16 09:02:25", 
    "error_message": null, 
    "error_reason": null, 
    "job_id": "56c0135a-a221-44eb-bff0-38a08148118c", 
    "state": "DONE", 
    "statement_type": "MERGE", 
    "user_email": "etl-sa@msklad-bi-prod.iam.gserviceaccount.com"
  }, 
  {
    "creation_time": "2026-07-16 10:01:56", 
    "end_time": "2026-07-16 10:01:57", 
    "error_message": null, 
    "error_reason": null, 
    "job_id": "4809d758-6280-4868-9843-2d34d9d8f4b9", 
    "state": "DONE", 
    "statement_type": "MERGE", 
    "user_email": "etl-sa@msklad-bi-prod.iam.gserviceaccount.com"
  }, 
  {
    "creation_time": "2026-07-16 11:02:04", 
    "end_time": "2026-07-16 11:02:06", 
    "error_message": null, 
    "error_reason": null, 
    "job_id": "d7ba67cb-0e1e-4541-b4bc-667489dde979", 
    "state": "DONE", 
    "statement_type": "MERGE", 
    "user_email": "etl-sa@msklad-bi-prod.iam.gserviceaccount.com"
  }, 
  {
    "creation_time": "2026-07-16 12:02:07", 
    "end_time": "2026-07-16 12:02:08", 
    "error_message": null, 
    "error_reason": null, 
    "job_id": "52f818c0-70ec-46ba-afc9-f9cc16b2c65e", 
    "state": "DONE", 
    "statement_type": "MERGE", 
    "user_email": "etl-sa@msklad-bi-prod.iam.gserviceaccount.com"
  }, 
  {
    "creation_time": "2026-07-16 13:02:09", 
    "end_time": "2026-07-16 13:02:10", 
    "error_message": null, 
    "error_reason": null, 
    "job_id": "b2abddf9-2a9a-410d-ac95-1f823ff75cb9", 
    "state": "DONE", 
    "statement_type": "MERGE", 
    "user_email": "etl-sa@msklad-bi-prod.iam.gserviceaccount.com"
  }, 
  {
    "creation_time": "2026-07-16 14:02:15", 
    "end_time": "2026-07-16 14:02:17", 
    "error_message": null, 
    "error_reason": null, 
    "job_id": "68ef0873-f943-4b2e-ab28-f72ea7206742", 
    "state": "DONE", 
    "statement_type": "MERGE", 
    "user_email": "etl-sa@msklad-bi-prod.iam.gserviceaccount.com"
  }, 
  {
    "creation_time": "2026-07-16 15:02:05", 
    "end_time": "2026-07-16 15:02:07", 
    "error_message": null, 
    "error_reason": null, 
    "job_id": "669e6ecd-dfd7-4137-986c-258bf1774fce", 
    "state": "DONE", 
    "statement_type": "MERGE", 
    "user_email": "etl-sa@msklad-bi-prod.iam.gserviceaccount.com"
  }, 
  {
    "creation_time": "2026-07-16 16:02:08", 
    "end_time": "2026-07-16 16:02:10", 
    "error_message": null, 
    "error_reason": null, 
    "job_id": "9be93cf9-e131-41c9-8c8b-e844ec627dcb", 
    "state": "DONE", 
    "statement_type": "MERGE", 
    "user_email": "etl-sa@msklad-bi-prod.iam.gserviceaccount.com"
  }, 
  {
    "creation_time": "2026-07-16 17:02:06", 
    "end_time": "2026-07-16 17:02:08", 
    "error_message": null, 
    "error_reason": null, 
    "job_id": "54d6dcd5-cfb5-4486-b9c2-dcdfe76c7dea", 
    "state": "DONE", 
    "statement_type": "MERGE", 
    "user_email": "etl-sa@msklad-bi-prod.iam.gserviceaccount.com"
  }, 
  {
    "creation_time": "2026-07-16 18:02:07", 
    "end_time": "2026-07-16 18:02:09", 
    "error_message": null, 
    "error_reason": null, 
    "job_id": "c5cb3586-7f3a-496c-830f-0e7f3f65a914", 
    "state": "DONE", 
    "statement_type": "MERGE", 
    "user_email": "etl-sa@msklad-bi-prod.iam.gserviceaccount.com"
  }, 
  {
    "creation_time": "2026-07-16 19:01:58", 
    "end_time": "2026-07-16 19:01:59", 
    "error_message": null, 
    "error_reason": null, 
    "job_id": "4b58ce00-98eb-42f6-b183-5314398feaa4", 
    "state": "DONE", 
    "statement_type": "MERGE", 
    "user_email": "etl-sa@msklad-bi-prod.iam.gserviceaccount.com"
  }, 
  {
    "creation_time": "2026-07-16 20:02:03", 
    "end_time": "2026-07-16 20:02:04", 
    "error_message": null, 
    "error_reason": null, 
    "job_id": "147cd65a-8fca-453c-af17-bb48e90daa27", 
    "state": "DONE", 
    "statement_type": "MERGE", 
    "user_email": "etl-sa@msklad-bi-prod.iam.gserviceaccount.com"
  }, 
  {
    "creation_time": "2026-07-16 21:02:46", 
    "end_time": "2026-07-16 21:02:47", 
    "error_message": null, 
    "error_reason": null, 
    "job_id": "245beaa9-9409-434a-879a-ed6d742e5bd2", 
    "state": "DONE", 
    "statement_type": "MERGE", 
    "user_email": "etl-sa@msklad-bi-prod.iam.gserviceaccount.com"
  }, 
  {
    "creation_time": "2026-07-16 22:02:18", 
    "end_time": "2026-07-16 22:02:19", 
    "error_message": null, 
    "error_reason": null, 
    "job_id": "ffe47bcb-d98b-494c-88ae-e71fc8e3c06e", 
    "state": "DONE", 
    "statement_type": "MERGE", 
    "user_email": "etl-sa@msklad-bi-prod.iam.gserviceaccount.com"
  }, 
  {
    "creation_time": "2026-07-16 23:01:58", 
    "end_time": "2026-07-16 23:02:00", 
    "error_message": null, 
    "error_reason": null, 
    "job_id": "e8383135-83a7-4d5e-a91a-6dc7a5747ffc", 
    "state": "DONE", 
    "statement_type": "MERGE", 
    "user_email": "etl-sa@msklad-bi-prod.iam.gserviceaccount.com"
  }, 
  {
    "creation_time": "2026-07-17 00:01:49", 
    "end_time": "2026-07-17 00:01:50", 
    "error_message": null, 
    "error_reason": null, 
    "job_id": "26c7a1c4-3e6f-430c-b99e-4ba7a3d2d71e", 
    "state": "DONE", 
    "statement_type": "MERGE", 
    "user_email": "etl-sa@msklad-bi-prod.iam.gserviceaccount.com"
  }, 
  {
    "creation_time": "2026-07-17 01:01:47", 
    "end_time": "2026-07-17 01:01:48", 
    "error_message": null, 
    "error_reason": null, 
    "job_id": "e8acc80a-18ae-41b1-9730-c327d9fc2595", 
    "state": "DONE", 
    "statement_type": "MERGE", 
    "user_email": "etl-sa@msklad-bi-prod.iam.gserviceaccount.com"
  }, 
  {
    "creation_time": "2026-07-17 02:01:47", 
    "end_time": "2026-07-17 02:01:48", 
    "error_message": null, 
    "error_reason": null, 
    "job_id": "40625f97-26b1-4330-994e-b9c4d9a0e999", 
    "state": "DONE", 
    "statement_type": "MERGE", 
    "user_email": "etl-sa@msklad-bi-prod.iam.gserviceaccount.com"
  }, 
  {
    "creation_time": "2026-07-17 03:01:52", 
    "end_time": "2026-07-17 03:01:53", 
    "error_message": null, 
    "error_reason": null, 
    "job_id": "71f501e5-5bc4-4474-9060-6cb46ec18f6a", 
    "state": "DONE", 
    "statement_type": "MERGE", 
    "user_email": "etl-sa@msklad-bi-prod.iam.gserviceaccount.com"
  }, 
  {
    "creation_time": "2026-07-17 04:01:56", 
    "end_time": "2026-07-17 04:01:57", 
    "error_message": null, 
    "error_reason": null, 
    "job_id": "0a0d3080-cbf4-4f96-85c5-e0092c9c433f", 
    "state": "DONE", 
    "statement_type": "MERGE", 
    "user_email": "etl-sa@msklad-bi-prod.iam.gserviceaccount.com"
  }, 
  {
    "creation_time": "2026-07-17 05:02:02", 
    "end_time": "2026-07-17 05:02:04", 
    "error_message": null, 
    "error_reason": null, 
    "job_id": "76b71864-5597-4430-93ff-67ecaadda984", 
    "state": "DONE", 
    "statement_type": "MERGE", 
    "user_email": "etl-sa@msklad-bi-prod.iam.gserviceaccount.com"
  }, 
  {
    "creation_time": "2026-07-17 06:01:56", 
    "end_time": "2026-07-17 06:01:58", 
    "error_message": null, 
    "error_reason": null, 
    "job_id": "a0f84dfc-6f52-4446-8a31-91602796b981", 
    "state": "DONE", 
    "statement_type": "MERGE", 
    "user_email": "etl-sa@msklad-bi-prod.iam.gserviceaccount.com"
  }, 
  {
    "creation_time": "2026-07-17 07:02:04", 
    "end_time": "2026-07-17 07:02:06", 
    "error_message": null, 
    "error_reason": null, 
    "job_id": "a92121eb-74c8-4b58-aedc-c3eb94fe1c26", 
    "state": "DONE", 
    "statement_type": "MERGE", 
    "user_email": "etl-sa@msklad-bi-prod.iam.gserviceaccount.com"
  }, 
  {
    "creation_time": "2026-07-17 08:02:05", 
    "end_time": "2026-07-17 08:02:07", 
    "error_message": null, 
    "error_reason": null, 
    "job_id": "7d5d0ffe-9e4f-4067-82a5-59a283695b0a", 
    "state": "DONE", 
    "statement_type": "MERGE", 
    "user_email": "etl-sa@msklad-bi-prod.iam.gserviceaccount.com"
  }, 
  {
    "creation_time": "2026-07-17 09:02:11", 
    "end_time": "2026-07-17 09:02:13", 
    "error_message": null, 
    "error_reason": null, 
    "job_id": "20257e58-3621-4090-8da7-4a745ef567ee", 
    "state": "DONE", 
    "statement_type": "MERGE", 
    "user_email": "etl-sa@msklad-bi-prod.iam.gserviceaccount.com"
  }, 
  {
    "creation_time": "2026-07-17 10:02:12", 
    "end_time": "2026-07-17 10:02:13", 
    "error_message": null, 
    "error_reason": null, 
    "job_id": "70e425fb-69da-44cc-80d4-3bf959bcc892", 
    "state": "DONE", 
    "statement_type": "MERGE", 
    "user_email": "etl-sa@msklad-bi-prod.iam.gserviceaccount.com"
  }, 
  {
    "creation_time": "2026-07-17 11:02:08", 
    "end_time": "2026-07-17 11:02:09", 
    "error_message": null, 
    "error_reason": null, 
    "job_id": "573c04d8-7fb4-4676-a319-3549a3a23890", 
    "state": "DONE", 
    "statement_type": "MERGE", 
    "user_email": "etl-sa@msklad-bi-prod.iam.gserviceaccount.com"
  }, 
  {
    "creation_time": "2026-07-17 12:02:04", 
    "end_time": "2026-07-17 12:02:06", 
    "error_message": null, 
    "error_reason": null, 
    "job_id": "61677537-7444-48fc-89ac-7564b7ebccf3", 
    "state": "DONE", 
    "statement_type": "MERGE", 
    "user_email": "etl-sa@msklad-bi-prod.iam.gserviceaccount.com"
  }, 
  {
    "creation_time": "2026-07-17 13:01:59", 
    "end_time": "2026-07-17 13:02:00", 
    "error_message": null, 
    "error_reason": null, 
    "job_id": "39847397-ad03-414b-8c53-a150a139daf4", 
    "state": "DONE", 
    "statement_type": "MERGE", 
    "user_email": "etl-sa@msklad-bi-prod.iam.gserviceaccount.com"
  }, 
  {
    "creation_time": "2026-07-17 14:02:07", 
    "end_time": "2026-07-17 14:02:09", 
    "error_message": null, 
    "error_reason": null, 
    "job_id": "c2dcef9b-400f-47ca-a5ee-829efc6e9e99", 
    "state": "DONE", 
    "statement_type": "MERGE", 
    "user_email": "etl-sa@msklad-bi-prod.iam.gserviceaccount.com"
  }, 
  {
    "creation_time": "2026-07-17 15:02:09", 
    "end_time": "2026-07-17 15:02:11", 
    "error_message": null, 
    "error_reason": null, 
    "job_id": "bc6d6103-2397-4f1c-8074-5e0c30afae23", 
    "state": "DONE", 
    "statement_type": "MERGE", 
    "user_email": "etl-sa@msklad-bi-prod.iam.gserviceaccount.com"
  }, 
  {
    "creation_time": "2026-07-17 16:01:59", 
    "end_time": "2026-07-17 16:02:00", 
    "error_message": null, 
    "error_reason": null, 
    "job_id": "a7d82bc5-6172-40f8-a72a-1119a5260190", 
    "state": "DONE", 
    "statement_type": "MERGE", 
    "user_email": "etl-sa@msklad-bi-prod.iam.gserviceaccount.com"
  }, 
  {
    "creation_time": "2026-07-17 17:02:04", 
    "end_time": "2026-07-17 17:02:06", 
    "error_message": null, 
    "error_reason": null, 
    "job_id": "fb74cfcd-e955-45cc-9fd1-c1b1410b30d5", 
    "state": "DONE", 
    "statement_type": "MERGE", 
    "user_email": "etl-sa@msklad-bi-prod.iam.gserviceaccount.com"
  }, 
  {
    "creation_time": "2026-07-17 18:01:51", 
    "end_time": "2026-07-17 18:01:52", 
    "error_message": null, 
    "error_reason": null, 
    "job_id": "5e09b389-cb5b-4669-85ef-af99ea498069", 
    "state": "DONE", 
    "statement_type": "MERGE", 
    "user_email": "etl-sa@msklad-bi-prod.iam.gserviceaccount.com"
  }, 
  {
    "creation_time": "2026-07-17 19:02:02", 
    "end_time": "2026-07-17 19:02:03", 
    "error_message": null, 
    "error_reason": null, 
    "job_id": "fefce7d7-f4f0-43be-bcab-91fbf9ad5fd6", 
    "state": "DONE", 
    "statement_type": "MERGE", 
    "user_email": "etl-sa@msklad-bi-prod.iam.gserviceaccount.com"
  }, 
  {
    "creation_time": "2026-07-17 20:01:48", 
    "end_time": "2026-07-17 20:01:49", 
    "error_message": null, 
    "error_reason": null, 
    "job_id": "f208e8cd-3ba0-4dc6-90e4-9b6afcaa2bbb", 
    "state": "DONE", 
    "statement_type": "MERGE", 
    "user_email": "etl-sa@msklad-bi-prod.iam.gserviceaccount.com"
  }, 
  {
    "creation_time": "2026-07-17 21:01:53", 
    "end_time": "2026-07-17 21:01:55", 
    "error_message": null, 
    "error_reason": null, 
    "job_id": "71db5d28-9f26-4667-aedd-e98bc8ad4a4f", 
    "state": "DONE", 
    "statement_type": "MERGE", 
    "user_email": "etl-sa@msklad-bi-prod.iam.gserviceaccount.com"
  }, 
  {
    "creation_time": "2026-07-17 22:02:04", 
    "end_time": "2026-07-17 22:02:05", 
    "error_message": null, 
    "error_reason": null, 
    "job_id": "57139d26-9eea-44e5-9301-41d15ca62f5e", 
    "state": "DONE", 
    "statement_type": "MERGE", 
    "user_email": "etl-sa@msklad-bi-prod.iam.gserviceaccount.com"
  }, 
  {
    "creation_time": "2026-07-17 23:01:53", 
    "end_time": "2026-07-17 23:01:55", 
    "error_message": null, 
    "error_reason": null, 
    "job_id": "94aa4597-1b6b-4096-8f58-4ca7ac4b76c0", 
    "state": "DONE", 
    "statement_type": "MERGE", 
    "user_email": "etl-sa@msklad-bi-prod.iam.gserviceaccount.com"
  }, 
  {
    "creation_time": "2026-07-18 00:02:08", 
    "end_time": "2026-07-18 00:02:11", 
    "error_message": null, 
    "error_reason": null, 
    "job_id": "393731f3-64c3-4f28-98b7-4ac2d1002b0b", 
    "state": "DONE", 
    "statement_type": "MERGE", 
    "user_email": "etl-sa@msklad-bi-prod.iam.gserviceaccount.com"
  }, 
  {
    "creation_time": "2026-07-18 01:01:52", 
    "end_time": "2026-07-18 01:01:53", 
    "error_message": null, 
    "error_reason": null, 
    "job_id": "8dfb57ab-1af8-44b9-a8ab-3d9c21776b2f", 
    "state": "DONE", 
    "statement_type": "MERGE", 
    "user_email": "etl-sa@msklad-bi-prod.iam.gserviceaccount.com"
  }, 
  {
    "creation_time": "2026-07-18 02:02:00", 
    "end_time": "2026-07-18 02:02:01", 
    "error_message": null, 
    "error_reason": null, 
    "job_id": "fdfb770f-bcca-4a5a-b4d6-e682e0bb321a", 
    "state": "DONE", 
    "statement_type": "MERGE", 
    "user_email": "etl-sa@msklad-bi-prod.iam.gserviceaccount.com"
  }, 
  {
    "creation_time": "2026-07-18 03:01:44", 
    "end_time": "2026-07-18 03:01:46", 
    "error_message": null, 
    "error_reason": null, 
    "job_id": "585e00f6-f0e4-4d8b-b676-45b1136122db", 
    "state": "DONE", 
    "statement_type": "MERGE", 
    "user_email": "etl-sa@msklad-bi-prod.iam.gserviceaccount.com"
  }, 
  {
    "creation_time": "2026-07-18 04:02:01", 
    "end_time": "2026-07-18 04:02:04", 
    "error_message": null, 
    "error_reason": null, 
    "job_id": "b4775d1b-89ce-4737-a9f8-79eb44c2c87d", 
    "state": "DONE", 
    "statement_type": "MERGE", 
    "user_email": "etl-sa@msklad-bi-prod.iam.gserviceaccount.com"
  }, 
  {
    "creation_time": "2026-07-18 05:01:50", 
    "end_time": "2026-07-18 05:01:52", 
    "error_message": null, 
    "error_reason": null, 
    "job_id": "2c4a40b7-53a9-48ba-85a7-529960375a0d", 
    "state": "DONE", 
    "statement_type": "MERGE", 
    "user_email": "etl-sa@msklad-bi-prod.iam.gserviceaccount.com"
  }, 
  {
    "creation_time": "2026-07-18 06:02:04", 
    "end_time": "2026-07-18 06:02:05", 
    "error_message": null, 
    "error_reason": null, 
    "job_id": "80d37638-e63f-4d67-96c8-3d44f5fcc456", 
    "state": "DONE", 
    "statement_type": "MERGE", 
    "user_email": "etl-sa@msklad-bi-prod.iam.gserviceaccount.com"
  }, 
  {
    "creation_time": "2026-07-18 07:02:13", 
    "end_time": "2026-07-18 07:02:14", 
    "error_message": null, 
    "error_reason": null, 
    "job_id": "77a01216-0605-4514-b128-0ffd4d0b6ce0", 
    "state": "DONE", 
    "statement_type": "MERGE", 
    "user_email": "etl-sa@msklad-bi-prod.iam.gserviceaccount.com"
  }, 
  {
    "creation_time": "2026-07-18 09:02:13", 
    "end_time": "2026-07-18 09:02:14", 
    "error_message": null, 
    "error_reason": null, 
    "job_id": "f39d794d-e8ba-428f-b80e-905c7076f0e1", 
    "state": "DONE", 
    "statement_type": "MERGE", 
    "user_email": "etl-sa@msklad-bi-prod.iam.gserviceaccount.com"
  }, 
  {
    "creation_time": "2026-07-18 10:02:14", 
    "end_time": "2026-07-18 10:02:16", 
    "error_message": null, 
    "error_reason": null, 
    "job_id": "f4ab6b1e-b271-4555-b88f-967d8b74b11b", 
    "state": "DONE", 
    "statement_type": "MERGE", 
    "user_email": "etl-sa@msklad-bi-prod.iam.gserviceaccount.com"
  }, 
  {
    "creation_time": "2026-07-18 11:02:11", 
    "end_time": "2026-07-18 11:02:13", 
    "error_message": null, 
    "error_reason": null, 
    "job_id": "43011add-dfbd-416d-9d17-81e1e2c41f49", 
    "state": "DONE", 
    "statement_type": "MERGE", 
    "user_email": "etl-sa@msklad-bi-prod.iam.gserviceaccount.com"
  }, 
  {
    "creation_time": "2026-07-18 12:02:10", 
    "end_time": "2026-07-18 12:02:12", 
    "error_message": null, 
    "error_reason": null, 
    "job_id": "46c6e755-f98f-4e55-94fd-b57c4ec64022", 
    "state": "DONE", 
    "statement_type": "MERGE", 
    "user_email": "etl-sa@msklad-bi-prod.iam.gserviceaccount.com"
  }, 
  {
    "creation_time": "2026-07-18 13:02:12", 
    "end_time": "2026-07-18 13:02:13", 
    "error_message": null, 
    "error_reason": null, 
    "job_id": "3d09108f-0b74-48f9-82ed-c21ed9f77750", 
    "state": "DONE", 
    "statement_type": "MERGE", 
    "user_email": "etl-sa@msklad-bi-prod.iam.gserviceaccount.com"
  }, 
  {
    "creation_time": "2026-07-18 14:01:53", 
    "end_time": "2026-07-18 14:01:55", 
    "error_message": null, 
    "error_reason": null, 
    "job_id": "86b0cd03-bc97-44dd-bb88-267444442ccc", 
    "state": "DONE", 
    "statement_type": "MERGE", 
    "user_email": "etl-sa@msklad-bi-prod.iam.gserviceaccount.com"
  }, 
  {
    "creation_time": "2026-07-18 15:01:53", 
    "end_time": "2026-07-18 15:01:55", 
    "error_message": null, 
    "error_reason": null, 
    "job_id": "5027ec84-9504-4e21-808f-a0ce6c8f4c1d", 
    "state": "DONE", 
    "statement_type": "MERGE", 
    "user_email": "etl-sa@msklad-bi-prod.iam.gserviceaccount.com"
  }, 
  {
    "creation_time": "2026-07-18 16:02:13", 
    "end_time": "2026-07-18 16:02:14", 
    "error_message": null, 
    "error_reason": null, 
    "job_id": "b7b631c0-84a1-4220-b77d-291e76d3db51", 
    "state": "DONE", 
    "statement_type": "MERGE", 
    "user_email": "etl-sa@msklad-bi-prod.iam.gserviceaccount.com"
  }, 
  {
    "creation_time": "2026-07-18 17:02:21", 
    "end_time": "2026-07-18 17:02:23", 
    "error_message": null, 
    "error_reason": null, 
    "job_id": "cdc4451e-8ab4-431f-89ec-ed2ee6d50f1a", 
    "state": "DONE", 
    "statement_type": "MERGE", 
    "user_email": "etl-sa@msklad-bi-prod.iam.gserviceaccount.com"
  }, 
  {
    "creation_time": "2026-07-18 18:02:13", 
    "end_time": "2026-07-18 18:02:15", 
    "error_message": null, 
    "error_reason": null, 
    "job_id": "5757209c-0b20-4447-a90d-3f98a688a2d9", 
    "state": "DONE", 
    "statement_type": "MERGE", 
    "user_email": "etl-sa@msklad-bi-prod.iam.gserviceaccount.com"
  }, 
  {
    "creation_time": "2026-07-18 19:02:00", 
    "end_time": "2026-07-18 19:02:02", 
    "error_message": null, 
    "error_reason": null, 
    "job_id": "2216d1e8-c5c0-4606-b565-623d6e685cf9", 
    "state": "DONE", 
    "statement_type": "MERGE", 
    "user_email": "etl-sa@msklad-bi-prod.iam.gserviceaccount.com"
  }, 
  {
    "creation_time": "2026-07-18 20:01:55", 
    "end_time": "2026-07-18 20:01:56", 
    "error_message": null, 
    "error_reason": null, 
    "job_id": "a86eca22-5aca-41ca-98d7-8b84f8cb68c8", 
    "state": "DONE", 
    "statement_type": "MERGE", 
    "user_email": "etl-sa@msklad-bi-prod.iam.gserviceaccount.com"
  }, 
  {
    "creation_time": "2026-07-18 21:01:41", 
    "end_time": "2026-07-18 21:01:43", 
    "error_message": null, 
    "error_reason": null, 
    "job_id": "580ad869-b7d3-4981-a751-f79706c51c6b", 
    "state": "DONE", 
    "statement_type": "MERGE", 
    "user_email": "etl-sa@msklad-bi-prod.iam.gserviceaccount.com"
  }, 
  {
    "creation_time": "2026-07-18 22:02:04", 
    "end_time": "2026-07-18 22:02:06", 
    "error_message": null, 
    "error_reason": null, 
    "job_id": "76405c4d-ff9a-43f9-8510-41ba63e630ae", 
    "state": "DONE", 
    "statement_type": "MERGE", 
    "user_email": "etl-sa@msklad-bi-prod.iam.gserviceaccount.com"
  }, 
  {
    "creation_time": "2026-07-18 23:02:21", 
    "end_time": "2026-07-18 23:02:23", 
    "error_message": null, 
    "error_reason": null, 
    "job_id": "5211f215-bd36-4dea-9a23-2f534ace8f68", 
    "state": "DONE", 
    "statement_type": "MERGE", 
    "user_email": "etl-sa@msklad-bi-prod.iam.gserviceaccount.com"
  }, 
  {
    "creation_time": "2026-07-19 00:02:01", 
    "end_time": "2026-07-19 00:02:02", 
    "error_message": null, 
    "error_reason": null, 
    "job_id": "195ec821-3bf7-49c9-adf6-06345e35050d", 
    "state": "DONE", 
    "statement_type": "MERGE", 
    "user_email": "etl-sa@msklad-bi-prod.iam.gserviceaccount.com"
  }, 
  {
    "creation_time": "2026-07-19 01:01:47", 
    "end_time": "2026-07-19 01:01:49", 
    "error_message": null, 
    "error_reason": null, 
    "job_id": "e517aef2-c0ef-4b4a-b72a-d19918a60d49", 
    "state": "DONE", 
    "statement_type": "MERGE", 
    "user_email": "etl-sa@msklad-bi-prod.iam.gserviceaccount.com"
  }, 
  {
    "creation_time": "2026-07-19 01:08:45", 
    "end_time": "2026-07-19 01:08:47", 
    "error_message": null, 
    "error_reason": null, 
    "job_id": "5ce0f861-d0ce-4699-89b7-a48bc3cc98b9", 
    "state": "DONE", 
    "statement_type": "MERGE", 
    "user_email": "etl-sa@msklad-bi-prod.iam.gserviceaccount.com"
  }, 
  {
    "creation_time": "2026-07-19 02:02:13", 
    "end_time": "2026-07-19 02:02:14", 
    "error_message": null, 
    "error_reason": null, 
    "job_id": "e6a3093e-1f79-4c1a-b2cd-fb50f2d24a8e", 
    "state": "DONE", 
    "statement_type": "MERGE", 
    "user_email": "etl-sa@msklad-bi-prod.iam.gserviceaccount.com"
  }, 
  {
    "creation_time": "2026-07-19 03:01:59", 
    "end_time": "2026-07-19 03:02:00", 
    "error_message": null, 
    "error_reason": null, 
    "job_id": "ca700a6a-ce0a-4fc2-a429-0e16992f915b", 
    "state": "DONE", 
    "statement_type": "MERGE", 
    "user_email": "etl-sa@msklad-bi-prod.iam.gserviceaccount.com"
  }, 
  {
    "creation_time": "2026-07-19 04:01:43", 
    "end_time": "2026-07-19 04:01:45", 
    "error_message": null, 
    "error_reason": null, 
    "job_id": "2fa62c9e-30bc-4c03-809b-a5df33efd690", 
    "state": "DONE", 
    "statement_type": "MERGE", 
    "user_email": "etl-sa@msklad-bi-prod.iam.gserviceaccount.com"
  }, 
  {
    "creation_time": "2026-07-19 05:01:47", 
    "end_time": "2026-07-19 05:01:48", 
    "error_message": null, 
    "error_reason": null, 
    "job_id": "543c5c8a-8cd9-4e9c-868d-1e823a736191", 
    "state": "DONE", 
    "statement_type": "MERGE", 
    "user_email": "etl-sa@msklad-bi-prod.iam.gserviceaccount.com"
  }, 
  {
    "creation_time": "2026-07-19 06:01:47", 
    "end_time": "2026-07-19 06:01:49", 
    "error_message": null, 
    "error_reason": null, 
    "job_id": "53ef1ab0-acbc-4821-b758-b9c32b405299", 
    "state": "DONE", 
    "statement_type": "MERGE", 
    "user_email": "etl-sa@msklad-bi-prod.iam.gserviceaccount.com"
  }, 
  {
    "creation_time": "2026-07-19 07:02:08", 
    "end_time": "2026-07-19 07:02:10", 
    "error_message": null, 
    "error_reason": null, 
    "job_id": "e828c0bb-601d-4950-b0e0-f0cb94cd7471", 
    "state": "DONE", 
    "statement_type": "MERGE", 
    "user_email": "etl-sa@msklad-bi-prod.iam.gserviceaccount.com"
  }, 
  {
    "creation_time": "2026-07-19 08:01:53", 
    "end_time": "2026-07-19 08:01:54", 
    "error_message": null, 
    "error_reason": null, 
    "job_id": "4974f6fd-64a1-4c7a-8301-6e6e9820f2a8", 
    "state": "DONE", 
    "statement_type": "MERGE", 
    "user_email": "etl-sa@msklad-bi-prod.iam.gserviceaccount.com"
  }, 
  {
    "creation_time": "2026-07-19 09:02:00", 
    "end_time": "2026-07-19 09:02:01", 
    "error_message": null, 
    "error_reason": null, 
    "job_id": "4575d77d-b4e1-4120-bac7-6c393923976d", 
    "state": "DONE", 
    "statement_type": "MERGE", 
    "user_email": "etl-sa@msklad-bi-prod.iam.gserviceaccount.com"
  }, 
  {
    "creation_time": "2026-07-19 10:02:02", 
    "end_time": "2026-07-19 10:02:04", 
    "error_message": null, 
    "error_reason": null, 
    "job_id": "c26882cc-ca24-489d-b38a-ff79c8e6d0d2", 
    "state": "DONE", 
    "statement_type": "MERGE", 
    "user_email": "etl-sa@msklad-bi-prod.iam.gserviceaccount.com"
  }, 
  {
    "creation_time": "2026-07-19 11:01:55", 
    "end_time": "2026-07-19 11:01:57", 
    "error_message": null, 
    "error_reason": null, 
    "job_id": "bebb7420-6811-41f0-b996-83388b294f7b", 
    "state": "DONE", 
    "statement_type": "MERGE", 
    "user_email": "etl-sa@msklad-bi-prod.iam.gserviceaccount.com"
  }, 
  {
    "creation_time": "2026-07-19 12:01:56", 
    "end_time": "2026-07-19 12:01:58", 
    "error_message": null, 
    "error_reason": null, 
    "job_id": "27671977-5553-4bb9-a665-761efa5f4c63", 
    "state": "DONE", 
    "statement_type": "MERGE", 
    "user_email": "etl-sa@msklad-bi-prod.iam.gserviceaccount.com"
  }, 
  {
    "creation_time": "2026-07-19 13:02:07", 
    "end_time": "2026-07-19 13:02:09", 
    "error_message": null, 
    "error_reason": null, 
    "job_id": "d7e95d81-addb-46da-b877-142a4856b310", 
    "state": "DONE", 
    "statement_type": "MERGE", 
    "user_email": "etl-sa@msklad-bi-prod.iam.gserviceaccount.com"
  }, 
  {
    "creation_time": "2026-07-19 14:02:04", 
    "end_time": "2026-07-19 14:02:07", 
    "error_message": null, 
    "error_reason": null, 
    "job_id": "30a2b96e-888b-40ac-bf10-93483d0d292a", 
    "state": "DONE", 
    "statement_type": "MERGE", 
    "user_email": "etl-sa@msklad-bi-prod.iam.gserviceaccount.com"
  }, 
  {
    "creation_time": "2026-07-19 15:02:05", 
    "end_time": "2026-07-19 15:02:07", 
    "error_message": null, 
    "error_reason": null, 
    "job_id": "f093bd01-1182-41c9-a671-b88962ce38d9", 
    "state": "DONE", 
    "statement_type": "MERGE", 
    "user_email": "etl-sa@msklad-bi-prod.iam.gserviceaccount.com"
  }, 
  {
    "creation_time": "2026-07-19 16:02:02", 
    "end_time": "2026-07-19 16:02:04", 
    "error_message": null, 
    "error_reason": null, 
    "job_id": "091a6cc7-aa5b-42d5-a447-c74d43617c8b", 
    "state": "DONE", 
    "statement_type": "MERGE", 
    "user_email": "etl-sa@msklad-bi-prod.iam.gserviceaccount.com"
  }, 
  {
    "creation_time": "2026-07-19 17:02:03", 
    "end_time": "2026-07-19 17:02:04", 
    "error_message": null, 
    "error_reason": null, 
    "job_id": "e7dd4756-2190-4363-a043-3ec32cc20483", 
    "state": "DONE", 
    "statement_type": "MERGE", 
    "user_email": "etl-sa@msklad-bi-prod.iam.gserviceaccount.com"
  }, 
  {
    "creation_time": "2026-07-19 18:01:58", 
    "end_time": "2026-07-19 18:02:00", 
    "error_message": null, 
    "error_reason": null, 
    "job_id": "28dfc02b-20f4-4618-b5b9-0f721d15cf1c", 
    "state": "DONE", 
    "statement_type": "MERGE", 
    "user_email": "etl-sa@msklad-bi-prod.iam.gserviceaccount.com"
  }, 
  {
    "creation_time": "2026-07-19 19:01:56", 
    "end_time": "2026-07-19 19:01:57", 
    "error_message": null, 
    "error_reason": null, 
    "job_id": "e4f9c20d-2635-4b58-8cc7-35a6b3182b4b", 
    "state": "DONE", 
    "statement_type": "MERGE", 
    "user_email": "etl-sa@msklad-bi-prod.iam.gserviceaccount.com"
  }, 
  {
    "creation_time": "2026-07-19 20:02:03", 
    "end_time": "2026-07-19 20:02:04", 
    "error_message": null, 
    "error_reason": null, 
    "job_id": "549a8360-48dd-473c-a58d-2447b0360263", 
    "state": "DONE", 
    "statement_type": "MERGE", 
    "user_email": "etl-sa@msklad-bi-prod.iam.gserviceaccount.com"
  }, 
  {
    "creation_time": "2026-07-19 21:02:08", 
    "end_time": "2026-07-19 21:02:09", 
    "error_message": null, 
    "error_reason": null, 
    "job_id": "3babd9a8-364c-450b-b416-d649d47f3075", 
    "state": "DONE", 
    "statement_type": "MERGE", 
    "user_email": "etl-sa@msklad-bi-prod.iam.gserviceaccount.com"
  }, 
  {
    "creation_time": "2026-07-19 22:02:05", 
    "end_time": "2026-07-19 22:02:07", 
    "error_message": null, 
    "error_reason": null, 
    "job_id": "1f4b2297-478d-4825-916d-1450cd8d7e78", 
    "state": "DONE", 
    "statement_type": "MERGE", 
    "user_email": "etl-sa@msklad-bi-prod.iam.gserviceaccount.com"
  }, 
  {
    "creation_time": "2026-07-19 23:01:57", 
    "end_time": "2026-07-19 23:01:58", 
    "error_message": null, 
    "error_reason": null, 
    "job_id": "2095b723-d96e-4373-acab-633f237fcd71", 
    "state": "DONE", 
    "statement_type": "MERGE", 
    "user_email": "etl-sa@msklad-bi-prod.iam.gserviceaccount.com"
  }, 
  {
    "creation_time": "2026-07-20 00:02:00", 
    "end_time": "2026-07-20 00:02:01", 
    "error_message": null, 
    "error_reason": null, 
    "job_id": "1470a385-d69c-4f7b-a10f-779246360f29", 
    "state": "DONE", 
    "statement_type": "MERGE", 
    "user_email": "etl-sa@msklad-bi-prod.iam.gserviceaccount.com"
  }, 
  {
    "creation_time": "2026-07-20 01:01:54", 
    "end_time": "2026-07-20 01:01:56", 
    "error_message": null, 
    "error_reason": null, 
    "job_id": "e52a8075-d788-4200-a0e9-f47744c05645", 
    "state": "DONE", 
    "statement_type": "MERGE", 
    "user_email": "etl-sa@msklad-bi-prod.iam.gserviceaccount.com"
  }, 
  {
    "creation_time": "2026-07-20 02:02:01", 
    "end_time": "2026-07-20 02:02:02", 
    "error_message": null, 
    "error_reason": null, 
    "job_id": "5efa6662-92fd-47a0-a111-fe3a9f251bdf", 
    "state": "DONE", 
    "statement_type": "MERGE", 
    "user_email": "etl-sa@msklad-bi-prod.iam.gserviceaccount.com"
  }, 
  {
    "creation_time": "2026-07-20 03:01:46", 
    "end_time": "2026-07-20 03:01:48", 
    "error_message": null, 
    "error_reason": null, 
    "job_id": "07ea8f98-de28-487d-b83c-975ce37a0464", 
    "state": "DONE", 
    "statement_type": "MERGE", 
    "user_email": "etl-sa@msklad-bi-prod.iam.gserviceaccount.com"
  }, 
  {
    "creation_time": "2026-07-20 04:01:57", 
    "end_time": "2026-07-20 04:01:58", 
    "error_message": null, 
    "error_reason": null, 
    "job_id": "74159984-0094-42a6-8010-ebeacc6e2f55", 
    "state": "DONE", 
    "statement_type": "MERGE", 
    "user_email": "etl-sa@msklad-bi-prod.iam.gserviceaccount.com"
  }, 
  {
    "creation_time": "2026-07-20 05:02:03", 
    "end_time": "2026-07-20 05:02:05", 
    "error_message": null, 
    "error_reason": null, 
    "job_id": "8a6ee00a-a5f1-4a1f-8cc3-f3fc8d36eea3", 
    "state": "DONE", 
    "statement_type": "MERGE", 
    "user_email": "etl-sa@msklad-bi-prod.iam.gserviceaccount.com"
  }, 
  {
    "creation_time": "2026-07-20 06:02:05", 
    "end_time": "2026-07-20 06:02:06", 
    "error_message": null, 
    "error_reason": null, 
    "job_id": "702e61f8-ef12-4145-a036-07402100c5f7", 
    "state": "DONE", 
    "statement_type": "MERGE", 
    "user_email": "etl-sa@msklad-bi-prod.iam.gserviceaccount.com"
  }, 
  {
    "creation_time": "2026-07-20 07:02:43", 
    "end_time": "2026-07-20 07:02:45", 
    "error_message": null, 
    "error_reason": null, 
    "job_id": "3fa07937-4ce4-4824-a4b1-744fd812efad", 
    "state": "DONE", 
    "statement_type": "MERGE", 
    "user_email": "etl-sa@msklad-bi-prod.iam.gserviceaccount.com"
  }, 
  {
    "creation_time": "2026-07-20 08:02:36", 
    "end_time": "2026-07-20 08:02:38", 
    "error_message": null, 
    "error_reason": null, 
    "job_id": "4c6af65c-1566-4e47-8057-2ffddadd04f9", 
    "state": "DONE", 
    "statement_type": "MERGE", 
    "user_email": "etl-sa@msklad-bi-prod.iam.gserviceaccount.com"
  }, 
  {
    "creation_time": "2026-07-20 09:02:23", 
    "end_time": "2026-07-20 09:02:24", 
    "error_message": null, 
    "error_reason": null, 
    "job_id": "1e972a11-b850-48a1-8d5b-5b1992fbfaee", 
    "state": "DONE", 
    "statement_type": "MERGE", 
    "user_email": "etl-sa@msklad-bi-prod.iam.gserviceaccount.com"
  }, 
  {
    "creation_time": "2026-07-20 10:02:29", 
    "end_time": "2026-07-20 10:02:31", 
    "error_message": null, 
    "error_reason": null, 
    "job_id": "9bdb844e-b22e-49a3-bded-07c5afddff9a", 
    "state": "DONE", 
    "statement_type": "MERGE", 
    "user_email": "etl-sa@msklad-bi-prod.iam.gserviceaccount.com"
  }, 
  {
    "creation_time": "2026-07-20 11:02:02", 
    "end_time": "2026-07-20 11:02:03", 
    "error_message": null, 
    "error_reason": null, 
    "job_id": "5f6965e5-e857-4250-a885-c15f84b45400", 
    "state": "DONE", 
    "statement_type": "MERGE", 
    "user_email": "etl-sa@msklad-bi-prod.iam.gserviceaccount.com"
  }, 
  {
    "creation_time": "2026-07-20 12:02:45", 
    "end_time": "2026-07-20 12:02:46", 
    "error_message": null, 
    "error_reason": null, 
    "job_id": "e662bef5-7cae-4c78-89fc-e6f961041648", 
    "state": "DONE", 
    "statement_type": "MERGE", 
    "user_email": "etl-sa@msklad-bi-prod.iam.gserviceaccount.com"
  }, 
  {
    "creation_time": "2026-07-20 13:02:19", 
    "end_time": "2026-07-20 13:02:21", 
    "error_message": null, 
    "error_reason": null, 
    "job_id": "7763715f-09fa-4393-b416-7ce3367384ca", 
    "state": "DONE", 
    "statement_type": "MERGE", 
    "user_email": "etl-sa@msklad-bi-prod.iam.gserviceaccount.com"
  }, 
  {
    "creation_time": "2026-07-20 14:02:11", 
    "end_time": "2026-07-20 14:02:13", 
    "error_message": null, 
    "error_reason": null, 
    "job_id": "1bb2fcdf-2893-4d11-97f0-8e5e6cabe1c7", 
    "state": "DONE", 
    "statement_type": "MERGE", 
    "user_email": "etl-sa@msklad-bi-prod.iam.gserviceaccount.com"
  }, 
  {
    "creation_time": "2026-07-20 15:02:16", 
    "end_time": "2026-07-20 15:02:17", 
    "error_message": null, 
    "error_reason": null, 
    "job_id": "1b1ad3c8-50be-45ca-9182-2d9858d4fa1f", 
    "state": "DONE", 
    "statement_type": "MERGE", 
    "user_email": "etl-sa@msklad-bi-prod.iam.gserviceaccount.com"
  }, 
  {
    "creation_time": "2026-07-20 16:03:21", 
    "end_time": "2026-07-20 16:03:22", 
    "error_message": null, 
    "error_reason": null, 
    "job_id": "d77cf239-5b94-4499-b9ac-fd0b5609baff", 
    "state": "DONE", 
    "statement_type": "MERGE", 
    "user_email": "etl-sa@msklad-bi-prod.iam.gserviceaccount.com"
  }, 
  {
    "creation_time": "2026-07-20 17:02:04", 
    "end_time": "2026-07-20 17:02:06", 
    "error_message": null, 
    "error_reason": null, 
    "job_id": "6e45ee6b-e5c9-433e-b78f-812bc24c36d8", 
    "state": "DONE", 
    "statement_type": "MERGE", 
    "user_email": "etl-sa@msklad-bi-prod.iam.gserviceaccount.com"
  }, 
  {
    "creation_time": "2026-07-20 18:01:52", 
    "end_time": "2026-07-20 18:01:54", 
    "error_message": null, 
    "error_reason": null, 
    "job_id": "dc39ee5d-d66a-407e-ab46-b5ed3b59575b", 
    "state": "DONE", 
    "statement_type": "MERGE", 
    "user_email": "etl-sa@msklad-bi-prod.iam.gserviceaccount.com"
  }, 
  {
    "creation_time": "2026-07-20 19:02:03", 
    "end_time": "2026-07-20 19:02:05", 
    "error_message": null, 
    "error_reason": null, 
    "job_id": "a1a760c8-42fa-4a27-9ee5-c728df4213fe", 
    "state": "DONE", 
    "statement_type": "MERGE", 
    "user_email": "etl-sa@msklad-bi-prod.iam.gserviceaccount.com"
  }, 
  {
    "creation_time": "2026-07-20 20:01:44", 
    "end_time": "2026-07-20 20:01:46", 
    "error_message": null, 
    "error_reason": null, 
    "job_id": "79d20da4-ac08-478a-9585-6a62bb5ab2d9", 
    "state": "DONE", 
    "statement_type": "MERGE", 
    "user_email": "etl-sa@msklad-bi-prod.iam.gserviceaccount.com"
  }, 
  {
    "creation_time": "2026-07-20 21:01:59", 
    "end_time": "2026-07-20 21:02:00", 
    "error_message": null, 
    "error_reason": null, 
    "job_id": "d7f8f12a-191c-420d-9e0b-873ce3115f98", 
    "state": "DONE", 
    "statement_type": "MERGE", 
    "user_email": "etl-sa@msklad-bi-prod.iam.gserviceaccount.com"
  }, 
  {
    "creation_time": "2026-07-20 22:01:56", 
    "end_time": "2026-07-20 22:01:57", 
    "error_message": null, 
    "error_reason": null, 
    "job_id": "34fa3171-c620-435a-a943-73902b19ffb0", 
    "state": "DONE", 
    "statement_type": "MERGE", 
    "user_email": "etl-sa@msklad-bi-prod.iam.gserviceaccount.com"
  }, 
  {
    "creation_time": "2026-07-20 23:01:57", 
    "end_time": "2026-07-20 23:02:01", 
    "error_message": null, 
    "error_reason": null, 
    "job_id": "b29a2526-fb28-4bd5-b46a-f4bf38dcdae7", 
    "state": "DONE", 
    "statement_type": "MERGE", 
    "user_email": "etl-sa@msklad-bi-prod.iam.gserviceaccount.com"
  }, 
  {
    "creation_time": "2026-07-21 00:03:47", 
    "end_time": "2026-07-21 00:03:48", 
    "error_message": null, 
    "error_reason": null, 
    "job_id": "418dada1-580e-4388-bf02-5a845c69609d", 
    "state": "DONE", 
    "statement_type": "MERGE", 
    "user_email": "etl-sa@msklad-bi-prod.iam.gserviceaccount.com"
  }, 
  {
    "creation_time": "2026-07-21 01:02:01", 
    "end_time": "2026-07-21 01:02:02", 
    "error_message": null, 
    "error_reason": null, 
    "job_id": "272d93ce-e27a-499b-a206-fc0e34ed4636", 
    "state": "DONE", 
    "statement_type": "MERGE", 
    "user_email": "etl-sa@msklad-bi-prod.iam.gserviceaccount.com"
  }, 
  {
    "creation_time": "2026-07-21 02:02:04", 
    "end_time": "2026-07-21 02:02:06", 
    "error_message": null, 
    "error_reason": null, 
    "job_id": "b853b088-dabc-4ad5-8f55-08b7db2af76d", 
    "state": "DONE", 
    "statement_type": "MERGE", 
    "user_email": "etl-sa@msklad-bi-prod.iam.gserviceaccount.com"
  }, 
  {
    "creation_time": "2026-07-21 03:02:03", 
    "end_time": "2026-07-21 03:02:04", 
    "error_message": null, 
    "error_reason": null, 
    "job_id": "dcdc680e-f1d5-4055-83a1-38fc0f672df1", 
    "state": "DONE", 
    "statement_type": "MERGE", 
    "user_email": "etl-sa@msklad-bi-prod.iam.gserviceaccount.com"
  }, 
  {
    "creation_time": "2026-07-21 04:02:06", 
    "end_time": "2026-07-21 04:02:07", 
    "error_message": null, 
    "error_reason": null, 
    "job_id": "006e0ffb-e840-4780-95b1-d80e5691741c", 
    "state": "DONE", 
    "statement_type": "MERGE", 
    "user_email": "etl-sa@msklad-bi-prod.iam.gserviceaccount.com"
  }, 
  {
    "creation_time": "2026-07-21 05:02:07", 
    "end_time": "2026-07-21 05:02:08", 
    "error_message": null, 
    "error_reason": null, 
    "job_id": "84ab455f-6b3e-46b9-9f0c-8c4bcfc23309", 
    "state": "DONE", 
    "statement_type": "MERGE", 
    "user_email": "etl-sa@msklad-bi-prod.iam.gserviceaccount.com"
  }, 
  {
    "creation_time": "2026-07-21 06:02:10", 
    "end_time": "2026-07-21 06:02:11", 
    "error_message": null, 
    "error_reason": null, 
    "job_id": "17453c85-0b1c-400e-8041-c1fa2a5440ae", 
    "state": "DONE", 
    "statement_type": "MERGE", 
    "user_email": "etl-sa@msklad-bi-prod.iam.gserviceaccount.com"
  }, 
  {
    "creation_time": "2026-07-21 07:02:33", 
    "end_time": "2026-07-21 07:02:34", 
    "error_message": null, 
    "error_reason": null, 
    "job_id": "33f4437c-97cd-4746-81b4-d7a3ab598386", 
    "state": "DONE", 
    "statement_type": "MERGE", 
    "user_email": "etl-sa@msklad-bi-prod.iam.gserviceaccount.com"
  }, 
  {
    "creation_time": "2026-07-21 08:02:33", 
    "end_time": "2026-07-21 08:02:34", 
    "error_message": null, 
    "error_reason": null, 
    "job_id": "7a148c2d-cdc2-4f8f-85da-d5446c7938ff", 
    "state": "DONE", 
    "statement_type": "MERGE", 
    "user_email": "etl-sa@msklad-bi-prod.iam.gserviceaccount.com"
  }, 
  {
    "creation_time": "2026-07-21 09:02:38", 
    "end_time": "2026-07-21 09:02:40", 
    "error_message": null, 
    "error_reason": null, 
    "job_id": "2a76e12d-fd57-4bef-9e4d-d4e20621c644", 
    "state": "DONE", 
    "statement_type": "MERGE", 
    "user_email": "etl-sa@msklad-bi-prod.iam.gserviceaccount.com"
  }, 
  {
    "creation_time": "2026-07-21 10:02:42", 
    "end_time": "2026-07-21 10:02:43", 
    "error_message": null, 
    "error_reason": null, 
    "job_id": "baaad018-9150-44a1-81df-95d0b284794b", 
    "state": "DONE", 
    "statement_type": "MERGE", 
    "user_email": "etl-sa@msklad-bi-prod.iam.gserviceaccount.com"
  }, 
  {
    "creation_time": "2026-07-21 11:02:28", 
    "end_time": "2026-07-21 11:02:30", 
    "error_message": null, 
    "error_reason": null, 
    "job_id": "2bf01c59-09e8-4541-b37f-a370271bd7fe", 
    "state": "DONE", 
    "statement_type": "MERGE", 
    "user_email": "etl-sa@msklad-bi-prod.iam.gserviceaccount.com"
  }, 
  {
    "creation_time": "2026-07-21 12:02:35", 
    "end_time": "2026-07-21 12:02:37", 
    "error_message": null, 
    "error_reason": null, 
    "job_id": "8c037371-4409-4169-825f-2c90fc0d3765", 
    "state": "DONE", 
    "statement_type": "MERGE", 
    "user_email": "etl-sa@msklad-bi-prod.iam.gserviceaccount.com"
  }, 
  {
    "creation_time": "2026-07-21 13:02:30", 
    "end_time": "2026-07-21 13:02:32", 
    "error_message": null, 
    "error_reason": null, 
    "job_id": "36f0cb76-fa8a-47ad-b3d2-6861c7bfd53c", 
    "state": "DONE", 
    "statement_type": "MERGE", 
    "user_email": "etl-sa@msklad-bi-prod.iam.gserviceaccount.com"
  }, 
  {
    "creation_time": "2026-07-21 14:02:23", 
    "end_time": "2026-07-21 14:02:25", 
    "error_message": null, 
    "error_reason": null, 
    "job_id": "f0706600-d74e-46a4-826e-90936789465c", 
    "state": "DONE", 
    "statement_type": "MERGE", 
    "user_email": "etl-sa@msklad-bi-prod.iam.gserviceaccount.com"
  }, 
  {
    "creation_time": "2026-07-21 15:02:13", 
    "end_time": "2026-07-21 15:02:15", 
    "error_message": null, 
    "error_reason": null, 
    "job_id": "38f530bc-361e-4ae4-8115-3f29923abc2f", 
    "state": "DONE", 
    "statement_type": "MERGE", 
    "user_email": "etl-sa@msklad-bi-prod.iam.gserviceaccount.com"
  }, 
  {
    "creation_time": "2026-07-21 16:02:17", 
    "end_time": "2026-07-21 16:02:18", 
    "error_message": null, 
    "error_reason": null, 
    "job_id": "0c813b2c-bb9e-4d2d-aa70-bec4dde9b0ee", 
    "state": "DONE", 
    "statement_type": "MERGE", 
    "user_email": "etl-sa@msklad-bi-prod.iam.gserviceaccount.com"
  }, 
  {
    "creation_time": "2026-07-21 18:02:09", 
    "end_time": "2026-07-21 18:02:11", 
    "error_message": null, 
    "error_reason": null, 
    "job_id": "35d5c704-6109-4379-b1dc-5766c0516855", 
    "state": "DONE", 
    "statement_type": "MERGE", 
    "user_email": "etl-sa@msklad-bi-prod.iam.gserviceaccount.com"
  }, 
  {
    "creation_time": "2026-07-21 19:01:50", 
    "end_time": "2026-07-21 19:01:51", 
    "error_message": null, 
    "error_reason": null, 
    "job_id": "d84a1dc0-d346-4a7e-9ad0-31d72c40d07a", 
    "state": "DONE", 
    "statement_type": "MERGE", 
    "user_email": "etl-sa@msklad-bi-prod.iam.gserviceaccount.com"
  }, 
  {
    "creation_time": "2026-07-21 20:02:25", 
    "end_time": "2026-07-21 20:02:29", 
    "error_message": null, 
    "error_reason": null, 
    "job_id": "5a093253-c489-4fa9-a490-0ff9e4cd3917", 
    "state": "DONE", 
    "statement_type": "MERGE", 
    "user_email": "etl-sa@msklad-bi-prod.iam.gserviceaccount.com"
  }, 
  {
    "creation_time": "2026-07-21 21:02:07", 
    "end_time": "2026-07-21 21:02:08", 
    "error_message": null, 
    "error_reason": null, 
    "job_id": "bad910e9-7fab-4d28-9c6a-1a57020d879a", 
    "state": "DONE", 
    "statement_type": "MERGE", 
    "user_email": "etl-sa@msklad-bi-prod.iam.gserviceaccount.com"
  }, 
  {
    "creation_time": "2026-07-21 22:02:29", 
    "end_time": "2026-07-21 22:02:31", 
    "error_message": null, 
    "error_reason": null, 
    "job_id": "b22d08b9-2916-4ae9-bbf2-ec8a22814879", 
    "state": "DONE", 
    "statement_type": "MERGE", 
    "user_email": "etl-sa@msklad-bi-prod.iam.gserviceaccount.com"
  }, 
  {
    "creation_time": "2026-07-21 23:02:27", 
    "end_time": "2026-07-21 23:02:28", 
    "error_message": null, 
    "error_reason": null, 
    "job_id": "f580c6ac-06b3-45c7-91ff-5174596c1a89", 
    "state": "DONE", 
    "statement_type": "MERGE", 
    "user_email": "etl-sa@msklad-bi-prod.iam.gserviceaccount.com"
  }, 
  {
    "creation_time": "2026-07-22 00:02:35", 
    "end_time": "2026-07-22 00:02:37", 
    "error_message": null, 
    "error_reason": null, 
    "job_id": "1791b252-dc18-45c6-8375-e634d4282a7a", 
    "state": "DONE", 
    "statement_type": "MERGE", 
    "user_email": "etl-sa@msklad-bi-prod.iam.gserviceaccount.com"
  }, 
  {
    "creation_time": "2026-07-22 01:01:56", 
    "end_time": "2026-07-22 01:01:57", 
    "error_message": null, 
    "error_reason": null, 
    "job_id": "dfeb8c83-0917-4720-b270-5bac420fdff6", 
    "state": "DONE", 
    "statement_type": "MERGE", 
    "user_email": "etl-sa@msklad-bi-prod.iam.gserviceaccount.com"
  }, 
  {
    "creation_time": "2026-07-22 02:01:54", 
    "end_time": "2026-07-22 02:01:56", 
    "error_message": null, 
    "error_reason": null, 
    "job_id": "9d5f028d-c893-4e02-a844-cf24ca181c40", 
    "state": "DONE", 
    "statement_type": "MERGE", 
    "user_email": "etl-sa@msklad-bi-prod.iam.gserviceaccount.com"
  }, 
  {
    "creation_time": "2026-07-22 03:02:07", 
    "end_time": "2026-07-22 03:02:08", 
    "error_message": null, 
    "error_reason": null, 
    "job_id": "18449ae5-6c67-4dbf-a5c6-f87cf5c2c420", 
    "state": "DONE", 
    "statement_type": "MERGE", 
    "user_email": "etl-sa@msklad-bi-prod.iam.gserviceaccount.com"
  }, 
  {
    "creation_time": "2026-07-22 04:01:59", 
    "end_time": "2026-07-22 04:02:00", 
    "error_message": null, 
    "error_reason": null, 
    "job_id": "3ae9a3cb-1bf8-4f17-a7ff-b6e529502029", 
    "state": "DONE", 
    "statement_type": "MERGE", 
    "user_email": "etl-sa@msklad-bi-prod.iam.gserviceaccount.com"
  }, 
  {
    "creation_time": "2026-07-22 05:01:56", 
    "end_time": "2026-07-22 05:01:57", 
    "error_message": null, 
    "error_reason": null, 
    "job_id": "29bd0505-12bd-4f14-a801-33699afd4015", 
    "state": "DONE", 
    "statement_type": "MERGE", 
    "user_email": "etl-sa@msklad-bi-prod.iam.gserviceaccount.com"
  }, 
  {
    "creation_time": "2026-07-22 06:02:09", 
    "end_time": "2026-07-22 06:02:10", 
    "error_message": null, 
    "error_reason": null, 
    "job_id": "80b081c9-f839-45a9-a5ce-e3ccf3ce07a1", 
    "state": "DONE", 
    "statement_type": "MERGE", 
    "user_email": "etl-sa@msklad-bi-prod.iam.gserviceaccount.com"
  }, 
  {
    "creation_time": "2026-07-22 07:02:06", 
    "end_time": "2026-07-22 07:02:08", 
    "error_message": null, 
    "error_reason": null, 
    "job_id": "c1d0884e-3b48-4aaa-ac59-864ed4c9e18b", 
    "state": "DONE", 
    "statement_type": "MERGE", 
    "user_email": "etl-sa@msklad-bi-prod.iam.gserviceaccount.com"
  }, 
  {
    "creation_time": "2026-07-22 08:02:17", 
    "end_time": "2026-07-22 08:02:18", 
    "error_message": null, 
    "error_reason": null, 
    "job_id": "45ed2eb9-b2d2-4f03-bab6-f410c4a0f564", 
    "state": "DONE", 
    "statement_type": "MERGE", 
    "user_email": "etl-sa@msklad-bi-prod.iam.gserviceaccount.com"
  }, 
  {
    "creation_time": "2026-07-22 09:02:18", 
    "end_time": "2026-07-22 09:02:19", 
    "error_message": null, 
    "error_reason": null, 
    "job_id": "eb7bc391-9643-4336-9706-f2eaaec070c7", 
    "state": "DONE", 
    "statement_type": "MERGE", 
    "user_email": "etl-sa@msklad-bi-prod.iam.gserviceaccount.com"
  }, 
  {
    "creation_time": "2026-07-22 10:02:30", 
    "end_time": "2026-07-22 10:02:32", 
    "error_message": null, 
    "error_reason": null, 
    "job_id": "345d9679-20ef-4c49-9c7b-2592aaf1d720", 
    "state": "DONE", 
    "statement_type": "MERGE", 
    "user_email": "etl-sa@msklad-bi-prod.iam.gserviceaccount.com"
  }, 
  {
    "creation_time": "2026-07-22 11:02:18", 
    "end_time": "2026-07-22 11:02:20", 
    "error_message": null, 
    "error_reason": null, 
    "job_id": "d81c1f09-1ce3-48cb-b7dc-7ec9b060b614", 
    "state": "DONE", 
    "statement_type": "MERGE", 
    "user_email": "etl-sa@msklad-bi-prod.iam.gserviceaccount.com"
  }, 
  {
    "creation_time": "2026-07-22 12:02:28", 
    "end_time": "2026-07-22 12:02:29", 
    "error_message": null, 
    "error_reason": null, 
    "job_id": "86a37e23-b57d-4ec6-9543-01c00e4f362f", 
    "state": "DONE", 
    "statement_type": "MERGE", 
    "user_email": "etl-sa@msklad-bi-prod.iam.gserviceaccount.com"
  }, 
  {
    "creation_time": "2026-07-22 13:02:26", 
    "end_time": "2026-07-22 13:02:28", 
    "error_message": null, 
    "error_reason": null, 
    "job_id": "4ff5fd36-2af5-4f29-bec7-c8caeccec3a5", 
    "state": "DONE", 
    "statement_type": "MERGE", 
    "user_email": "etl-sa@msklad-bi-prod.iam.gserviceaccount.com"
  }, 
  {
    "creation_time": "2026-07-22 14:02:24", 
    "end_time": "2026-07-22 14:02:25", 
    "error_message": null, 
    "error_reason": null, 
    "job_id": "2744cbd8-f0fa-4e3e-8f7d-3db6a6237c79", 
    "state": "DONE", 
    "statement_type": "MERGE", 
    "user_email": "etl-sa@msklad-bi-prod.iam.gserviceaccount.com"
  }, 
  {
    "creation_time": "2026-07-22 15:02:15", 
    "end_time": "2026-07-22 15:02:17", 
    "error_message": null, 
    "error_reason": null, 
    "job_id": "eecd7622-5e85-4f7a-95e4-9db7bd1b55dc", 
    "state": "DONE", 
    "statement_type": "MERGE", 
    "user_email": "etl-sa@msklad-bi-prod.iam.gserviceaccount.com"
  }, 
  {
    "creation_time": "2026-07-22 16:02:18", 
    "end_time": "2026-07-22 16:02:20", 
    "error_message": null, 
    "error_reason": null, 
    "job_id": "02276ab2-a7a6-4b1f-a4fe-10ebfa8cf45a", 
    "state": "DONE", 
    "statement_type": "MERGE", 
    "user_email": "etl-sa@msklad-bi-prod.iam.gserviceaccount.com"
  }, 
  {
    "creation_time": "2026-07-22 17:02:25", 
    "end_time": "2026-07-22 17:02:26", 
    "error_message": null, 
    "error_reason": null, 
    "job_id": "9805992f-2fb4-4b1b-96aa-a2aa275638c7", 
    "state": "DONE", 
    "statement_type": "MERGE", 
    "user_email": "etl-sa@msklad-bi-prod.iam.gserviceaccount.com"
  }, 
  {
    "creation_time": "2026-07-22 18:02:09", 
    "end_time": "2026-07-22 18:02:11", 
    "error_message": null, 
    "error_reason": null, 
    "job_id": "c4d1c8eb-5836-4ab4-8026-d06bbd170cff", 
    "state": "DONE", 
    "statement_type": "MERGE", 
    "user_email": "etl-sa@msklad-bi-prod.iam.gserviceaccount.com"
  }, 
  {
    "creation_time": "2026-07-22 19:02:09", 
    "end_time": "2026-07-22 19:02:10", 
    "error_message": null, 
    "error_reason": null, 
    "job_id": "26a53c4f-8d1d-4da6-9945-82446dac269d", 
    "state": "DONE", 
    "statement_type": "MERGE", 
    "user_email": "etl-sa@msklad-bi-prod.iam.gserviceaccount.com"
  }, 
  {
    "creation_time": "2026-07-22 20:02:11", 
    "end_time": "2026-07-22 20:02:13", 
    "error_message": null, 
    "error_reason": null, 
    "job_id": "8a858f9e-ea40-43da-ac2a-265f23eac9d8", 
    "state": "DONE", 
    "statement_type": "MERGE", 
    "user_email": "etl-sa@msklad-bi-prod.iam.gserviceaccount.com"
  }, 
  {
    "creation_time": "2026-07-22 21:02:31", 
    "end_time": "2026-07-22 21:02:33", 
    "error_message": null, 
    "error_reason": null, 
    "job_id": "23b728bf-f173-44c7-8916-22b85e247b9c", 
    "state": "DONE", 
    "statement_type": "MERGE", 
    "user_email": "etl-sa@msklad-bi-prod.iam.gserviceaccount.com"
  }, 
  {
    "creation_time": "2026-07-22 22:02:18", 
    "end_time": "2026-07-22 22:02:19", 
    "error_message": null, 
    "error_reason": null, 
    "job_id": "dac6241b-c9c9-4fd6-9938-5580dc455879", 
    "state": "DONE", 
    "statement_type": "MERGE", 
    "user_email": "etl-sa@msklad-bi-prod.iam.gserviceaccount.com"
  }, 
  {
    "creation_time": "2026-07-22 23:02:15", 
    "end_time": "2026-07-22 23:02:17", 
    "error_message": null, 
    "error_reason": null, 
    "job_id": "5547528e-e781-4cfd-a6b9-6050eb5a57af", 
    "state": "DONE", 
    "statement_type": "MERGE", 
    "user_email": "etl-sa@msklad-bi-prod.iam.gserviceaccount.com"
  }, 
  {
    "creation_time": "2026-07-23 00:02:15", 
    "end_time": "2026-07-23 00:02:16", 
    "error_message": null, 
    "error_reason": null, 
    "job_id": "93422cab-ffb8-4a71-bcf3-c287c24b9d79", 
    "state": "DONE", 
    "statement_type": "MERGE", 
    "user_email": "etl-sa@msklad-bi-prod.iam.gserviceaccount.com"
  }, 
  {
    "creation_time": "2026-07-23 01:01:58", 
    "end_time": "2026-07-23 01:02:03", 
    "error_message": null, 
    "error_reason": null, 
    "job_id": "89ad98c9-c9df-483c-a30a-6c49fe305e5d", 
    "state": "DONE", 
    "statement_type": "MERGE", 
    "user_email": "etl-sa@msklad-bi-prod.iam.gserviceaccount.com"
  }, 
  {
    "creation_time": "2026-07-23 02:01:58", 
    "end_time": "2026-07-23 02:01:59", 
    "error_message": null, 
    "error_reason": null, 
    "job_id": "61600879-4b7c-4f14-b1d3-21f2baf3b074", 
    "state": "DONE", 
    "statement_type": "MERGE", 
    "user_email": "etl-sa@msklad-bi-prod.iam.gserviceaccount.com"
  }, 
  {
    "creation_time": "2026-07-23 03:02:01", 
    "end_time": "2026-07-23 03:02:02", 
    "error_message": null, 
    "error_reason": null, 
    "job_id": "6ad5a3f5-e9e7-46f3-a00f-bf6a5358bded", 
    "state": "DONE", 
    "statement_type": "MERGE", 
    "user_email": "etl-sa@msklad-bi-prod.iam.gserviceaccount.com"
  }, 
  {
    "creation_time": "2026-07-23 05:02:16", 
    "end_time": "2026-07-23 05:02:17", 
    "error_message": null, 
    "error_reason": null, 
    "job_id": "f474d0b8-6754-4e6b-b82e-5d59f06879a8", 
    "state": "DONE", 
    "statement_type": "MERGE", 
    "user_email": "etl-sa@msklad-bi-prod.iam.gserviceaccount.com"
  }, 
  {
    "creation_time": "2026-07-23 06:02:25", 
    "end_time": "2026-07-23 06:02:26", 
    "error_message": null, 
    "error_reason": null, 
    "job_id": "110a39ba-6d51-4aef-becd-168e36689502", 
    "state": "DONE", 
    "statement_type": "MERGE", 
    "user_email": "etl-sa@msklad-bi-prod.iam.gserviceaccount.com"
  }, 
  {
    "creation_time": "2026-07-23 07:02:29", 
    "end_time": "2026-07-23 07:02:31", 
    "error_message": null, 
    "error_reason": null, 
    "job_id": "7cc725d6-a146-4651-9678-5604643a9a7d", 
    "state": "DONE", 
    "statement_type": "MERGE", 
    "user_email": "etl-sa@msklad-bi-prod.iam.gserviceaccount.com"
  }, 
  {
    "creation_time": "2026-07-23 08:02:18", 
    "end_time": "2026-07-23 08:02:19", 
    "error_message": null, 
    "error_reason": null, 
    "job_id": "7c06b4fe-62f6-4a51-8b4f-e36e21d31c0a", 
    "state": "DONE", 
    "statement_type": "MERGE", 
    "user_email": "etl-sa@msklad-bi-prod.iam.gserviceaccount.com"
  }, 
  {
    "creation_time": "2026-07-23 09:02:39", 
    "end_time": "2026-07-23 09:02:40", 
    "error_message": null, 
    "error_reason": null, 
    "job_id": "db06f172-08ec-450d-81b5-8a55e840f08f", 
    "state": "DONE", 
    "statement_type": "MERGE", 
    "user_email": "etl-sa@msklad-bi-prod.iam.gserviceaccount.com"
  }, 
  {
    "creation_time": "2026-07-23 10:02:25", 
    "end_time": "2026-07-23 10:02:27", 
    "error_message": null, 
    "error_reason": null, 
    "job_id": "746aae30-8c52-4936-920a-437cb48b02e1", 
    "state": "DONE", 
    "statement_type": "MERGE", 
    "user_email": "etl-sa@msklad-bi-prod.iam.gserviceaccount.com"
  }, 
  {
    "creation_time": "2026-07-23 11:02:36", 
    "end_time": "2026-07-23 11:02:39", 
    "error_message": null, 
    "error_reason": null, 
    "job_id": "6421dc41-9453-4aaf-a466-29f0ed50835c", 
    "state": "DONE", 
    "statement_type": "MERGE", 
    "user_email": "etl-sa@msklad-bi-prod.iam.gserviceaccount.com"
  }, 
  {
    "creation_time": "2026-07-23 12:02:26", 
    "end_time": "2026-07-23 12:02:27", 
    "error_message": null, 
    "error_reason": null, 
    "job_id": "cbce9cac-e05c-4646-9f79-4f251d487a4d", 
    "state": "DONE", 
    "statement_type": "MERGE", 
    "user_email": "etl-sa@msklad-bi-prod.iam.gserviceaccount.com"
  }, 
  {
    "creation_time": "2026-07-23 13:02:32", 
    "end_time": "2026-07-23 13:02:34", 
    "error_message": null, 
    "error_reason": null, 
    "job_id": "0f74ba2d-9ccd-499e-b22a-9aecb5bd0fa7", 
    "state": "DONE", 
    "statement_type": "MERGE", 
    "user_email": "etl-sa@msklad-bi-prod.iam.gserviceaccount.com"
  }, 
  {
    "creation_time": "2026-07-23 14:02:14", 
    "end_time": "2026-07-23 14:02:16", 
    "error_message": null, 
    "error_reason": null, 
    "job_id": "00af5e23-9a08-45c7-94c8-6fa543cd5e62", 
    "state": "DONE", 
    "statement_type": "MERGE", 
    "user_email": "etl-sa@msklad-bi-prod.iam.gserviceaccount.com"
  }, 
  {
    "creation_time": "2026-07-23 15:02:17", 
    "end_time": "2026-07-23 15:02:19", 
    "error_message": null, 
    "error_reason": null, 
    "job_id": "60e39358-d4da-4e44-9482-3fc0d8cc9db9", 
    "state": "DONE", 
    "statement_type": "MERGE", 
    "user_email": "etl-sa@msklad-bi-prod.iam.gserviceaccount.com"
  }, 
  {
    "creation_time": "2026-07-23 16:02:21", 
    "end_time": "2026-07-23 16:02:23", 
    "error_message": null, 
    "error_reason": null, 
    "job_id": "a5f724de-a991-4d44-bc34-e5b0529ad5e4", 
    "state": "DONE", 
    "statement_type": "MERGE", 
    "user_email": "etl-sa@msklad-bi-prod.iam.gserviceaccount.com"
  }, 
  {
    "creation_time": "2026-07-23 17:02:17", 
    "end_time": "2026-07-23 17:02:19", 
    "error_message": null, 
    "error_reason": null, 
    "job_id": "5af57a62-0239-4b6e-a786-aeaed66206ba", 
    "state": "DONE", 
    "statement_type": "MERGE", 
    "user_email": "etl-sa@msklad-bi-prod.iam.gserviceaccount.com"
  }, 
  {
    "creation_time": "2026-07-23 18:02:14", 
    "end_time": "2026-07-23 18:02:15", 
    "error_message": null, 
    "error_reason": null, 
    "job_id": "176f92a3-b319-49ac-a0d5-83247d1afe5f", 
    "state": "DONE", 
    "statement_type": "MERGE", 
    "user_email": "etl-sa@msklad-bi-prod.iam.gserviceaccount.com"
  }, 
  {
    "creation_time": "2026-07-23 19:02:10", 
    "end_time": "2026-07-23 19:02:12", 
    "error_message": null, 
    "error_reason": null, 
    "job_id": "df9818b6-4dd0-442e-8ee4-d3fe50e47b62", 
    "state": "DONE", 
    "statement_type": "MERGE", 
    "user_email": "etl-sa@msklad-bi-prod.iam.gserviceaccount.com"
  }, 
  {
    "creation_time": "2026-07-23 20:02:05", 
    "end_time": "2026-07-23 20:02:07", 
    "error_message": null, 
    "error_reason": null, 
    "job_id": "4b9874bc-9f18-4c2b-9a54-ae702d147e33", 
    "state": "DONE", 
    "statement_type": "MERGE", 
    "user_email": "etl-sa@msklad-bi-prod.iam.gserviceaccount.com"
  }, 
  {
    "creation_time": "2026-07-23 21:02:17", 
    "end_time": "2026-07-23 21:02:18", 
    "error_message": null, 
    "error_reason": null, 
    "job_id": "76347aa8-8739-4d03-b489-287c5d2d8cd1", 
    "state": "DONE", 
    "statement_type": "MERGE", 
    "user_email": "etl-sa@msklad-bi-prod.iam.gserviceaccount.com"
  }, 
  {
    "creation_time": "2026-07-23 22:02:13", 
    "end_time": "2026-07-23 22:02:14", 
    "error_message": null, 
    "error_reason": null, 
    "job_id": "fb4a72df-58a8-4712-9d76-e70563e0f271", 
    "state": "DONE", 
    "statement_type": "MERGE", 
    "user_email": "etl-sa@msklad-bi-prod.iam.gserviceaccount.com"
  }, 
  {
    "creation_time": "2026-07-23 23:02:13", 
    "end_time": "2026-07-23 23:02:14", 
    "error_message": null, 
    "error_reason": null, 
    "job_id": "e40fd891-711b-4cb3-a88b-9bfe397e8730", 
    "state": "DONE", 
    "statement_type": "MERGE", 
    "user_email": "etl-sa@msklad-bi-prod.iam.gserviceaccount.com"
  }, 
  {
    "creation_time": "2026-07-24 00:02:21", 
    "end_time": "2026-07-24 00:02:22", 
    "error_message": null, 
    "error_reason": null, 
    "job_id": "400dd1c3-05da-40b8-92fc-3cfde535e747", 
    "state": "DONE", 
    "statement_type": "MERGE", 
    "user_email": "etl-sa@msklad-bi-prod.iam.gserviceaccount.com"
  }, 
  {
    "creation_time": "2026-07-24 01:01:56", 
    "end_time": "2026-07-24 01:01:57", 
    "error_message": null, 
    "error_reason": null, 
    "job_id": "34a86203-cbd7-44a2-ad06-4722d07b2296", 
    "state": "DONE", 
    "statement_type": "MERGE", 
    "user_email": "etl-sa@msklad-bi-prod.iam.gserviceaccount.com"
  }, 
  {
    "creation_time": "2026-07-24 02:02:07", 
    "end_time": "2026-07-24 02:02:09", 
    "error_message": null, 
    "error_reason": null, 
    "job_id": "67ad794e-77f4-41cf-bda2-a1040feb9140", 
    "state": "DONE", 
    "statement_type": "MERGE", 
    "user_email": "etl-sa@msklad-bi-prod.iam.gserviceaccount.com"
  }, 
  {
    "creation_time": "2026-07-24 03:02:30", 
    "end_time": "2026-07-24 03:02:31", 
    "error_message": null, 
    "error_reason": null, 
    "job_id": "d445775b-cdde-4611-a26b-9c56b9bf86b0", 
    "state": "DONE", 
    "statement_type": "MERGE", 
    "user_email": "etl-sa@msklad-bi-prod.iam.gserviceaccount.com"
  }, 
  {
    "creation_time": "2026-07-24 04:02:08", 
    "end_time": "2026-07-24 04:02:09", 
    "error_message": null, 
    "error_reason": null, 
    "job_id": "d8ebdcb1-5e46-4ea3-a930-dbead123724d", 
    "state": "DONE", 
    "statement_type": "MERGE", 
    "user_email": "etl-sa@msklad-bi-prod.iam.gserviceaccount.com"
  }, 
  {
    "creation_time": "2026-07-24 05:02:15", 
    "end_time": "2026-07-24 05:02:17", 
    "error_message": null, 
    "error_reason": null, 
    "job_id": "5bc8ddd3-6a80-44d9-9e29-1043d32d0de5", 
    "state": "DONE", 
    "statement_type": "MERGE", 
    "user_email": "etl-sa@msklad-bi-prod.iam.gserviceaccount.com"
  }, 
  {
    "creation_time": "2026-07-24 06:02:18", 
    "end_time": "2026-07-24 06:02:20", 
    "error_message": null, 
    "error_reason": null, 
    "job_id": "ba64d3a4-3071-4c94-8697-fd6940b53819", 
    "state": "DONE", 
    "statement_type": "MERGE", 
    "user_email": "etl-sa@msklad-bi-prod.iam.gserviceaccount.com"
  }, 
  {
    "creation_time": "2026-07-24 07:02:07", 
    "end_time": "2026-07-24 07:02:09", 
    "error_message": null, 
    "error_reason": null, 
    "job_id": "634449cc-fb57-4d58-9f1d-8d6e5c51a2b8", 
    "state": "DONE", 
    "statement_type": "MERGE", 
    "user_email": "etl-sa@msklad-bi-prod.iam.gserviceaccount.com"
  }, 
  {
    "creation_time": "2026-07-24 08:02:14", 
    "end_time": "2026-07-24 08:02:15", 
    "error_message": null, 
    "error_reason": null, 
    "job_id": "cba17fe5-0675-4bb2-ab40-f784f5bc7f33", 
    "state": "DONE", 
    "statement_type": "MERGE", 
    "user_email": "etl-sa@msklad-bi-prod.iam.gserviceaccount.com"
  }, 
  {
    "creation_time": "2026-07-24 09:02:45", 
    "end_time": "2026-07-24 09:02:46", 
    "error_message": null, 
    "error_reason": null, 
    "job_id": "368c55fd-dcad-4968-813b-9a1fc76028e3", 
    "state": "DONE", 
    "statement_type": "MERGE", 
    "user_email": "etl-sa@msklad-bi-prod.iam.gserviceaccount.com"
  }, 
  {
    "creation_time": "2026-07-24 10:02:33", 
    "end_time": "2026-07-24 10:02:35", 
    "error_message": null, 
    "error_reason": null, 
    "job_id": "555800d9-436f-414e-9bf2-c2d2adba4d8e", 
    "state": "DONE", 
    "statement_type": "MERGE", 
    "user_email": "etl-sa@msklad-bi-prod.iam.gserviceaccount.com"
  }, 
  {
    "creation_time": "2026-07-24 11:02:13", 
    "end_time": "2026-07-24 11:02:15", 
    "error_message": null, 
    "error_reason": null, 
    "job_id": "5154ca07-23d8-49b3-ba55-e1394968b130", 
    "state": "DONE", 
    "statement_type": "MERGE", 
    "user_email": "etl-sa@msklad-bi-prod.iam.gserviceaccount.com"
  }, 
  {
    "creation_time": "2026-07-24 12:02:33", 
    "end_time": "2026-07-24 12:02:35", 
    "error_message": null, 
    "error_reason": null, 
    "job_id": "59a60a5b-fd23-48d3-95d5-45769a59b843", 
    "state": "DONE", 
    "statement_type": "MERGE", 
    "user_email": "etl-sa@msklad-bi-prod.iam.gserviceaccount.com"
  }, 
  {
    "creation_time": "2026-07-24 13:02:19", 
    "end_time": "2026-07-24 13:02:21", 
    "error_message": null, 
    "error_reason": null, 
    "job_id": "0c7eadcf-239a-4bbb-aa5e-7ebb6a39026f", 
    "state": "DONE", 
    "statement_type": "MERGE", 
    "user_email": "etl-sa@msklad-bi-prod.iam.gserviceaccount.com"
  }, 
  {
    "creation_time": "2026-07-24 14:02:23", 
    "end_time": "2026-07-24 14:02:25", 
    "error_message": null, 
    "error_reason": null, 
    "job_id": "b7d5eb9e-274c-4817-b44b-708b9f331257", 
    "state": "DONE", 
    "statement_type": "MERGE", 
    "user_email": "etl-sa@msklad-bi-prod.iam.gserviceaccount.com"
  }, 
  {
    "creation_time": "2026-07-24 15:02:16", 
    "end_time": "2026-07-24 15:02:17", 
    "error_message": null, 
    "error_reason": null, 
    "job_id": "a2b46a5a-fb0e-4439-8d47-6124dd18ba5d", 
    "state": "DONE", 
    "statement_type": "MERGE", 
    "user_email": "etl-sa@msklad-bi-prod.iam.gserviceaccount.com"
  }, 
  {
    "creation_time": "2026-07-24 16:02:13", 
    "end_time": "2026-07-24 16:02:14", 
    "error_message": null, 
    "error_reason": null, 
    "job_id": "0d05a100-c5dc-4750-b191-4010deb2b4f7", 
    "state": "DONE", 
    "statement_type": "MERGE", 
    "user_email": "etl-sa@msklad-bi-prod.iam.gserviceaccount.com"
  }, 
  {
    "creation_time": "2026-07-24 17:02:21", 
    "end_time": "2026-07-24 17:02:22", 
    "error_message": null, 
    "error_reason": null, 
    "job_id": "bbe9a38a-b110-45f4-9a48-aef8009a97af", 
    "state": "DONE", 
    "statement_type": "MERGE", 
    "user_email": "etl-sa@msklad-bi-prod.iam.gserviceaccount.com"
  }, 
  {
    "creation_time": "2026-07-24 18:02:21", 
    "end_time": "2026-07-24 18:02:22", 
    "error_message": null, 
    "error_reason": null, 
    "job_id": "fa3c15be-17a5-4c06-ba7d-0fc358be50c6", 
    "state": "DONE", 
    "statement_type": "MERGE", 
    "user_email": "etl-sa@msklad-bi-prod.iam.gserviceaccount.com"
  }, 
  {
    "creation_time": "2026-07-24 19:02:11", 
    "end_time": "2026-07-24 19:02:12", 
    "error_message": null, 
    "error_reason": null, 
    "job_id": "d2cab2d8-1088-46b2-a55d-f4414bbe1220", 
    "state": "DONE", 
    "statement_type": "MERGE", 
    "user_email": "etl-sa@msklad-bi-prod.iam.gserviceaccount.com"
  }, 
  {
    "creation_time": "2026-07-24 20:02:16", 
    "end_time": "2026-07-24 20:02:17", 
    "error_message": null, 
    "error_reason": null, 
    "job_id": "f83d47df-31bb-4c1c-a1ab-34ef646af00b", 
    "state": "DONE", 
    "statement_type": "MERGE", 
    "user_email": "etl-sa@msklad-bi-prod.iam.gserviceaccount.com"
  }, 
  {
    "creation_time": "2026-07-24 21:02:19", 
    "end_time": "2026-07-24 21:02:20", 
    "error_message": null, 
    "error_reason": null, 
    "job_id": "66fc9774-9930-4ceb-9210-4f8ba49150b4", 
    "state": "DONE", 
    "statement_type": "MERGE", 
    "user_email": "etl-sa@msklad-bi-prod.iam.gserviceaccount.com"
  }, 
  {
    "creation_time": "2026-07-24 22:02:05", 
    "end_time": "2026-07-24 22:02:07", 
    "error_message": null, 
    "error_reason": null, 
    "job_id": "da6103ed-00f1-4d43-a28f-3e13cf13ca54", 
    "state": "DONE", 
    "statement_type": "MERGE", 
    "user_email": "etl-sa@msklad-bi-prod.iam.gserviceaccount.com"
  }, 
  {
    "creation_time": "2026-07-24 23:02:06", 
    "end_time": "2026-07-24 23:02:07", 
    "error_message": null, 
    "error_reason": null, 
    "job_id": "436fd89d-0dbe-4b83-af76-05c4b317c53c", 
    "state": "DONE", 
    "statement_type": "MERGE", 
    "user_email": "etl-sa@msklad-bi-prod.iam.gserviceaccount.com"
  }, 
  {
    "creation_time": "2026-07-25 00:02:07", 
    "end_time": "2026-07-25 00:02:08", 
    "error_message": null, 
    "error_reason": null, 
    "job_id": "d81f1a52-eb4e-4d5d-80a3-8e046d36c5ba", 
    "state": "DONE", 
    "statement_type": "MERGE", 
    "user_email": "etl-sa@msklad-bi-prod.iam.gserviceaccount.com"
  }, 
  {
    "creation_time": "2026-07-25 01:02:08", 
    "end_time": "2026-07-25 01:02:09", 
    "error_message": null, 
    "error_reason": null, 
    "job_id": "8146bf88-84f3-4264-ba13-aafbff26ba3d", 
    "state": "DONE", 
    "statement_type": "MERGE", 
    "user_email": "etl-sa@msklad-bi-prod.iam.gserviceaccount.com"
  }, 
  {
    "creation_time": "2026-07-25 02:02:01", 
    "end_time": "2026-07-25 02:02:03", 
    "error_message": null, 
    "error_reason": null, 
    "job_id": "e933b5d4-b3d5-4d76-aac4-436d1f8aee48", 
    "state": "DONE", 
    "statement_type": "MERGE", 
    "user_email": "etl-sa@msklad-bi-prod.iam.gserviceaccount.com"
  }, 
  {
    "creation_time": "2026-07-25 03:02:05", 
    "end_time": "2026-07-25 03:02:07", 
    "error_message": null, 
    "error_reason": null, 
    "job_id": "7b2c3a7a-2987-4f7b-8956-d84625eeca98", 
    "state": "DONE", 
    "statement_type": "MERGE", 
    "user_email": "etl-sa@msklad-bi-prod.iam.gserviceaccount.com"
  }, 
  {
    "creation_time": "2026-07-25 04:02:14", 
    "end_time": "2026-07-25 04:02:16", 
    "error_message": null, 
    "error_reason": null, 
    "job_id": "2137391f-1a9e-4ed8-8ade-9a94d85e0521", 
    "state": "DONE", 
    "statement_type": "MERGE", 
    "user_email": "etl-sa@msklad-bi-prod.iam.gserviceaccount.com"
  }, 
  {
    "creation_time": "2026-07-25 05:02:13", 
    "end_time": "2026-07-25 05:02:15", 
    "error_message": null, 
    "error_reason": null, 
    "job_id": "d8b4ff03-441a-4f9e-9827-f501a5207446", 
    "state": "DONE", 
    "statement_type": "MERGE", 
    "user_email": "etl-sa@msklad-bi-prod.iam.gserviceaccount.com"
  }, 
  {
    "creation_time": "2026-07-25 06:02:16", 
    "end_time": "2026-07-25 06:02:18", 
    "error_message": null, 
    "error_reason": null, 
    "job_id": "be45c113-d69c-425b-bc79-37d90f92815d", 
    "state": "DONE", 
    "statement_type": "MERGE", 
    "user_email": "etl-sa@msklad-bi-prod.iam.gserviceaccount.com"
  }, 
  {
    "creation_time": "2026-07-25 07:02:14", 
    "end_time": "2026-07-25 07:02:15", 
    "error_message": null, 
    "error_reason": null, 
    "job_id": "fd9921a5-94d5-40e6-8320-65d09c578a9c", 
    "state": "DONE", 
    "statement_type": "MERGE", 
    "user_email": "etl-sa@msklad-bi-prod.iam.gserviceaccount.com"
  }, 
  {
    "creation_time": "2026-07-25 08:02:20", 
    "end_time": "2026-07-25 08:02:22", 
    "error_message": null, 
    "error_reason": null, 
    "job_id": "413510c5-4805-4ac1-b8fd-ef30acfeeec3", 
    "state": "DONE", 
    "statement_type": "MERGE", 
    "user_email": "etl-sa@msklad-bi-prod.iam.gserviceaccount.com"
  }, 
  {
    "creation_time": "2026-07-25 09:02:20", 
    "end_time": "2026-07-25 09:02:23", 
    "error_message": null, 
    "error_reason": null, 
    "job_id": "537946c7-8bbd-4829-b1e4-f445f2e3ff92", 
    "state": "DONE", 
    "statement_type": "MERGE", 
    "user_email": "etl-sa@msklad-bi-prod.iam.gserviceaccount.com"
  }, 
  {
    "creation_time": "2026-07-25 10:02:24", 
    "end_time": "2026-07-25 10:02:26", 
    "error_message": null, 
    "error_reason": null, 
    "job_id": "bb8c2dca-081c-4143-867b-b9e2539b69cc", 
    "state": "DONE", 
    "statement_type": "MERGE", 
    "user_email": "etl-sa@msklad-bi-prod.iam.gserviceaccount.com"
  }, 
  {
    "creation_time": "2026-07-25 11:02:21", 
    "end_time": "2026-07-25 11:02:23", 
    "error_message": null, 
    "error_reason": null, 
    "job_id": "c7f177fa-6d04-408e-a961-b9ee20ac8cd1", 
    "state": "DONE", 
    "statement_type": "MERGE", 
    "user_email": "etl-sa@msklad-bi-prod.iam.gserviceaccount.com"
  }, 
  {
    "creation_time": "2026-07-25 12:02:15", 
    "end_time": "2026-07-25 12:02:16", 
    "error_message": null, 
    "error_reason": null, 
    "job_id": "ad10a6bc-066f-4b5c-94b2-b955ff712e28", 
    "state": "DONE", 
    "statement_type": "MERGE", 
    "user_email": "etl-sa@msklad-bi-prod.iam.gserviceaccount.com"
  }, 
  {
    "creation_time": "2026-07-25 13:02:19", 
    "end_time": "2026-07-25 13:02:21", 
    "error_message": null, 
    "error_reason": null, 
    "job_id": "a303db36-88b2-4238-88c6-f9ae01da2c58", 
    "state": "DONE", 
    "statement_type": "MERGE", 
    "user_email": "etl-sa@msklad-bi-prod.iam.gserviceaccount.com"
  }, 
  {
    "creation_time": "2026-07-25 14:02:13", 
    "end_time": "2026-07-25 14:02:14", 
    "error_message": null, 
    "error_reason": null, 
    "job_id": "495edeea-1e98-4b48-b71c-288a0417dd83", 
    "state": "DONE", 
    "statement_type": "MERGE", 
    "user_email": "etl-sa@msklad-bi-prod.iam.gserviceaccount.com"
  }, 
  {
    "creation_time": "2026-07-25 15:02:08", 
    "end_time": "2026-07-25 15:02:09", 
    "error_message": null, 
    "error_reason": null, 
    "job_id": "3b4d9b4c-01c6-4031-98b4-8bb85f3ab0e5", 
    "state": "DONE", 
    "statement_type": "MERGE", 
    "user_email": "etl-sa@msklad-bi-prod.iam.gserviceaccount.com"
  }, 
  {
    "creation_time": "2026-07-25 16:02:27", 
    "end_time": "2026-07-25 16:02:28", 
    "error_message": null, 
    "error_reason": null, 
    "job_id": "010f6769-0fe2-4e91-8681-8456a7d5cde8", 
    "state": "DONE", 
    "statement_type": "MERGE", 
    "user_email": "etl-sa@msklad-bi-prod.iam.gserviceaccount.com"
  }, 
  {
    "creation_time": "2026-07-25 17:02:14", 
    "end_time": "2026-07-25 17:02:16", 
    "error_message": null, 
    "error_reason": null, 
    "job_id": "36e20bd3-0615-44e6-896a-6e7729d62584", 
    "state": "DONE", 
    "statement_type": "MERGE", 
    "user_email": "etl-sa@msklad-bi-prod.iam.gserviceaccount.com"
  }, 
  {
    "creation_time": "2026-07-26 18:02:14", 
    "end_time": "2026-07-26 18:02:15", 
    "error_message": null, 
    "error_reason": null, 
    "job_id": "b75625ce-8bf9-4c51-9ca5-a21c09a80211", 
    "state": "DONE", 
    "statement_type": "MERGE", 
    "user_email": "etl-sa@msklad-bi-prod.iam.gserviceaccount.com"
  }, 
  {
    "creation_time": "2026-07-26 19:02:24", 
    "end_time": "2026-07-26 19:02:25", 
    "error_message": null, 
    "error_reason": null, 
    "job_id": "db566ea4-5fd6-40ad-b287-9e0b5d80f03a", 
    "state": "DONE", 
    "statement_type": "MERGE", 
    "user_email": "etl-sa@msklad-bi-prod.iam.gserviceaccount.com"
  }, 
  {
    "creation_time": "2026-07-26 20:02:19", 
    "end_time": "2026-07-26 20:02:21", 
    "error_message": null, 
    "error_reason": null, 
    "job_id": "f896270c-f9ef-4663-a54b-9f66d60ace43", 
    "state": "DONE", 
    "statement_type": "MERGE", 
    "user_email": "etl-sa@msklad-bi-prod.iam.gserviceaccount.com"
  }, 
  {
    "creation_time": "2026-07-26 21:02:28", 
    "end_time": "2026-07-26 21:02:29", 
    "error_message": null, 
    "error_reason": null, 
    "job_id": "d84358bc-92e4-47d7-83c8-92dee471c49d", 
    "state": "DONE", 
    "statement_type": "MERGE", 
    "user_email": "etl-sa@msklad-bi-prod.iam.gserviceaccount.com"
  }, 
  {
    "creation_time": "2026-07-26 22:02:24", 
    "end_time": "2026-07-26 22:02:26", 
    "error_message": null, 
    "error_reason": null, 
    "job_id": "8597a314-6acb-434a-a858-f6b0f208bd24", 
    "state": "DONE", 
    "statement_type": "MERGE", 
    "user_email": "etl-sa@msklad-bi-prod.iam.gserviceaccount.com"
  }, 
  {
    "creation_time": "2026-07-26 23:02:06", 
    "end_time": "2026-07-26 23:02:08", 
    "error_message": null, 
    "error_reason": null, 
    "job_id": "be709a69-f237-413e-8625-5f1c6730a96a", 
    "state": "DONE", 
    "statement_type": "MERGE", 
    "user_email": "etl-sa@msklad-bi-prod.iam.gserviceaccount.com"
  }, 
  {
    "creation_time": "2026-07-27 00:02:02", 
    "end_time": "2026-07-27 00:02:03", 
    "error_message": null, 
    "error_reason": null, 
    "job_id": "8ea0cdda-dc3d-4dde-85e9-741e4e2a2901", 
    "state": "DONE", 
    "statement_type": "MERGE", 
    "user_email": "etl-sa@msklad-bi-prod.iam.gserviceaccount.com"
  }, 
  {
    "creation_time": "2026-07-27 01:01:58", 
    "end_time": "2026-07-27 01:01:59", 
    "error_message": null, 
    "error_reason": null, 
    "job_id": "b93a36c5-1cb3-4bde-afbc-9f11e37f2683", 
    "state": "DONE", 
    "statement_type": "MERGE", 
    "user_email": "etl-sa@msklad-bi-prod.iam.gserviceaccount.com"
  }, 
  {
    "creation_time": "2026-07-27 02:02:00", 
    "end_time": "2026-07-27 02:02:01", 
    "error_message": null, 
    "error_reason": null, 
    "job_id": "bb7748d3-6a4a-4f71-a60a-52d67bf516c1", 
    "state": "DONE", 
    "statement_type": "MERGE", 
    "user_email": "etl-sa@msklad-bi-prod.iam.gserviceaccount.com"
  }, 
  {
    "creation_time": "2026-07-27 03:02:04", 
    "end_time": "2026-07-27 03:02:06", 
    "error_message": null, 
    "error_reason": null, 
    "job_id": "06965be3-4708-4528-92f5-3712ebd21d31", 
    "state": "DONE", 
    "statement_type": "MERGE", 
    "user_email": "etl-sa@msklad-bi-prod.iam.gserviceaccount.com"
  }, 
  {
    "creation_time": "2026-07-27 04:02:07", 
    "end_time": "2026-07-27 04:02:08", 
    "error_message": null, 
    "error_reason": null, 
    "job_id": "3aea0126-b10c-451a-9d84-f6a95483c646", 
    "state": "DONE", 
    "statement_type": "MERGE", 
    "user_email": "etl-sa@msklad-bi-prod.iam.gserviceaccount.com"
  }, 
  {
    "creation_time": "2026-07-27 05:02:13", 
    "end_time": "2026-07-27 05:02:14", 
    "error_message": null, 
    "error_reason": null, 
    "job_id": "0ea62a5d-427a-4077-b2a3-a10cc8c098eb", 
    "state": "DONE", 
    "statement_type": "MERGE", 
    "user_email": "etl-sa@msklad-bi-prod.iam.gserviceaccount.com"
  }, 
  {
    "creation_time": "2026-07-27 06:02:15", 
    "end_time": "2026-07-27 06:02:17", 
    "error_message": null, 
    "error_reason": null, 
    "job_id": "1b63c17f-3c03-4d57-a1ac-28714c16a176", 
    "state": "DONE", 
    "statement_type": "MERGE", 
    "user_email": "etl-sa@msklad-bi-prod.iam.gserviceaccount.com"
  }, 
  {
    "creation_time": "2026-07-27 07:02:14", 
    "end_time": "2026-07-27 07:02:16", 
    "error_message": null, 
    "error_reason": null, 
    "job_id": "9fc47502-26d5-4919-8404-f9bf4ac4c3d4", 
    "state": "DONE", 
    "statement_type": "MERGE", 
    "user_email": "etl-sa@msklad-bi-prod.iam.gserviceaccount.com"
  }, 
  {
    "creation_time": "2026-07-27 08:02:30", 
    "end_time": "2026-07-27 08:02:32", 
    "error_message": null, 
    "error_reason": null, 
    "job_id": "f203936d-d156-408d-b336-ea68fc0b15b8", 
    "state": "DONE", 
    "statement_type": "MERGE", 
    "user_email": "etl-sa@msklad-bi-prod.iam.gserviceaccount.com"
  }, 
  {
    "creation_time": "2026-07-27 09:02:28", 
    "end_time": "2026-07-27 09:02:29", 
    "error_message": null, 
    "error_reason": null, 
    "job_id": "1804f923-a085-42cc-89fc-420be87f04ef", 
    "state": "DONE", 
    "statement_type": "MERGE", 
    "user_email": "etl-sa@msklad-bi-prod.iam.gserviceaccount.com"
  }, 
  {
    "creation_time": "2026-07-27 10:02:19", 
    "end_time": "2026-07-27 10:02:20", 
    "error_message": null, 
    "error_reason": null, 
    "job_id": "9413c167-71a0-47ec-89f0-550f0aaac2e7", 
    "state": "DONE", 
    "statement_type": "MERGE", 
    "user_email": "etl-sa@msklad-bi-prod.iam.gserviceaccount.com"
  }, 
  {
    "creation_time": "2026-07-27 11:02:35", 
    "end_time": "2026-07-27 11:02:36", 
    "error_message": null, 
    "error_reason": null, 
    "job_id": "883a83d5-acc6-43a5-9aa5-8107af200229", 
    "state": "DONE", 
    "statement_type": "MERGE", 
    "user_email": "etl-sa@msklad-bi-prod.iam.gserviceaccount.com"
  }, 
  {
    "creation_time": "2026-07-27 12:02:32", 
    "end_time": "2026-07-27 12:02:34", 
    "error_message": null, 
    "error_reason": null, 
    "job_id": "4997bd09-e7a5-4e76-94da-37e9de35f1a4", 
    "state": "DONE", 
    "statement_type": "MERGE", 
    "user_email": "etl-sa@msklad-bi-prod.iam.gserviceaccount.com"
  }, 
  {
    "creation_time": "2026-07-27 13:02:33", 
    "end_time": "2026-07-27 13:02:35", 
    "error_message": null, 
    "error_reason": null, 
    "job_id": "78b4d225-355b-4f56-96fe-4ca4f03da855", 
    "state": "DONE", 
    "statement_type": "MERGE", 
    "user_email": "etl-sa@msklad-bi-prod.iam.gserviceaccount.com"
  }, 
  {
    "creation_time": "2026-07-27 14:02:35", 
    "end_time": "2026-07-27 14:02:37", 
    "error_message": null, 
    "error_reason": null, 
    "job_id": "a203c78e-59cc-44cb-829c-2f6187996daa", 
    "state": "DONE", 
    "statement_type": "MERGE", 
    "user_email": "etl-sa@msklad-bi-prod.iam.gserviceaccount.com"
  }, 
  {
    "creation_time": "2026-07-27 15:02:43", 
    "end_time": "2026-07-27 15:02:44", 
    "error_message": null, 
    "error_reason": null, 
    "job_id": "cbdb96af-a2dd-468b-9a74-89b5d8648a1b", 
    "state": "DONE", 
    "statement_type": "MERGE", 
    "user_email": "etl-sa@msklad-bi-prod.iam.gserviceaccount.com"
  }, 
  {
    "creation_time": "2026-07-27 16:02:20", 
    "end_time": "2026-07-27 16:02:22", 
    "error_message": null, 
    "error_reason": null, 
    "job_id": "db19eb95-43b7-4582-95c8-97c40226e3ff", 
    "state": "DONE", 
    "statement_type": "MERGE", 
    "user_email": "etl-sa@msklad-bi-prod.iam.gserviceaccount.com"
  }, 
  {
    "creation_time": "2026-07-27 17:02:32", 
    "end_time": "2026-07-27 17:02:33", 
    "error_message": null, 
    "error_reason": null, 
    "job_id": "62ee8786-fe7f-426c-b5e3-b7345f19e0ce", 
    "state": "DONE", 
    "statement_type": "MERGE", 
    "user_email": "etl-sa@msklad-bi-prod.iam.gserviceaccount.com"
  }, 
  {
    "creation_time": "2026-07-27 18:02:26", 
    "end_time": "2026-07-27 18:02:27", 
    "error_message": null, 
    "error_reason": null, 
    "job_id": "e433c4a2-7b5e-45c5-8b6e-0ae7e991f9bf", 
    "state": "DONE", 
    "statement_type": "MERGE", 
    "user_email": "etl-sa@msklad-bi-prod.iam.gserviceaccount.com"
  }, 
  {
    "creation_time": "2026-07-27 19:02:30", 
    "end_time": "2026-07-27 19:02:32", 
    "error_message": null, 
    "error_reason": null, 
    "job_id": "9bf1bc54-4055-45ab-8aae-f7790a369e85", 
    "state": "DONE", 
    "statement_type": "MERGE", 
    "user_email": "etl-sa@msklad-bi-prod.iam.gserviceaccount.com"
  }, 
  {
    "creation_time": "2026-07-27 20:01:59", 
    "end_time": "2026-07-27 20:02:00", 
    "error_message": null, 
    "error_reason": null, 
    "job_id": "ec3ce311-23f3-40a4-a329-3886edf8a910", 
    "state": "DONE", 
    "statement_type": "MERGE", 
    "user_email": "etl-sa@msklad-bi-prod.iam.gserviceaccount.com"
  }, 
  {
    "creation_time": "2026-07-27 21:02:10", 
    "end_time": "2026-07-27 21:02:11", 
    "error_message": null, 
    "error_reason": null, 
    "job_id": "75bd6138-b089-4861-81b4-7cb62d242bf2", 
    "state": "DONE", 
    "statement_type": "MERGE", 
    "user_email": "etl-sa@msklad-bi-prod.iam.gserviceaccount.com"
  }, 
  {
    "creation_time": "2026-07-27 22:02:35", 
    "end_time": "2026-07-27 22:02:36", 
    "error_message": null, 
    "error_reason": null, 
    "job_id": "16366efb-d175-4202-94f0-cc67bc67e219", 
    "state": "DONE", 
    "statement_type": "MERGE", 
    "user_email": "etl-sa@msklad-bi-prod.iam.gserviceaccount.com"
  }, 
  {
    "creation_time": "2026-07-27 23:02:05", 
    "end_time": "2026-07-27 23:02:07", 
    "error_message": null, 
    "error_reason": null, 
    "job_id": "859d98b6-299d-46c0-94ef-312f90c1f50c", 
    "state": "DONE", 
    "statement_type": "MERGE", 
    "user_email": "etl-sa@msklad-bi-prod.iam.gserviceaccount.com"
  }, 
  {
    "creation_time": "2026-07-28 00:02:06", 
    "end_time": "2026-07-28 00:02:07", 
    "error_message": null, 
    "error_reason": null, 
    "job_id": "7b064d06-6dee-4e1f-b04e-53e9d4a83295", 
    "state": "DONE", 
    "statement_type": "MERGE", 
    "user_email": "etl-sa@msklad-bi-prod.iam.gserviceaccount.com"
  }, 
  {
    "creation_time": "2026-07-28 01:01:57", 
    "end_time": "2026-07-28 01:01:59", 
    "error_message": null, 
    "error_reason": null, 
    "job_id": "95b6b779-98ed-4752-a964-0f2369d48716", 
    "state": "DONE", 
    "statement_type": "MERGE", 
    "user_email": "etl-sa@msklad-bi-prod.iam.gserviceaccount.com"
  }, 
  {
    "creation_time": "2026-07-28 02:02:26", 
    "end_time": "2026-07-28 02:02:28", 
    "error_message": null, 
    "error_reason": null, 
    "job_id": "03bea6e8-cc77-45f1-947b-d9dc66bea339", 
    "state": "DONE", 
    "statement_type": "MERGE", 
    "user_email": "etl-sa@msklad-bi-prod.iam.gserviceaccount.com"
  }, 
  {
    "creation_time": "2026-07-28 03:02:13", 
    "end_time": "2026-07-28 03:02:14", 
    "error_message": null, 
    "error_reason": null, 
    "job_id": "8dd239c7-8c77-4434-9107-885b5b308e1d", 
    "state": "DONE", 
    "statement_type": "MERGE", 
    "user_email": "etl-sa@msklad-bi-prod.iam.gserviceaccount.com"
  }, 
  {
    "creation_time": "2026-07-28 04:02:08", 
    "end_time": "2026-07-28 04:02:09", 
    "error_message": null, 
    "error_reason": null, 
    "job_id": "2ec98a33-c814-4003-8d70-41f21d01be8c", 
    "state": "DONE", 
    "statement_type": "MERGE", 
    "user_email": "etl-sa@msklad-bi-prod.iam.gserviceaccount.com"
  }, 
  {
    "creation_time": "2026-07-28 05:02:05", 
    "end_time": "2026-07-28 05:02:06", 
    "error_message": null, 
    "error_reason": null, 
    "job_id": "541bf591-4519-4e5b-907a-0cc986cb2f08", 
    "state": "DONE", 
    "statement_type": "MERGE", 
    "user_email": "etl-sa@msklad-bi-prod.iam.gserviceaccount.com"
  }, 
  {
    "creation_time": "2026-07-28 06:02:16", 
    "end_time": "2026-07-28 06:02:18", 
    "error_message": null, 
    "error_reason": null, 
    "job_id": "34b3d838-61df-48c7-9d3d-d17ef16cbc5b", 
    "state": "DONE", 
    "statement_type": "MERGE", 
    "user_email": "etl-sa@msklad-bi-prod.iam.gserviceaccount.com"
  }, 
  {
    "creation_time": "2026-07-28 07:02:40", 
    "end_time": "2026-07-28 07:02:41", 
    "error_message": null, 
    "error_reason": null, 
    "job_id": "d2a46288-67e3-4ab0-9423-1dac11d79e2c", 
    "state": "DONE", 
    "statement_type": "MERGE", 
    "user_email": "etl-sa@msklad-bi-prod.iam.gserviceaccount.com"
  }, 
  {
    "creation_time": "2026-07-28 08:02:44", 
    "end_time": "2026-07-28 08:02:45", 
    "error_message": null, 
    "error_reason": null, 
    "job_id": "ae99b139-b933-4144-8829-43f65ae42aec", 
    "state": "DONE", 
    "statement_type": "MERGE", 
    "user_email": "etl-sa@msklad-bi-prod.iam.gserviceaccount.com"
  }, 
  {
    "creation_time": "2026-07-28 09:02:37", 
    "end_time": "2026-07-28 09:02:38", 
    "error_message": null, 
    "error_reason": null, 
    "job_id": "28e65f57-2186-4fbd-b668-049b1d98858f", 
    "state": "DONE", 
    "statement_type": "MERGE", 
    "user_email": "etl-sa@msklad-bi-prod.iam.gserviceaccount.com"
  }, 
  {
    "creation_time": "2026-07-28 10:02:47", 
    "end_time": "2026-07-28 10:02:48", 
    "error_message": null, 
    "error_reason": null, 
    "job_id": "a8893f5d-53f5-44b7-8de4-2905104b478d", 
    "state": "DONE", 
    "statement_type": "MERGE", 
    "user_email": "etl-sa@msklad-bi-prod.iam.gserviceaccount.com"
  }, 
  {
    "creation_time": "2026-07-28 11:02:17", 
    "end_time": "2026-07-28 11:02:18", 
    "error_message": null, 
    "error_reason": null, 
    "job_id": "12560b98-0ea7-445b-abc0-e2f3ab99b474", 
    "state": "DONE", 
    "statement_type": "MERGE", 
    "user_email": "etl-sa@msklad-bi-prod.iam.gserviceaccount.com"
  }, 
  {
    "creation_time": "2026-07-28 12:02:55", 
    "end_time": "2026-07-28 12:02:57", 
    "error_message": null, 
    "error_reason": null, 
    "job_id": "653fcfbc-eccf-4f5b-b061-8d6527d06143", 
    "state": "DONE", 
    "statement_type": "MERGE", 
    "user_email": "etl-sa@msklad-bi-prod.iam.gserviceaccount.com"
  }, 
  {
    "creation_time": "2026-07-28 13:02:41", 
    "end_time": "2026-07-28 13:02:43", 
    "error_message": null, 
    "error_reason": null, 
    "job_id": "012dd463-76c0-44c8-aea5-e86990beb209", 
    "state": "DONE", 
    "statement_type": "MERGE", 
    "user_email": "etl-sa@msklad-bi-prod.iam.gserviceaccount.com"
  }, 
  {
    "creation_time": "2026-07-28 14:02:36", 
    "end_time": "2026-07-28 14:02:37", 
    "error_message": null, 
    "error_reason": null, 
    "job_id": "477cb467-8715-4037-93c6-cf935bbbe043", 
    "state": "DONE", 
    "statement_type": "MERGE", 
    "user_email": "etl-sa@msklad-bi-prod.iam.gserviceaccount.com"
  }, 
  {
    "creation_time": "2026-07-28 15:02:29", 
    "end_time": "2026-07-28 15:02:31", 
    "error_message": null, 
    "error_reason": null, 
    "job_id": "86ce6ed3-20aa-44b6-ac3e-cdd96ac30add", 
    "state": "DONE", 
    "statement_type": "MERGE", 
    "user_email": "etl-sa@msklad-bi-prod.iam.gserviceaccount.com"
  }, 
  {
    "creation_time": "2026-07-28 16:02:21", 
    "end_time": "2026-07-28 16:02:23", 
    "error_message": null, 
    "error_reason": null, 
    "job_id": "b1224991-0090-407e-bbea-6d3bdf732d83", 
    "state": "DONE", 
    "statement_type": "MERGE", 
    "user_email": "etl-sa@msklad-bi-prod.iam.gserviceaccount.com"
  }, 
  {
    "creation_time": "2026-07-28 17:02:18", 
    "end_time": "2026-07-28 17:02:20", 
    "error_message": null, 
    "error_reason": null, 
    "job_id": "2d48de46-d57a-434d-955b-ef96f3794920", 
    "state": "DONE", 
    "statement_type": "MERGE", 
    "user_email": "etl-sa@msklad-bi-prod.iam.gserviceaccount.com"
  }, 
  {
    "creation_time": "2026-07-28 18:02:24", 
    "end_time": "2026-07-28 18:02:25", 
    "error_message": null, 
    "error_reason": null, 
    "job_id": "d80a44d0-935d-492f-85e5-7fc7520fa198", 
    "state": "DONE", 
    "statement_type": "MERGE", 
    "user_email": "etl-sa@msklad-bi-prod.iam.gserviceaccount.com"
  }, 
  {
    "creation_time": "2026-07-28 19:02:32", 
    "end_time": "2026-07-28 19:02:33", 
    "error_message": null, 
    "error_reason": null, 
    "job_id": "0814e822-631b-42ea-b2f0-348a6794c695", 
    "state": "DONE", 
    "statement_type": "MERGE", 
    "user_email": "etl-sa@msklad-bi-prod.iam.gserviceaccount.com"
  }, 
  {
    "creation_time": "2026-07-28 21:02:17", 
    "end_time": "2026-07-28 21:02:18", 
    "error_message": null, 
    "error_reason": null, 
    "job_id": "17214817-1791-4464-8f16-f3412deffe0a", 
    "state": "DONE", 
    "statement_type": "MERGE", 
    "user_email": "etl-sa@msklad-bi-prod.iam.gserviceaccount.com"
  }, 
  {
    "creation_time": "2026-07-28 22:02:16", 
    "end_time": "2026-07-28 22:02:18", 
    "error_message": null, 
    "error_reason": null, 
    "job_id": "6a5d639e-928e-4669-95c3-ae9591b114a7", 
    "state": "DONE", 
    "statement_type": "MERGE", 
    "user_email": "etl-sa@msklad-bi-prod.iam.gserviceaccount.com"
  }, 
  {
    "creation_time": "2026-07-28 23:02:13", 
    "end_time": "2026-07-28 23:02:15", 
    "error_message": null, 
    "error_reason": null, 
    "job_id": "d475d1ec-df2b-4b90-8972-2b780a67f8fc", 
    "state": "DONE", 
    "statement_type": "MERGE", 
    "user_email": "etl-sa@msklad-bi-prod.iam.gserviceaccount.com"
  }, 
  {
    "creation_time": "2026-07-29 00:02:04", 
    "end_time": "2026-07-29 00:02:05", 
    "error_message": null, 
    "error_reason": null, 
    "job_id": "d812b3b6-d0b5-4970-bfc1-3b37a425c37c", 
    "state": "DONE", 
    "statement_type": "MERGE", 
    "user_email": "etl-sa@msklad-bi-prod.iam.gserviceaccount.com"
  }, 
  {
    "creation_time": "2026-07-29 01:02:16", 
    "end_time": "2026-07-29 01:02:18", 
    "error_message": null, 
    "error_reason": null, 
    "job_id": "e971d7a2-e96a-4a74-8996-7b9acbad9c07", 
    "state": "DONE", 
    "statement_type": "MERGE", 
    "user_email": "etl-sa@msklad-bi-prod.iam.gserviceaccount.com"
  }, 
  {
    "creation_time": "2026-07-29 02:01:52", 
    "end_time": "2026-07-29 02:01:54", 
    "error_message": null, 
    "error_reason": null, 
    "job_id": "9f1e6bb7-4ec9-4729-93d9-f9858a06915e", 
    "state": "DONE", 
    "statement_type": "MERGE", 
    "user_email": "etl-sa@msklad-bi-prod.iam.gserviceaccount.com"
  }, 
  {
    "creation_time": "2026-07-29 03:02:07", 
    "end_time": "2026-07-29 03:02:08", 
    "error_message": null, 
    "error_reason": null, 
    "job_id": "033f5664-df77-4b3d-a48e-4dd1bb1845bf", 
    "state": "DONE", 
    "statement_type": "MERGE", 
    "user_email": "etl-sa@msklad-bi-prod.iam.gserviceaccount.com"
  }, 
  {
    "creation_time": "2026-07-29 04:02:04", 
    "end_time": "2026-07-29 04:02:05", 
    "error_message": null, 
    "error_reason": null, 
    "job_id": "1600128d-0775-4266-ba9e-544af4b0b038", 
    "state": "DONE", 
    "statement_type": "MERGE", 
    "user_email": "etl-sa@msklad-bi-prod.iam.gserviceaccount.com"
  }, 
  {
    "creation_time": "2026-07-30 11:02:18", 
    "end_time": "2026-07-30 11:02:20", 
    "error_message": null, 
    "error_reason": null, 
    "job_id": "9faaddae-947d-4319-ad8f-1bc9e570deac", 
    "state": "DONE", 
    "statement_type": "MERGE", 
    "user_email": "etl-sa@msklad-bi-prod.iam.gserviceaccount.com"
  }, 
  {
    "creation_time": "2026-07-30 12:02:31", 
    "end_time": "2026-07-30 12:02:33", 
    "error_message": null, 
    "error_reason": null, 
    "job_id": "fc50bed8-7157-411d-9257-2c5920ffd740", 
    "state": "DONE", 
    "statement_type": "MERGE", 
    "user_email": "etl-sa@msklad-bi-prod.iam.gserviceaccount.com"
  }, 
  {
    "creation_time": "2026-07-30 13:02:27", 
    "end_time": "2026-07-30 13:02:29", 
    "error_message": null, 
    "error_reason": null, 
    "job_id": "7dc441ad-d95d-4266-a8a2-8f6bcf812efc", 
    "state": "DONE", 
    "statement_type": "MERGE", 
    "user_email": "etl-sa@msklad-bi-prod.iam.gserviceaccount.com"
  }, 
  {
    "creation_time": "2026-07-30 14:02:34", 
    "end_time": "2026-07-30 14:02:35", 
    "error_message": null, 
    "error_reason": null, 
    "job_id": "2f45f54b-c283-4a48-9079-815797a626ee", 
    "state": "DONE", 
    "statement_type": "MERGE", 
    "user_email": "etl-sa@msklad-bi-prod.iam.gserviceaccount.com"
  }, 
  {
    "creation_time": "2026-07-30 15:02:12", 
    "end_time": "2026-07-30 15:02:14", 
    "error_message": null, 
    "error_reason": null, 
    "job_id": "c004476d-f29c-41b9-b440-7acc301f170f", 
    "state": "DONE", 
    "statement_type": "MERGE", 
    "user_email": "etl-sa@msklad-bi-prod.iam.gserviceaccount.com"
  }, 
  {
    "creation_time": "2026-07-30 16:02:22", 
    "end_time": "2026-07-30 16:02:24", 
    "error_message": null, 
    "error_reason": null, 
    "job_id": "43ee3549-3b22-4eb7-9908-d4aa639dfe4a", 
    "state": "DONE", 
    "statement_type": "MERGE", 
    "user_email": "etl-sa@msklad-bi-prod.iam.gserviceaccount.com"
  }, 
  {
    "creation_time": "2026-07-30 17:02:20", 
    "end_time": "2026-07-30 17:02:21", 
    "error_message": null, 
    "error_reason": null, 
    "job_id": "55da9c28-b579-48e5-86c1-cc3266ed4790", 
    "state": "DONE", 
    "statement_type": "MERGE", 
    "user_email": "etl-sa@msklad-bi-prod.iam.gserviceaccount.com"
  }, 
  {
    "creation_time": "2026-07-30 18:02:16", 
    "end_time": "2026-07-30 18:02:19", 
    "error_message": null, 
    "error_reason": null, 
    "job_id": "952d08f5-836e-47a8-af1f-bf80c0acc2a4", 
    "state": "DONE", 
    "statement_type": "MERGE", 
    "user_email": "etl-sa@msklad-bi-prod.iam.gserviceaccount.com"
  }, 
  {
    "creation_time": "2026-07-30 19:01:53", 
    "end_time": "2026-07-30 19:01:55", 
    "error_message": null, 
    "error_reason": null, 
    "job_id": "234c59e5-a706-4823-9541-d716bd1b9dc7", 
    "state": "DONE", 
    "statement_type": "MERGE", 
    "user_email": "etl-sa@msklad-bi-prod.iam.gserviceaccount.com"
  }, 
  {
    "creation_time": "2026-07-30 20:02:04", 
    "end_time": "2026-07-30 20:02:05", 
    "error_message": null, 
    "error_reason": null, 
    "job_id": "e72abd56-8f5c-487d-b990-f5f5f4e214cb", 
    "state": "DONE", 
    "statement_type": "MERGE", 
    "user_email": "etl-sa@msklad-bi-prod.iam.gserviceaccount.com"
  }, 
  {
    "creation_time": "2026-07-30 21:02:00", 
    "end_time": "2026-07-30 21:02:01", 
    "error_message": null, 
    "error_reason": null, 
    "job_id": "2631888e-8d69-4d54-83ce-c4302c53d028", 
    "state": "DONE", 
    "statement_type": "MERGE", 
    "user_email": "etl-sa@msklad-bi-prod.iam.gserviceaccount.com"
  }, 
  {
    "creation_time": "2026-07-30 22:02:07", 
    "end_time": "2026-07-30 22:02:09", 
    "error_message": null, 
    "error_reason": null, 
    "job_id": "5e1711a6-664c-473f-8794-56357277ed99", 
    "state": "DONE", 
    "statement_type": "MERGE", 
    "user_email": "etl-sa@msklad-bi-prod.iam.gserviceaccount.com"
  }, 
  {
    "creation_time": "2026-07-30 23:02:19", 
    "end_time": "2026-07-30 23:02:20", 
    "error_message": null, 
    "error_reason": null, 
    "job_id": "ace6fc41-49a9-4787-9081-dc28a4ce4166", 
    "state": "DONE", 
    "statement_type": "MERGE", 
    "user_email": "etl-sa@msklad-bi-prod.iam.gserviceaccount.com"
  }, 
  {
    "creation_time": "2026-07-31 00:02:12", 
    "end_time": "2026-07-31 00:02:14", 
    "error_message": null, 
    "error_reason": null, 
    "job_id": "e0513139-ffa4-43a1-bbc6-d655cac8aa43", 
    "state": "DONE", 
    "statement_type": "MERGE", 
    "user_email": "etl-sa@msklad-bi-prod.iam.gserviceaccount.com"
  }, 
  {
    "creation_time": "2026-07-31 01:02:07", 
    "end_time": "2026-07-31 01:02:08", 
    "error_message": null, 
    "error_reason": null, 
    "job_id": "16b300fc-92ee-42e9-88df-7bb270377968", 
    "state": "DONE", 
    "statement_type": "MERGE", 
    "user_email": "etl-sa@msklad-bi-prod.iam.gserviceaccount.com"
  }, 
  {
    "creation_time": "2026-07-31 02:02:20", 
    "end_time": "2026-07-31 02:02:22", 
    "error_message": null, 
    "error_reason": null, 
    "job_id": "79a86733-13b6-4eaf-95bf-37c0f1c15b8b", 
    "state": "DONE", 
    "statement_type": "MERGE", 
    "user_email": "etl-sa@msklad-bi-prod.iam.gserviceaccount.com"
  }, 
  {
    "creation_time": "2026-07-31 03:02:12", 
    "end_time": "2026-07-31 03:02:14", 
    "error_message": null, 
    "error_reason": null, 
    "job_id": "11ce11ae-5a8e-47b6-a48a-9daf3a60b507", 
    "state": "DONE", 
    "statement_type": "MERGE", 
    "user_email": "etl-sa@msklad-bi-prod.iam.gserviceaccount.com"
  }, 
  {
    "creation_time": "2026-07-31 04:02:01", 
    "end_time": "2026-07-31 04:02:02", 
    "error_message": null, 
    "error_reason": null, 
    "job_id": "eedcb377-3ec5-44e6-947d-017d9211f79c", 
    "state": "DONE", 
    "statement_type": "MERGE", 
    "user_email": "etl-sa@msklad-bi-prod.iam.gserviceaccount.com"
  }, 
  {
    "creation_time": "2026-07-31 05:02:11", 
    "end_time": "2026-07-31 05:02:12", 
    "error_message": null, 
    "error_reason": null, 
    "job_id": "84396b7d-1ad0-44b3-a767-4f3e8a4e434a", 
    "state": "DONE", 
    "statement_type": "MERGE", 
    "user_email": "etl-sa@msklad-bi-prod.iam.gserviceaccount.com"
  }, 
  {
    "creation_time": "2026-07-31 06:02:06", 
    "end_time": "2026-07-31 06:02:07", 
    "error_message": null, 
    "error_reason": null, 
    "job_id": "a82dfa06-e897-4325-80a6-db4609348fbd", 
    "state": "DONE", 
    "statement_type": "MERGE", 
    "user_email": "etl-sa@msklad-bi-prod.iam.gserviceaccount.com"
  }, 
  {
    "creation_time": "2026-07-31 07:02:23", 
    "end_time": "2026-07-31 07:02:24", 
    "error_message": null, 
    "error_reason": null, 
    "job_id": "a1113498-973b-4bd9-9ea3-7ca2b303d72c", 
    "state": "DONE", 
    "statement_type": "MERGE", 
    "user_email": "etl-sa@msklad-bi-prod.iam.gserviceaccount.com"
  }, 
  {
    "creation_time": "2026-07-31 08:02:33", 
    "end_time": "2026-07-31 08:02:34", 
    "error_message": null, 
    "error_reason": null, 
    "job_id": "8f0a0c6a-ec2e-41e6-829f-5e7ab4905e4d", 
    "state": "DONE", 
    "statement_type": "MERGE", 
    "user_email": "etl-sa@msklad-bi-prod.iam.gserviceaccount.com"
  }, 
  {
    "creation_time": "2026-07-31 09:02:51", 
    "end_time": "2026-07-31 09:02:52", 
    "error_message": null, 
    "error_reason": null, 
    "job_id": "686ebdf8-9949-49e7-8976-4dd0f387a8d3", 
    "state": "DONE", 
    "statement_type": "MERGE", 
    "user_email": "etl-sa@msklad-bi-prod.iam.gserviceaccount.com"
  }, 
  {
    "creation_time": "2026-07-31 10:02:26", 
    "end_time": "2026-07-31 10:02:29", 
    "error_message": null, 
    "error_reason": null, 
    "job_id": "4cf59e53-1ed7-4d42-b38f-78f76f18bdaa", 
    "state": "DONE", 
    "statement_type": "MERGE", 
    "user_email": "etl-sa@msklad-bi-prod.iam.gserviceaccount.com"
  }, 
  {
    "creation_time": "2026-07-31 11:02:19", 
    "end_time": "2026-07-31 11:02:20", 
    "error_message": null, 
    "error_reason": null, 
    "job_id": "5514c7c6-c0c1-477e-8b1c-d7874635296e", 
    "state": "DONE", 
    "statement_type": "MERGE", 
    "user_email": "etl-sa@msklad-bi-prod.iam.gserviceaccount.com"
  }, 
  {
    "creation_time": "2026-07-31 12:02:44", 
    "end_time": "2026-07-31 12:02:45", 
    "error_message": null, 
    "error_reason": null, 
    "job_id": "2ad75109-89c8-423e-8e63-897178177211", 
    "state": "DONE", 
    "statement_type": "MERGE", 
    "user_email": "etl-sa@msklad-bi-prod.iam.gserviceaccount.com"
  }, 
  {
    "creation_time": "2026-07-31 13:02:37", 
    "end_time": "2026-07-31 13:02:38", 
    "error_message": null, 
    "error_reason": null, 
    "job_id": "e95bdd01-95d6-406c-a697-920650a69a72", 
    "state": "DONE", 
    "statement_type": "MERGE", 
    "user_email": "etl-sa@msklad-bi-prod.iam.gserviceaccount.com"
  }, 
  {
    "creation_time": "2026-07-31 14:02:24", 
    "end_time": "2026-07-31 14:02:26", 
    "error_message": null, 
    "error_reason": null, 
    "job_id": "9111063c-93ef-4b5b-84c1-0ee816700ccb", 
    "state": "DONE", 
    "statement_type": "MERGE", 
    "user_email": "etl-sa@msklad-bi-prod.iam.gserviceaccount.com"
  }, 
  {
    "creation_time": "2026-07-31 15:02:37", 
    "end_time": "2026-07-31 15:02:39", 
    "error_message": null, 
    "error_reason": null, 
    "job_id": "f6b756cc-09c7-4d59-8954-8955a7f56a18", 
    "state": "DONE", 
    "statement_type": "MERGE", 
    "user_email": "etl-sa@msklad-bi-prod.iam.gserviceaccount.com"
  }, 
  {
    "creation_time": "2026-07-31 16:02:30", 
    "end_time": "2026-07-31 16:02:31", 
    "error_message": null, 
    "error_reason": null, 
    "job_id": "533d88cd-cf4c-4c76-89d0-b0e2e7114c3b", 
    "state": "DONE", 
    "statement_type": "MERGE", 
    "user_email": "etl-sa@msklad-bi-prod.iam.gserviceaccount.com"
  }, 
  {
    "creation_time": "2026-07-31 17:02:23", 
    "end_time": "2026-07-31 17:02:25", 
    "error_message": null, 
    "error_reason": null, 
    "job_id": "f7ac6041-1e87-4dd4-ac6d-722cdb591e3d", 
    "state": "DONE", 
    "statement_type": "MERGE", 
    "user_email": "etl-sa@msklad-bi-prod.iam.gserviceaccount.com"
  }, 
  {
    "creation_time": "2026-07-31 18:02:17", 
    "end_time": "2026-07-31 18:02:18", 
    "error_message": null, 
    "error_reason": null, 
    "job_id": "d8ff8772-e1d3-4b8c-9744-717a62c85bf1", 
    "state": "DONE", 
    "statement_type": "MERGE", 
    "user_email": "etl-sa@msklad-bi-prod.iam.gserviceaccount.com"
  }, 
  {
    "creation_time": "2026-07-31 19:02:16", 
    "end_time": "2026-07-31 19:02:17", 
    "error_message": null, 
    "error_reason": null, 
    "job_id": "42b14179-79d7-44e6-9272-87efc55d5cb6", 
    "state": "DONE", 
    "statement_type": "MERGE", 
    "user_email": "etl-sa@msklad-bi-prod.iam.gserviceaccount.com"
  }, 
  {
    "creation_time": "2026-07-31 20:02:17", 
    "end_time": "2026-07-31 20:02:18", 
    "error_message": null, 
    "error_reason": null, 
    "job_id": "bce2d5b0-a6b8-4364-891b-6cb90ca5bc13", 
    "state": "DONE", 
    "statement_type": "MERGE", 
    "user_email": "etl-sa@msklad-bi-prod.iam.gserviceaccount.com"
  }, 
  {
    "creation_time": "2026-07-31 21:02:28", 
    "end_time": "2026-07-31 21:02:29", 
    "error_message": null, 
    "error_reason": null, 
    "job_id": "92f7f5a5-5901-4d2e-9a32-6d9d56937fbc", 
    "state": "DONE", 
    "statement_type": "MERGE", 
    "user_email": "etl-sa@msklad-bi-prod.iam.gserviceaccount.com"
  }, 
  {
    "creation_time": "2026-07-31 22:02:00", 
    "end_time": "2026-07-31 22:02:01", 
    "error_message": null, 
    "error_reason": null, 
    "job_id": "55ca537f-e9e8-48de-9ba9-ca5fbccf1fd6", 
    "state": "DONE", 
    "statement_type": "MERGE", 
    "user_email": "etl-sa@msklad-bi-prod.iam.gserviceaccount.com"
  }, 
  {
    "creation_time": "2026-07-31 23:02:12", 
    "end_time": "2026-07-31 23:02:14", 
    "error_message": null, 
    "error_reason": null, 
    "job_id": "b6eaef1b-388e-4a8e-aba7-2d904a222847", 
    "state": "DONE", 
    "statement_type": "MERGE", 
    "user_email": "etl-sa@msklad-bi-prod.iam.gserviceaccount.com"
  }, 
  {
    "creation_time": "2026-08-01 00:02:00", 
    "end_time": "2026-08-01 00:02:01", 
    "error_message": null, 
    "error_reason": null, 
    "job_id": "3e07af46-d057-4c46-b24d-f43be7cca9a9", 
    "state": "DONE", 
    "statement_type": "MERGE", 
    "user_email": "etl-sa@msklad-bi-prod.iam.gserviceaccount.com"
  }, 
  {
    "creation_time": "2026-08-01 01:02:18", 
    "end_time": "2026-08-01 01:02:19", 
    "error_message": null, 
    "error_reason": null, 
    "job_id": "fbca02a9-8a91-4b0b-bbf9-f37b47499611", 
    "state": "DONE", 
    "statement_type": "MERGE", 
    "user_email": "etl-sa@msklad-bi-prod.iam.gserviceaccount.com"
  }, 
  {
    "creation_time": "2026-08-01 02:02:02", 
    "end_time": "2026-08-01 02:02:04", 
    "error_message": null, 
    "error_reason": null, 
    "job_id": "8b9080c8-7215-490e-bc39-5509402d9505", 
    "state": "DONE", 
    "statement_type": "MERGE", 
    "user_email": "etl-sa@msklad-bi-prod.iam.gserviceaccount.com"
  }, 
  {
    "creation_time": "2026-08-01 03:02:15", 
    "end_time": "2026-08-01 03:02:17", 
    "error_message": null, 
    "error_reason": null, 
    "job_id": "3cae7eda-ae46-40ba-80a2-0d897fc1f72e", 
    "state": "DONE", 
    "statement_type": "MERGE", 
    "user_email": "etl-sa@msklad-bi-prod.iam.gserviceaccount.com"
  }, 
  {
    "creation_time": "2026-08-01 04:02:00", 
    "end_time": "2026-08-01 04:02:01", 
    "error_message": null, 
    "error_reason": null, 
    "job_id": "05a76f80-907a-4cfe-b3b7-706d1a5ac53a", 
    "state": "DONE", 
    "statement_type": "MERGE", 
    "user_email": "etl-sa@msklad-bi-prod.iam.gserviceaccount.com"
  }, 
  {
    "creation_time": "2026-08-01 05:02:08", 
    "end_time": "2026-08-01 05:02:10", 
    "error_message": null, 
    "error_reason": null, 
    "job_id": "f9a5274e-ba49-4cb3-8b4f-ff74fb94e37c", 
    "state": "DONE", 
    "statement_type": "MERGE", 
    "user_email": "etl-sa@msklad-bi-prod.iam.gserviceaccount.com"
  }, 
  {
    "creation_time": "2026-08-01 06:02:07", 
    "end_time": "2026-08-01 06:02:08", 
    "error_message": null, 
    "error_reason": null, 
    "job_id": "1b14c053-dab8-4cf4-ab8b-a99d0c7a4c6c", 
    "state": "DONE", 
    "statement_type": "MERGE", 
    "user_email": "etl-sa@msklad-bi-prod.iam.gserviceaccount.com"
  }, 
  {
    "creation_time": "2026-08-01 07:02:10", 
    "end_time": "2026-08-01 07:02:11", 
    "error_message": null, 
    "error_reason": null, 
    "job_id": "26eb055c-93c0-4b8b-af14-58e074eebe59", 
    "state": "DONE", 
    "statement_type": "MERGE", 
    "user_email": "etl-sa@msklad-bi-prod.iam.gserviceaccount.com"
  }, 
  {
    "creation_time": "2026-08-01 08:02:25", 
    "end_time": "2026-08-01 08:02:27", 
    "error_message": null, 
    "error_reason": null, 
    "job_id": "4a9acd7c-bf64-42bd-b644-371cb22ba3fc", 
    "state": "DONE", 
    "statement_type": "MERGE", 
    "user_email": "etl-sa@msklad-bi-prod.iam.gserviceaccount.com"
  }, 
  {
    "creation_time": "2026-08-01 09:02:32", 
    "end_time": "2026-08-01 09:02:34", 
    "error_message": null, 
    "error_reason": null, 
    "job_id": "10e2d55f-6b5a-4582-be6b-d834e2b615b1", 
    "state": "DONE", 
    "statement_type": "MERGE", 
    "user_email": "etl-sa@msklad-bi-prod.iam.gserviceaccount.com"
  }, 
  {
    "creation_time": "2026-08-01 10:02:10", 
    "end_time": "2026-08-01 10:02:12", 
    "error_message": null, 
    "error_reason": null, 
    "job_id": "ae45eda4-9969-43f6-afe4-f0d1564afb2c", 
    "state": "DONE", 
    "statement_type": "MERGE", 
    "user_email": "etl-sa@msklad-bi-prod.iam.gserviceaccount.com"
  }, 
  {
    "creation_time": "2026-08-01 11:02:28", 
    "end_time": "2026-08-01 11:02:30", 
    "error_message": null, 
    "error_reason": null, 
    "job_id": "350be841-18e5-4f8f-a8e5-289628f386f4", 
    "state": "DONE", 
    "statement_type": "MERGE", 
    "user_email": "etl-sa@msklad-bi-prod.iam.gserviceaccount.com"
  }, 
  {
    "creation_time": "2026-08-01 12:02:13", 
    "end_time": "2026-08-01 12:02:14", 
    "error_message": null, 
    "error_reason": null, 
    "job_id": "83709ebc-9ddf-43d6-9b21-6c9adb517df1", 
    "state": "DONE", 
    "statement_type": "MERGE", 
    "user_email": "etl-sa@msklad-bi-prod.iam.gserviceaccount.com"
  }, 
  {
    "creation_time": "2026-08-01 13:03:40", 
    "end_time": "2026-08-01 13:03:41", 
    "error_message": null, 
    "error_reason": null, 
    "job_id": "fb40a77e-6ce6-4efc-9c09-1d5b5fd39c7d", 
    "state": "DONE", 
    "statement_type": "MERGE", 
    "user_email": "etl-sa@msklad-bi-prod.iam.gserviceaccount.com"
  }, 
  {
    "creation_time": "2026-08-01 14:02:13", 
    "end_time": "2026-08-01 14:02:15", 
    "error_message": null, 
    "error_reason": null, 
    "job_id": "7816a01f-01b1-4c23-9685-328a69a32bb9", 
    "state": "DONE", 
    "statement_type": "MERGE", 
    "user_email": "etl-sa@msklad-bi-prod.iam.gserviceaccount.com"
  }, 
  {
    "creation_time": "2026-08-01 15:02:08", 
    "end_time": "2026-08-01 15:02:10", 
    "error_message": null, 
    "error_reason": null, 
    "job_id": "8e2faeb5-3a6b-48c2-994c-091b7d035010", 
    "state": "DONE", 
    "statement_type": "MERGE", 
    "user_email": "etl-sa@msklad-bi-prod.iam.gserviceaccount.com"
  }, 
  {
    "creation_time": "2026-08-01 16:02:17", 
    "end_time": "2026-08-01 16:02:18", 
    "error_message": null, 
    "error_reason": null, 
    "job_id": "eaeaf6df-fea0-43c8-9830-3cf266012f4a", 
    "state": "DONE", 
    "statement_type": "MERGE", 
    "user_email": "etl-sa@msklad-bi-prod.iam.gserviceaccount.com"
  }, 
  {
    "creation_time": "2026-08-01 17:02:14", 
    "end_time": "2026-08-01 17:02:15", 
    "error_message": null, 
    "error_reason": null, 
    "job_id": "d849b7a2-c01c-4b55-b687-108444a3831a", 
    "state": "DONE", 
    "statement_type": "MERGE", 
    "user_email": "etl-sa@msklad-bi-prod.iam.gserviceaccount.com"
  }
]
=== Независимый COUNT(*) заданий с целью core.fact_sales_profit за то же окно (проверка, что prettyjson не обрезал молча) ===
[
  {
    "job_count": "369"
  }
]
=== region-us вариант того же запроса (журнал заданий смотреть в обоих регионах) ===
[]
=== date -u (end) ===
Sun Aug  2 19:37:29 UTC 2026
=== gcloud auth list (end) ===
     Credentialed Accounts
ACTIVE  ACCOUNT
*       ilyasbazarov4@gmail.com

To set the active account, run:
    $ gcloud config set account `ACCOUNT`

